image,roi,item_id,count
credit_trade/1.png,"[70,95,1140,415]",item_expcard_stage2_low,1
credit_trade/1.png,"[70,95,1140,415]",item_weapon_break_low,1
credit_trade/1.png,"[70,95,1140,415]",item_weapon_expcard_mid,1
credit_trade/10.png,"[70,95,1140,415]",item_char_skill_level_1_6,1
credit_trade/10.png,"[70,95,1140,415]",item_char_skill_level_7_12,1
credit_trade/10.png,"[70,95,1140,415]",item_expcard_stage1_low,1
credit_trade/10.png,"[70,95,1140,415]",item_expcard_stage2_low,1
credit_trade/10.png,"[70,95,1140,415]",item_gold,5
credit_trade/11.png,"[70,95,1140,415]",item_char_skill_level_1_6,1
credit_trade/11.png,"[70,95,1140,415]",item_char_skill_level_7_12,1
credit_trade/11.png,"[70,95,1140,415]",item_expcard_stage2_low,2
credit_trade/11.png,"[70,95,1140,415]",item_gachabyproducts_weapongold,1
credit_trade/11.png,"[70,95,1140,415]",item_gold,3
credit_trade/11.png,"[70,95,1140,415]",item_weapon_break_low,1
credit_trade/11.png,"[70,95,1140,415]",item_weapon_expcard_mid,1
credit_trade/12.png,"[70,95,1140,415]",item_char_skill_level_1_6,1
credit_trade/12.png,"[70,95,1140,415]",item_char_skill_level_7_12,1
credit_trade/12.png,"[70,95,1140,415]",item_expcard_stage2_low,2
credit_trade/12.png,"[70,95,1140,415]",item_gold,3
credit_trade/12.png,"[70,95,1140,415]",item_weapon_break_low,1
credit_trade/12.png,"[70,95,1140,415]",item_weapon_expcard_mid,1
credit_trade/13.png,"[70,95,1140,415]",item_char_skill_level_1_6,4
credit_trade/13.png,"[70,95,1140,415]",item_char_skill_level_7_12,3
credit_trade/13.png,"[70,95,1140,415]",item_diamond,1
credit_trade/13.png,"[70,95,1140,415]",item_gold,2
credit_trade/14.png,"[70,95,1140,415]",item_char_skill_level_1_6,4
credit_trade/14.png,"[70,95,1140,415]",item_char_skill_level_7_12,3
credit_trade/14.png,"[70,95,1140,415]",item_gold,2
credit_trade/2.png,"[70,95,1140,415]",item_char_skill_level_7_12,2
credit_trade/2.png,"[70,95,1140,415]",item_diamond,1
credit_trade/2.png,"[70,95,1140,415]",item_expcard_stage1_mid,1
credit_trade/2.png,"[70,95,1140,415]",item_expcard_stage2_low,1
credit_trade/2.png,"[70,95,1140,415]",item_gold,3
credit_trade/2.png,"[70,95,1140,415]",item_weapon_expcard_low,1
credit_trade/2.png,"[70,95,1140,415]",item_weapon_expcard_mid,1
credit_trade/3.png,"[70,95,1140,415]",item_char_break_stage_3_4,1
credit_trade/3.png,"[70,95,1140,415]",item_char_skill_level_7_12,1
credit_trade/3.png,"[70,95,1140,415]",item_gachabyproducts_weapongold,1
credit_trade/3.png,"[70,95,1140,415]",item_gold,6
credit_trade/3.png,"[70,95,1140,415]",item_weapon_break_low,1
credit_trade/4.png,"[70,95,1140,415]",item_char_break_stage_1_2,1
credit_trade/4.png,"[70,95,1140,415]",item_char_skill_level_1_6,1
credit_trade/4.png,"[70,95,1140,415]",item_char_skill_level_7_12,2
credit_trade/4.png,"[70,95,1140,415]",item_expcard_stage1_mid,1
credit_trade/4.png,"[70,95,1140,415]",item_gold,4
credit_trade/4.png,"[70,95,1140,415]",item_weapon_expcard_mid,1
credit_trade/5.png,"[70,95,1140,415]",item_char_break_stage_3_4,1
credit_trade/5.png,"[70,95,1140,415]",item_char_skill_level_1_6,1
credit_trade/5.png,"[70,95,1140,415]",item_char_skill_level_7_12,1
credit_trade/5.png,"[70,95,1140,415]",item_expcard_stage2_low,2
credit_trade/5.png,"[70,95,1140,415]",item_gachabyproducts_weapongold,1
credit_trade/5.png,"[70,95,1140,415]",item_gold,3
credit_trade/5.png,"[70,95,1140,415]",item_weapon_expcard_mid,1
credit_trade/6.png,"[70,95,1140,415]",item_char_break_stage_3_4,1
credit_trade/6.png,"[70,95,1140,415]",item_char_skill_level_1_6,1
credit_trade/6.png,"[70,95,1140,415]",item_char_skill_level_7_12,1
credit_trade/6.png,"[70,95,1140,415]",item_expcard_stage2_low,2
credit_trade/6.png,"[70,95,1140,415]",item_gold,3
credit_trade/6.png,"[70,95,1140,415]",item_weapon_expcard_mid,1
credit_trade/7.png,"[70,95,1140,415]",item_char_skill_level_7_12,1
credit_trade/7.png,"[70,95,1140,415]",item_diamond,1
credit_trade/7.png,"[70,95,1140,415]",item_expcard_stage1_mid,1
credit_trade/7.png,"[70,95,1140,415]",item_expcard_stage2_low,1
credit_trade/7.png,"[70,95,1140,415]",item_gold,5
credit_trade/7.png,"[70,95,1140,415]",item_weapon_expcard_low,1
credit_trade/8.png,"[70,95,1140,415]",item_char_skill_level_1_6,2
credit_trade/8.png,"[70,95,1140,415]",item_diamond,1
credit_trade/8.png,"[70,95,1140,415]",item_expcard_stage1_mid,1
credit_trade/8.png,"[70,95,1140,415]",item_expcard_stage2_low,3
credit_trade/8.png,"[70,95,1140,415]",item_gold,1
credit_trade/8.png,"[70,95,1140,415]",item_weapon_expcard_mid,2
credit_trade/9.png,"[70,95,1140,415]",item_char_skill_level_1_6,1
credit_trade/9.png,"[70,95,1140,415]",item_char_skill_level_7_12,1
credit_trade/9.png,"[70,95,1140,415]",item_diamond,1
credit_trade/9.png,"[70,95,1140,415]",item_expcard_stage1_low,1
credit_trade/9.png,"[70,95,1140,415]",item_expcard_stage2_low,1
credit_trade/9.png,"[70,95,1140,415]",item_gold,5
port_storager/1.png,"[190,250,880,350]",item_bottled_grass2spc_2,1
port_storager/1.png,"[190,250,880,350]",item_bottled_insec1_2,1
port_storager/1.png,"[190,250,880,350]",item_device_balloon_recycle_3,1
port_storager/1.png,"[190,250,880,350]",item_device_xiranite_nexus_3,1
port_storager/1.png,"[190,250,880,350]",item_drop_klbuds_1,1
port_storager/1.png,"[190,250,880,350]",item_drop_klcaps_1,1
port_storager/1.png,"[190,250,880,350]",item_drop_klcreatures_1,1
port_storager/1.png,"[190,250,880,350]",item_equip_script_4_2,1
port_storager/1.png,"[190,250,880,350]",item_equip_script_4_3,1
port_storager/1.png,"[190,250,880,350]",item_fbottle_iron_water,3
port_storager/1.png,"[190,250,880,350]",item_hscrane_1_hsmob_1_grass_1_1,1
port_storager/1.png,"[190,250,880,350]",item_iron_bottle,1
port_storager/1.png,"[190,250,880,350]",item_plant_crylplant_1_1,1
port_storager/1.png,"[190,250,880,350]",item_plant_crylplant_1_2,1
port_storager/1.png,"[190,250,880,350]",item_plant_crylplant_1_3,1
port_storager/1.png,"[190,250,880,350]",item_plant_crylplant_2_1,1
port_storager/1.png,"[190,250,880,350]",item_plant_crylplant_2_2,1
port_storager/1.png,"[190,250,880,350]",item_plant_crylplant_2_3,1
port_storager/1.png,"[190,250,880,350]",item_plant_mushroom_1_1,1
port_storager/1.png,"[190,250,880,350]",item_plant_mushroom_1_2,1
port_storager/1.png,"[190,250,880,350]",item_plant_mushroom_1_3,1
port_storager/1.png,"[190,250,880,350]",item_plant_mushroom_2_1,1
port_storager/1.png,"[190,250,880,350]",item_plant_mushroom_2_2,1
port_storager/1.png,"[190,250,880,350]",item_plant_mushroom_2_3,1
port_storager/1.png,"[190,250,880,350]",item_plant_spcstone_1_1,1
port_storager/1.png,"[190,250,880,350]",item_plant_spcstone_1_2,1
port_storager/1.png,"[190,250,880,350]",item_plant_spcstone_1_3,1
port_storager/1.png,"[190,250,880,350]",item_plant_spcstone_2_1,1
port_storager/1.png,"[190,250,880,350]",item_plant_spcstone_2_2,1
port_storager/1.png,"[190,250,880,350]",item_plant_spcstone_2_3,1
port_storager/1.png,"[190,250,880,350]",item_port_power_diffuser_1,1
port_storager/1.png,"[190,250,880,350]",item_port_power_diffuser_2,1
port_storager/1.png,"[190,250,880,350]",item_port_power_pole_2,1
port_storager/1.png,"[190,250,880,350]",item_port_power_pole_3,1
port_storager/1.png,"[190,250,880,350]",item_port_travel_pole_2,1
port_storager/1.png,"[190,250,880,350]",item_proc_bomb_1,1
port_storager/1.png,"[190,250,880,350]",item_spaceship_cmpt_1,1
port_storager/1.png,"[190,250,880,350]",item_spaceship_cmpt_2,1
port_storager/10.png,"[190,250,880,350]",item_copper_ore,1
port_storager/10.png,"[190,250,880,350]",item_plant_crylplant_1_3,1
port_storager/10.png,"[190,250,880,350]",item_plant_moss_3,2
port_storager/10.png,"[190,250,880,350]",item_plant_mushroom_2_1,1
port_storager/10.png,"[190,250,880,350]",item_plant_spcstone_1_3,1
port_storager/10.png,"[190,250,880,350]",item_plant_spcstone_2_1,1
port_storager/10.png,"[190,250,880,350]",item_plant_tundra_insect_1,1
port_storager/10.png,"[190,250,880,350]",item_port_battle_cannon_1,1
port_storager/10.png,"[190,250,880,350]",item_port_battle_cannon_2,1
port_storager/10.png,"[190,250,880,350]",item_port_battle_debuff_1,1
port_storager/10.png,"[190,250,880,350]",item_port_battle_fog_1,1
port_storager/10.png,"[190,250,880,350]",item_port_battle_frost_1,1
port_storager/10.png,"[190,250,880,350]",item_port_battle_jet_1,1
port_storager/10.png,"[190,250,880,350]",item_port_battle_laser_1,1
port_storager/10.png,"[190,250,880,350]",item_port_battle_laser_2,1
port_storager/10.png,"[190,250,880,350]",item_port_battle_lightning_1,1
port_storager/10.png,"[190,250,880,350]",item_port_battle_medic_1,1
port_storager/10.png,"[190,250,880,350]",item_port_battle_rocket_1,1
port_storager/10.png,"[190,250,880,350]",item_port_battle_sniper_1,1
port_storager/10.png,"[190,250,880,350]",item_port_battle_trap_1,1
port_storager/10.png,"[190,250,880,350]",item_port_battle_turret_1,1
port_storager/10.png,"[190,250,880,350]",item_port_battle_turret_2,1
port_storager/10.png,"[190,250,880,350]",item_port_battle_turret_3,1
port_storager/10.png,"[190,250,880,350]",item_port_soil_grass_2,1
port_storager/10.png,"[190,250,880,350]",item_port_soil_sp_3,1
port_storager/10.png,"[190,250,880,350]",item_port_soil_sp_4,1
port_storager/2.png,"[190,250,880,350]",item_bottled_insec1_2,1
port_storager/2.png,"[190,250,880,350]",item_bottled_rec_hp_5,1
port_storager/2.png,"[190,250,880,350]",item_drop_klbuds_1,1
port_storager/2.png,"[190,250,880,350]",item_drop_klcaps_1,1
port_storager/2.png,"[190,250,880,350]",item_drop_klcreatures_1,1
port_storager/2.png,"[190,250,880,350]",item_equip_script_4_2,1
port_storager/2.png,"[190,250,880,350]",item_equip_script_4_3,1
port_storager/2.png,"[190,250,880,350]",item_fbottle_iron_water,3
port_storager/2.png,"[190,250,880,350]",item_iron_bottle,1
port_storager/2.png,"[190,250,880,350]",item_plant_crylplant_1_1,1
port_storager/2.png,"[190,250,880,350]",item_plant_crylplant_1_2,1
port_storager/2.png,"[190,250,880,350]",item_plant_crylplant_1_3,1
port_storager/2.png,"[190,250,880,350]",item_plant_crylplant_2_1,1
port_storager/2.png,"[190,250,880,350]",item_plant_crylplant_2_2,1
port_storager/2.png,"[190,250,880,350]",item_plant_crylplant_2_3,1
port_storager/2.png,"[190,250,880,350]",item_plant_mushroom_1_1,1
port_storager/2.png,"[190,250,880,350]",item_plant_mushroom_1_2,1
port_storager/2.png,"[190,250,880,350]",item_plant_mushroom_1_3,1
port_storager/2.png,"[190,250,880,350]",item_plant_mushroom_2_1,1
port_storager/2.png,"[190,250,880,350]",item_plant_mushroom_2_2,1
port_storager/2.png,"[190,250,880,350]",item_plant_mushroom_2_3,1
port_storager/2.png,"[190,250,880,350]",item_plant_spcstone_1_1,1
port_storager/2.png,"[190,250,880,350]",item_plant_spcstone_1_2,1
port_storager/2.png,"[190,250,880,350]",item_plant_spcstone_1_3,1
port_storager/2.png,"[190,250,880,350]",item_plant_spcstone_2_1,1
port_storager/2.png,"[190,250,880,350]",item_plant_spcstone_2_2,1
port_storager/2.png,"[190,250,880,350]",item_plant_spcstone_2_3,1
port_storager/2.png,"[190,250,880,350]",item_port_power_diffuser_1,1
port_storager/2.png,"[190,250,880,350]",item_port_power_diffuser_2,1
port_storager/2.png,"[190,250,880,350]",item_port_power_pole_2,1
port_storager/2.png,"[190,250,880,350]",item_port_power_pole_3,1
port_storager/2.png,"[190,250,880,350]",item_port_travel_pole_2,1
port_storager/2.png,"[190,250,880,350]",item_proc_bomb_1,1
port_storager/2.png,"[190,250,880,350]",item_spaceship_cmpt_1,1
port_storager/2.png,"[190,250,880,350]",item_spaceship_cmpt_2,1
port_storager/3.png,"[190,250,880,350]",item_bottled_rec_hp_5,1
port_storager/3.png,"[190,250,880,350]",item_drop_hscrane_1,1
port_storager/3.png,"[190,250,880,350]",item_drop_hsmino_1,1
port_storager/3.png,"[190,250,880,350]",item_drop_hsmob_1,1
port_storager/3.png,"[190,250,880,350]",item_drop_klbuds_1,1
port_storager/3.png,"[190,250,880,350]",item_drop_klcaps_1,1
port_storager/3.png,"[190,250,880,350]",item_drop_klcreatures_1,1
port_storager/3.png,"[190,250,880,350]",item_equip_script_4_2,1
port_storager/3.png,"[190,250,880,350]",item_equip_script_4_3,1
port_storager/3.png,"[190,250,880,350]",item_fbottle_iron_water,2
port_storager/3.png,"[190,250,880,350]",item_iron_bottle,1
port_storager/3.png,"[190,250,880,350]",item_plant_crylplant_1_1,1
port_storager/3.png,"[190,250,880,350]",item_plant_crylplant_1_2,1
port_storager/3.png,"[190,250,880,350]",item_plant_crylplant_1_3,1
port_storager/3.png,"[190,250,880,350]",item_plant_crylplant_2_1,1
port_storager/3.png,"[190,250,880,350]",item_plant_crylplant_2_2,1
port_storager/3.png,"[190,250,880,350]",item_plant_crylplant_2_3,1
port_storager/3.png,"[190,250,880,350]",item_plant_mushroom_1_1,1
port_storager/3.png,"[190,250,880,350]",item_plant_mushroom_1_2,1
port_storager/3.png,"[190,250,880,350]",item_plant_mushroom_1_3,1
port_storager/3.png,"[190,250,880,350]",item_plant_mushroom_2_1,1
port_storager/3.png,"[190,250,880,350]",item_plant_mushroom_2_2,1
port_storager/3.png,"[190,250,880,350]",item_plant_mushroom_2_3,1
port_storager/3.png,"[190,250,880,350]",item_plant_spcstone_1_1,1
port_storager/3.png,"[190,250,880,350]",item_plant_spcstone_1_2,1
port_storager/3.png,"[190,250,880,350]",item_plant_spcstone_1_3,1
port_storager/3.png,"[190,250,880,350]",item_plant_spcstone_2_1,1
port_storager/3.png,"[190,250,880,350]",item_plant_spcstone_2_2,1
port_storager/3.png,"[190,250,880,350]",item_plant_spcstone_2_3,1
port_storager/3.png,"[190,250,880,350]",item_spaceship_cmpt_1,1
port_storager/3.png,"[190,250,880,350]",item_spaceship_cmpt_2,1
port_storager/4.png,"[190,250,880,350]",item_bottled_rec_hp_5,1
port_storager/4.png,"[190,250,880,350]",item_drop_agdisk_1,1
port_storager/4.png,"[190,250,880,350]",item_drop_ethillu_1,1
port_storager/4.png,"[190,250,880,350]",item_drop_firebat_1,1
port_storager/4.png,"[190,250,880,350]",item_drop_hscrane_1,2
port_storager/4.png,"[190,250,880,350]",item_drop_hsfly_1,1
port_storager/4.png,"[190,250,880,350]",item_drop_hshog_1,1
port_storager/4.png,"[190,250,880,350]",item_drop_hsmino_1,2
port_storager/4.png,"[190,250,880,350]",item_drop_hsmob_1,1
port_storager/4.png,"[190,250,880,350]",item_drop_hstiger_1,1
port_storager/4.png,"[190,250,880,350]",item_drop_hvybow_1,1
port_storager/4.png,"[190,250,880,350]",item_drop_jzmonk_1,1
port_storager/4.png,"[190,250,880,350]",item_drop_jzogre_1,1
port_storager/4.png,"[190,250,880,350]",item_drop_klbuds_1,2
port_storager/4.png,"[190,250,880,350]",item_drop_klcaps_1,1
port_storager/4.png,"[190,250,880,350]",item_drop_klcreatures_1,2
port_storager/4.png,"[190,250,880,350]",item_drop_lbroshan_1,1
port_storager/4.png,"[190,250,880,350]",item_drop_lbshamman_1,1
port_storager/4.png,"[190,250,880,350]",item_drop_lbtough_1,1
port_storager/4.png,"[190,250,880,350]",item_drop_mimicw_1,1
port_storager/4.png,"[190,250,880,350]",item_drop_sandb_1,1
port_storager/4.png,"[190,250,880,350]",item_drop_wgabyss_1,1
port_storager/4.png,"[190,250,880,350]",item_drop_wgshoal_1,1
port_storager/4.png,"[190,250,880,350]",item_equip_script_4_2,1
port_storager/4.png,"[190,250,880,350]",item_equip_script_4_3,1
port_storager/4.png,"[190,250,880,350]",item_fbottle_iron_water,2
port_storager/4.png,"[190,250,880,350]",item_iron_bottle,1
port_storager/4.png,"[190,250,880,350]",item_plant_sp_1,1
port_storager/5.png,"[190,250,880,350]",item_bottled_rec_hp_5,1
port_storager/5.png,"[190,250,880,350]",item_copper_bottle,1
port_storager/5.png,"[190,250,880,350]",item_copper_enr2,1
port_storager/5.png,"[190,250,880,350]",item_copper_jar,1
port_storager/5.png,"[190,250,880,350]",item_drop_hscrane_1,1
port_storager/5.png,"[190,250,880,350]",item_drop_hsmino_1,1
port_storager/5.png,"[190,250,880,350]",item_drop_hsmob_1,1
port_storager/5.png,"[190,250,880,350]",item_drop_klbuds_1,1
port_storager/5.png,"[190,250,880,350]",item_drop_klcreatures_1,1
port_storager/5.png,"[190,250,880,350]",item_equip_script_4_2,1
port_storager/5.png,"[190,250,880,350]",item_equip_script_4_3,1
port_storager/5.png,"[190,250,880,350]",item_fbottle_copper_grass_2,1
port_storager/5.png,"[190,250,880,350]",item_fbottle_copper_xiranite_enr,1
port_storager/5.png,"[190,250,880,350]",item_fbottle_iron_grass_2,1
port_storager/5.png,"[190,250,880,350]",item_fbottle_iron_sewage,1
port_storager/5.png,"[190,250,880,350]",item_fbottle_iron_water,3
port_storager/5.png,"[190,250,880,350]",item_fbottle_iron_xiranite,1
port_storager/5.png,"[190,250,880,350]",item_fbottle_iron_xiranite_enr,1
port_storager/5.png,"[190,250,880,350]",item_fbottle_iron_xiranite_lowpoly,1
port_storager/5.png,"[190,250,880,350]",item_fbottle_iron_xiranite_poly,1
port_storager/5.png,"[190,250,880,350]",item_filter_core,1
port_storager/5.png,"[190,250,880,350]",item_gasjar_copper_gas_copper_enr,1
port_storager/5.png,"[190,250,880,350]",item_gasjar_copper_gas_xiranite,1
port_storager/5.png,"[190,250,880,350]",item_iron_bottle,2
port_storager/5.png,"[190,250,880,350]",item_iron_enr_powder,1
port_storager/5.png,"[190,250,880,350]",item_spaceship_cmpt_1,1
port_storager/5.png,"[190,250,880,350]",item_spaceship_cmpt_2,1
port_storager/5.png,"[190,250,880,350]",item_xiranite_enr_powder,1
port_storager/5.png,"[190,250,880,350]",item_xiranite_poly,1
port_storager/5.png,"[190,250,880,350]",item_xiranite_powder,1
port_storager/6.png,"[190,250,880,350]",item_bottled_grass2spc_2,1
port_storager/6.png,"[190,250,880,350]",item_bottled_insec1_2,1
port_storager/6.png,"[190,250,880,350]",item_device_balloon_recycle_3,1
port_storager/6.png,"[190,250,880,350]",item_device_xiranite_nexus_3,1
port_storager/6.png,"[190,250,880,350]",item_drop_hsfly_1,1
port_storager/6.png,"[190,250,880,350]",item_drop_klbuds_1,1
port_storager/6.png,"[190,250,880,350]",item_hscrane_1_hsmob_1_grass_1_1,1
port_storager/6.png,"[190,250,880,350]",item_plant_crylplant_1_1,1
port_storager/6.png,"[190,250,880,350]",item_plant_crylplant_1_2,2
port_storager/6.png,"[190,250,880,350]",item_plant_crylplant_1_3,1
port_storager/6.png,"[190,250,880,350]",item_plant_crylplant_2_1,1
port_storager/6.png,"[190,250,880,350]",item_plant_crylplant_2_2,1
port_storager/6.png,"[190,250,880,350]",item_plant_crylplant_2_3,1
port_storager/6.png,"[190,250,880,350]",item_plant_mushroom_1_1,1
port_storager/6.png,"[190,250,880,350]",item_plant_mushroom_1_2,1
port_storager/6.png,"[190,250,880,350]",item_plant_mushroom_1_3,1
port_storager/6.png,"[190,250,880,350]",item_plant_mushroom_2_1,1
port_storager/6.png,"[190,250,880,350]",item_plant_mushroom_2_2,2
port_storager/6.png,"[190,250,880,350]",item_plant_mushroom_2_3,2
port_storager/6.png,"[190,250,880,350]",item_plant_spcstone_1_1,1
port_storager/6.png,"[190,250,880,350]",item_plant_spcstone_1_2,1
port_storager/6.png,"[190,250,880,350]",item_plant_spcstone_1_3,1
port_storager/6.png,"[190,250,880,350]",item_plant_spcstone_2_1,1
port_storager/6.png,"[190,250,880,350]",item_plant_spcstone_2_2,1
port_storager/6.png,"[190,250,880,350]",item_plant_spcstone_2_3,2
port_storager/6.png,"[190,250,880,350]",item_port_power_diffuser_2,2
port_storager/6.png,"[190,250,880,350]",item_port_power_pole_2,1
port_storager/6.png,"[190,250,880,350]",item_port_power_pole_3,1
port_storager/6.png,"[190,250,880,350]",item_port_pump_1,1
port_storager/6.png,"[190,250,880,350]",item_port_travel_pole_2,1
port_storager/6.png,"[190,250,880,350]",item_port_udpipe_loader_1,1
port_storager/6.png,"[190,250,880,350]",item_proc_bomb_1,1
port_storager/6.png,"[190,250,880,350]",item_spaceship_cmpt_1,1
port_storager/6.png,"[190,250,880,350]",item_spaceship_cmpt_2,1
port_storager/7.png,"[190,250,880,350]",item_bottled_grass2spc_2,1
port_storager/7.png,"[190,250,880,350]",item_bottled_insec1_2,1
port_storager/7.png,"[190,250,880,350]",item_device_balloon_recycle_3,1
port_storager/7.png,"[190,250,880,350]",item_device_xiranite_nexus_3,1
port_storager/7.png,"[190,250,880,350]",item_drop_agmelee_1,1
port_storager/7.png,"[190,250,880,350]",item_drop_agrange_1,1
port_storager/7.png,"[190,250,880,350]",item_drop_hsfly_1,1
port_storager/7.png,"[190,250,880,350]",item_hscrane_1_hsmob_1_grass_1_1,1
port_storager/7.png,"[190,250,880,350]",item_muck_feces_1,1
port_storager/7.png,"[190,250,880,350]",item_plant_bbflower_1,1
port_storager/7.png,"[190,250,880,350]",item_plant_bbflower_seed_1,1
port_storager/7.png,"[190,250,880,350]",item_plant_crylplant_1_2,1
port_storager/7.png,"[190,250,880,350]",item_plant_grass_1,1
port_storager/7.png,"[190,250,880,350]",item_plant_grass_2,1
port_storager/7.png,"[190,250,880,350]",item_plant_grass_seed_1,1
port_storager/7.png,"[190,250,880,350]",item_plant_grass_seed_2,1
port_storager/7.png,"[190,250,880,350]",item_plant_grass_spc_1,1
port_storager/7.png,"[190,250,880,350]",item_plant_grass_spc_2,1
port_storager/7.png,"[190,250,880,350]",item_plant_moss_3,1
port_storager/7.png,"[190,250,880,350]",item_plant_moss_seed_3,1
port_storager/7.png,"[190,250,880,350]",item_plant_moss_spc_2,1
port_storager/7.png,"[190,250,880,350]",item_plant_mushroom_2_2,1
port_storager/7.png,"[190,250,880,350]",item_plant_mushroom_2_3,1
port_storager/7.png,"[190,250,880,350]",item_plant_sp_1,1
port_storager/7.png,"[190,250,880,350]",item_plant_sp_2,1
port_storager/7.png,"[190,250,880,350]",item_plant_sp_3,1
port_storager/7.png,"[190,250,880,350]",item_plant_sp_4,1
port_storager/7.png,"[190,250,880,350]",item_plant_spcstone_2_3,1
port_storager/7.png,"[190,250,880,350]",item_plant_tundra_insect_1,1
port_storager/7.png,"[190,250,880,350]",item_plant_tundra_insect_2,1
port_storager/7.png,"[190,250,880,350]",item_plant_tundra_wood,1
port_storager/7.png,"[190,250,880,350]",item_port_power_diffuser_2,2
port_storager/7.png,"[190,250,880,350]",item_port_power_pole_2,1
port_storager/7.png,"[190,250,880,350]",item_port_power_pole_3,1
port_storager/7.png,"[190,250,880,350]",item_port_pump_1,1
port_storager/7.png,"[190,250,880,350]",item_port_travel_pole_2,1
port_storager/7.png,"[190,250,880,350]",item_port_udpipe_loader_1,1
port_storager/7.png,"[190,250,880,350]",item_proc_bomb_1,1
port_storager/8.png,"[190,250,880,350]",item_copper_ore,1
port_storager/8.png,"[190,250,880,350]",item_drop_agmelee_1,1
port_storager/8.png,"[190,250,880,350]",item_drop_agrange_1,1
port_storager/8.png,"[190,250,880,350]",item_drop_hsfly_1,1
port_storager/8.png,"[190,250,880,350]",item_muck_feces_1,1
port_storager/8.png,"[190,250,880,350]",item_plant_bbflower_1,1
port_storager/8.png,"[190,250,880,350]",item_plant_bbflower_seed_1,1
port_storager/8.png,"[190,250,880,350]",item_plant_crylplant_1_2,1
port_storager/8.png,"[190,250,880,350]",item_plant_crylplant_2_3,1
port_storager/8.png,"[190,250,880,350]",item_plant_grass_1,1
port_storager/8.png,"[190,250,880,350]",item_plant_grass_2,1
port_storager/8.png,"[190,250,880,350]",item_plant_grass_seed_1,1
port_storager/8.png,"[190,250,880,350]",item_plant_grass_seed_2,1
port_storager/8.png,"[190,250,880,350]",item_plant_grass_spc_1,1
port_storager/8.png,"[190,250,880,350]",item_plant_grass_spc_2,1
port_storager/8.png,"[190,250,880,350]",item_plant_moss_3,2
port_storager/8.png,"[190,250,880,350]",item_plant_moss_seed_3,1
port_storager/8.png,"[190,250,880,350]",item_plant_moss_spc_2,1
port_storager/8.png,"[190,250,880,350]",item_plant_mushroom_1_2,1
port_storager/8.png,"[190,250,880,350]",item_plant_mushroom_2_2,1
port_storager/8.png,"[190,250,880,350]",item_plant_mushroom_2_3,1
port_storager/8.png,"[190,250,880,350]",item_plant_sp_1,1
port_storager/8.png,"[190,250,880,350]",item_plant_sp_2,1
port_storager/8.png,"[190,250,880,350]",item_plant_sp_3,1
port_storager/8.png,"[190,250,880,350]",item_plant_sp_4,1
port_storager/8.png,"[190,250,880,350]",item_plant_spcstone_1_2,1
port_storager/8.png,"[190,250,880,350]",item_plant_spcstone_2_2,1
port_storager/8.png,"[190,250,880,350]",item_plant_spcstone_2_3,1
port_storager/8.png,"[190,250,880,350]",item_plant_tundra_insect_1,1
port_storager/8.png,"[190,250,880,350]",item_plant_tundra_insect_2,1
port_storager/8.png,"[190,250,880,350]",item_plant_tundra_wood,1
port_storager/8.png,"[190,250,880,350]",item_port_power_diffuser_2,2
port_storager/8.png,"[190,250,880,350]",item_port_pump_1,1
port_storager/8.png,"[190,250,880,350]",item_port_travel_pole_2,1
port_storager/8.png,"[190,250,880,350]",item_port_udpipe_loader_1,1
port_storager/9.png,"[190,250,880,350]",item_copper_ore,1
port_storager/9.png,"[190,250,880,350]",item_drop_agmelee_1,1
port_storager/9.png,"[190,250,880,350]",item_drop_agrange_1,1
port_storager/9.png,"[190,250,880,350]",item_muck_feces_1,1
port_storager/9.png,"[190,250,880,350]",item_plant_bbflower_1,1
port_storager/9.png,"[190,250,880,350]",item_plant_bbflower_seed_1,1
port_storager/9.png,"[190,250,880,350]",item_plant_crylplant_1_3,1
port_storager/9.png,"[190,250,880,350]",item_plant_grass_1,1
port_storager/9.png,"[190,250,880,350]",item_plant_grass_2,1
port_storager/9.png,"[190,250,880,350]",item_plant_grass_seed_1,1
port_storager/9.png,"[190,250,880,350]",item_plant_grass_seed_2,1
port_storager/9.png,"[190,250,880,350]",item_plant_grass_spc_1,1
port_storager/9.png,"[190,250,880,350]",item_plant_grass_spc_2,1
port_storager/9.png,"[190,250,880,350]",item_plant_moss_3,3
port_storager/9.png,"[190,250,880,350]",item_plant_moss_seed_3,1
port_storager/9.png,"[190,250,880,350]",item_plant_moss_spc_2,1
port_storager/9.png,"[190,250,880,350]",item_plant_mushroom_2_1,1
port_storager/9.png,"[190,250,880,350]",item_plant_sp_1,1
port_storager/9.png,"[190,250,880,350]",item_plant_sp_2,1
port_storager/9.png,"[190,250,880,350]",item_plant_sp_3,1
port_storager/9.png,"[190,250,880,350]",item_plant_sp_4,1
port_storager/9.png,"[190,250,880,350]",item_plant_spcstone_1_3,1
port_storager/9.png,"[190,250,880,350]",item_plant_spcstone_2_1,1
port_storager/9.png,"[190,250,880,350]",item_plant_tundra_insect_1,2
port_storager/9.png,"[190,250,880,350]",item_plant_tundra_insect_2,1
port_storager/9.png,"[190,250,880,350]",item_plant_tundra_wood,1
rewards/130.png,"[39,82,1205,511]",item_expcard_stage2_high,1
rewards/131.png,"[39,82,1205,511]",item_expcard_stage2_high,1
rewards/132.png,"[39,82,1205,511]",item_gold,1
rewards/133.png,"[39,82,1205,511]",item_gachabyproducts_weapongold,1
rewards/134.png,"[39,82,1205,511]",ap_supply_lt_n,1
rewards/134.png,"[39,82,1205,511]",item_bp_double_reward,1
rewards/135.png,"[39,82,1205,511]",ap_supply_lt_n,1
rewards/135.png,"[39,82,1205,511]",item_adventureexp,1
rewards/135.png,"[39,82,1205,511]",item_cbp_exp,1
rewards/135.png,"[39,82,1205,511]",item_char_skill_level_1_6,1
rewards/135.png,"[39,82,1205,511]",item_diamond,1
rewards/135.png,"[39,82,1205,511]",item_expcard_stage1_high,1
rewards/135.png,"[39,82,1205,511]",item_gold,1
rewards/135.png,"[39,82,1205,511]",item_weapon_expcard_high,1
rewards/136.png,"[39,82,1205,511]",item_expcard_stage2_high,2
rewards/137.png,"[39,82,1205,511]",item_adventureexp,1
rewards/138.png,"[39,82,1205,511]",item_adventureexp,1
rewards/139.png,"[39,82,1205,511]",item_domain_jinlong_coupon,1
rewards/139.png,"[39,82,1205,511]",item_spaceship_credit,1
rewards/140.png,"[39,82,1205,511]",item_bp_double_reward,1
rewards/140.png,"[39,82,1205,511]",item_char_skill_level_7_12,1
rewards/140.png,"[39,82,1205,511]",item_diamond,1
rewards/140.png,"[39,82,1205,511]",item_weapon_expcard_high,1
rewards/141.png,"[39,82,1205,511]",item_adventureexp,1
rewards/142.png,"[39,82,1205,511]",item_adventureexp,1
rewards/143.png,"[39,82,1205,511]",ap_supply_lt_n,1
rewards/143.png,"[39,82,1205,511]",item_adventureexp,1
rewards/143.png,"[39,82,1205,511]",item_cbp_exp,1
rewards/143.png,"[39,82,1205,511]",item_char_skill_level_1_6,1
rewards/143.png,"[39,82,1205,511]",item_diamond,1
rewards/143.png,"[39,82,1205,511]",item_expcard_stage1_high,1
rewards/143.png,"[39,82,1205,511]",item_gold,1
rewards/143.png,"[39,82,1205,511]",item_weapon_expcard_high,1
rewards/144.png,"[39,82,1205,511]",item_bp_double_reward,1
rewards/144.png,"[39,82,1205,511]",item_diamond,1
rewards/144.png,"[39,82,1205,511]",item_expcard_stage2_high,1
rewards/144.png,"[39,82,1205,511]",item_expcard_stage2_low,1
shipment/1.png,"[34,132,386,474]",item_bottled_food_4,1
shipment/1.png,"[34,132,386,474]",item_bottled_rec_hp_5,1
shipment/1.png,"[34,132,386,474]",item_copper_enr_cmpt,1
shipment/1.png,"[34,132,386,474]",item_copper_enr2_cmpt,1
shipment/1.png,"[34,132,386,474]",item_glass_bottle,1
shipment/1.png,"[34,132,386,474]",item_glass_cmpt,1
shipment/1.png,"[34,132,386,474]",item_glass_enr_bottle,1
shipment/1.png,"[34,132,386,474]",item_glass_enr_cmpt,1
shipment/1.png,"[34,132,386,474]",item_iron_bottle,1
shipment/1.png,"[34,132,386,474]",item_iron_cmpt,1
shipment/1.png,"[34,132,386,474]",item_iron_enr_bottle,1
shipment/1.png,"[34,132,386,474]",item_iron_enr_cmpt,1
shipment/1.png,"[34,132,386,474]",item_plant_bbflower_powder_1,1
shipment/1.png,"[34,132,386,474]",item_plant_moss_powder_3,1
shipment/1.png,"[34,132,386,474]",item_proc_battery_3,1
shipment/1.png,"[34,132,386,474]",item_proc_battery_4,1
shipment/1.png,"[34,132,386,474]",item_proc_battery_5,1
shipment/1.png,"[34,132,386,474]",item_proc_bomb_1,1
shipment/1.png,"[34,132,386,474]",item_xiranite_enr_powder,1
shipment/1.png,"[34,132,386,474]",item_xiranite_powder,1
shipment/10.png,"[34,132,386,474]",item_bottled_food_4,1
shipment/10.png,"[34,132,386,474]",item_bottled_rec_hp_3,1
shipment/10.png,"[34,132,386,474]",item_bottled_rec_hp_4,1
shipment/10.png,"[34,132,386,474]",item_bottled_rec_hp_5,1
shipment/10.png,"[34,132,386,474]",item_copper_bottle,1
shipment/10.png,"[34,132,386,474]",item_copper_enr_cmpt,1
shipment/10.png,"[34,132,386,474]",item_copper_enr2_cmpt,1
shipment/10.png,"[34,132,386,474]",item_copper_nugget,1
shipment/10.png,"[34,132,386,474]",item_crystal_enr,1
shipment/10.png,"[34,132,386,474]",item_equip_script_4,1
shipment/10.png,"[34,132,386,474]",item_equip_script_4_2,1
shipment/10.png,"[34,132,386,474]",item_equip_script_4_3,1
shipment/10.png,"[34,132,386,474]",item_originium_enr_powder,1
shipment/10.png,"[34,132,386,474]",item_plant_grass_powder_1,1
shipment/10.png,"[34,132,386,474]",item_plant_grass_powder_2,1
shipment/10.png,"[34,132,386,474]",item_plant_moss_powder_3,1
shipment/10.png,"[34,132,386,474]",item_proc_battery_3,1
shipment/10.png,"[34,132,386,474]",item_proc_battery_5,1
shipment/10.png,"[34,132,386,474]",item_xiranite_enr_powder,1
shipment/10.png,"[34,132,386,474]",item_xiranite_powder,1
shipment/2.png,"[34,132,386,474]",item_bottled_rec_hp_5,1
shipment/2.png,"[34,132,386,474]",item_copper_enr2_cmpt,1
shipment/2.png,"[34,132,386,474]",item_glass_bottle,1
shipment/2.png,"[34,132,386,474]",item_glass_cmpt,1
shipment/2.png,"[34,132,386,474]",item_glass_enr_bottle,1
shipment/2.png,"[34,132,386,474]",item_glass_enr_cmpt,1
shipment/2.png,"[34,132,386,474]",item_iron_bottle,1
shipment/2.png,"[34,132,386,474]",item_iron_cmpt,1
shipment/2.png,"[34,132,386,474]",item_iron_enr_bottle,1
shipment/2.png,"[34,132,386,474]",item_iron_enr_cmpt,1
shipment/2.png,"[34,132,386,474]",item_plant_bbflower_powder_1,1
shipment/2.png,"[34,132,386,474]",item_plant_moss_powder_3,1
shipment/2.png,"[34,132,386,474]",item_proc_battery_3,1
shipment/2.png,"[34,132,386,474]",item_proc_bomb_1,1
shipment/2.png,"[34,132,386,474]",item_xiranite_powder,1
shipment/3.png,"[34,132,386,474]",item_bottled_food_1,1
shipment/3.png,"[34,132,386,474]",item_bottled_rec_hp_3,1
shipment/3.png,"[34,132,386,474]",item_bottled_rec_hp_5,1
shipment/3.png,"[34,132,386,474]",item_copper_enr2_cmpt,1
shipment/3.png,"[34,132,386,474]",item_glass_bottle,1
shipment/3.png,"[34,132,386,474]",item_glass_cmpt,1
shipment/3.png,"[34,132,386,474]",item_glass_enr_bottle,1
shipment/3.png,"[34,132,386,474]",item_glass_enr_cmpt,1
shipment/3.png,"[34,132,386,474]",item_iron_bottle,1
shipment/3.png,"[34,132,386,474]",item_iron_cmpt,1
shipment/3.png,"[34,132,386,474]",item_iron_enr_bottle,1
shipment/3.png,"[34,132,386,474]",item_iron_enr_cmpt,1
shipment/3.png,"[34,132,386,474]",item_iron_nugget,1
shipment/3.png,"[34,132,386,474]",item_iron_powder,1
shipment/3.png,"[34,132,386,474]",item_plant_bbflower_powder_1,1
shipment/3.png,"[34,132,386,474]",item_plant_moss_powder_3,1
shipment/3.png,"[34,132,386,474]",item_proc_battery_3,1
shipment/3.png,"[34,132,386,474]",item_proc_bomb_1,1
shipment/3.png,"[34,132,386,474]",item_quartz_enr,1
shipment/3.png,"[34,132,386,474]",item_xiranite_powder,1
shipment/4.png,"[34,132,386,474]",item_bottled_food_1,1
shipment/4.png,"[34,132,386,474]",item_bottled_rec_hp_3,1
shipment/4.png,"[34,132,386,474]",item_bottled_rec_hp_5,1
shipment/4.png,"[34,132,386,474]",item_copper_enr2_cmpt,1
shipment/4.png,"[34,132,386,474]",item_glass_bottle,1
shipment/4.png,"[34,132,386,474]",item_glass_cmpt,1
shipment/4.png,"[34,132,386,474]",item_glass_enr_bottle,1
shipment/4.png,"[34,132,386,474]",item_glass_enr_cmpt,1
shipment/4.png,"[34,132,386,474]",item_iron_bottle,1
shipment/4.png,"[34,132,386,474]",item_iron_cmpt,1
shipment/4.png,"[34,132,386,474]",item_iron_enr_bottle,1
shipment/4.png,"[34,132,386,474]",item_iron_enr_cmpt,1
shipment/4.png,"[34,132,386,474]",item_iron_nugget,1
shipment/4.png,"[34,132,386,474]",item_iron_powder,1
shipment/4.png,"[34,132,386,474]",item_plant_bbflower_powder_1,1
shipment/4.png,"[34,132,386,474]",item_plant_moss_powder_3,1
shipment/4.png,"[34,132,386,474]",item_proc_battery_3,1
shipment/4.png,"[34,132,386,474]",item_proc_bomb_1,1
shipment/4.png,"[34,132,386,474]",item_quartz_enr,1
shipment/4.png,"[34,132,386,474]",item_xiranite_powder,1
shipment/5.png,"[34,132,386,474]",item_bottled_food_1,1
shipment/5.png,"[34,132,386,474]",item_bottled_rec_hp_3,1
shipment/5.png,"[34,132,386,474]",item_bottled_rec_hp_5,1
shipment/5.png,"[34,132,386,474]",item_copper_enr2_cmpt,1
shipment/5.png,"[34,132,386,474]",item_glass_bottle,1
shipment/5.png,"[34,132,386,474]",item_glass_cmpt,1
shipment/5.png,"[34,132,386,474]",item_glass_enr_bottle,1
shipment/5.png,"[34,132,386,474]",item_glass_enr_cmpt,1
shipment/5.png,"[34,132,386,474]",item_iron_bottle,1
shipment/5.png,"[34,132,386,474]",item_iron_cmpt,1
shipment/5.png,"[34,132,386,474]",item_iron_enr_bottle,1
shipment/5.png,"[34,132,386,474]",item_iron_enr_cmpt,1
shipment/5.png,"[34,132,386,474]",item_iron_nugget,1
shipment/5.png,"[34,132,386,474]",item_iron_powder,1
shipment/5.png,"[34,132,386,474]",item_plant_bbflower_powder_1,1
shipment/5.png,"[34,132,386,474]",item_plant_moss_powder_3,1
shipment/5.png,"[34,132,386,474]",item_proc_battery_3,1
shipment/5.png,"[34,132,386,474]",item_proc_bomb_1,1
shipment/5.png,"[34,132,386,474]",item_quartz_enr,1
shipment/5.png,"[34,132,386,474]",item_xiranite_powder,1
shipment/6.png,"[34,132,386,474]",item_bottled_food_4,1
shipment/6.png,"[34,132,386,474]",item_bottled_rec_hp_3,1
shipment/6.png,"[34,132,386,474]",item_bottled_rec_hp_4,1
shipment/6.png,"[34,132,386,474]",item_bottled_rec_hp_5,1
shipment/6.png,"[34,132,386,474]",item_copper_bottle,1
shipment/6.png,"[34,132,386,474]",item_copper_enr_cmpt,1
shipment/6.png,"[34,132,386,474]",item_copper_enr2_cmpt,1
shipment/6.png,"[34,132,386,474]",item_copper_nugget,1
shipment/6.png,"[34,132,386,474]",item_crystal_enr,1
shipment/6.png,"[34,132,386,474]",item_equip_script_4,1
shipment/6.png,"[34,132,386,474]",item_equip_script_4_2,1
shipment/6.png,"[34,132,386,474]",item_equip_script_4_3,1
shipment/6.png,"[34,132,386,474]",item_originium_enr_powder,1
shipment/6.png,"[34,132,386,474]",item_plant_grass_powder_1,1
shipment/6.png,"[34,132,386,474]",item_plant_grass_powder_2,1
shipment/6.png,"[34,132,386,474]",item_plant_moss_powder_3,1
shipment/6.png,"[34,132,386,474]",item_proc_battery_3,1
shipment/6.png,"[34,132,386,474]",item_proc_battery_5,1
shipment/6.png,"[34,132,386,474]",item_xiranite_enr_powder,1
shipment/6.png,"[34,132,386,474]",item_xiranite_powder,1
shipment/7.png,"[34,132,386,474]",item_bottled_food_4,1
shipment/7.png,"[34,132,386,474]",item_bottled_rec_hp_3,1
shipment/7.png,"[34,132,386,474]",item_bottled_rec_hp_4,1
shipment/7.png,"[34,132,386,474]",item_bottled_rec_hp_5,1
shipment/7.png,"[34,132,386,474]",item_copper_bottle,1
shipment/7.png,"[34,132,386,474]",item_copper_enr_cmpt,1
shipment/7.png,"[34,132,386,474]",item_copper_enr2_cmpt,1
shipment/7.png,"[34,132,386,474]",item_crystal_enr,1
shipment/7.png,"[34,132,386,474]",item_equip_script_4,1
shipment/7.png,"[34,132,386,474]",item_equip_script_4_2,1
shipment/7.png,"[34,132,386,474]",item_plant_grass_powder_2,1
shipment/7.png,"[34,132,386,474]",item_plant_moss_powder_3,1
shipment/7.png,"[34,132,386,474]",item_proc_battery_3,1
shipment/7.png,"[34,132,386,474]",item_proc_battery_5,1
shipment/7.png,"[34,132,386,474]",item_xiranite_enr_powder,1
shipment/8.png,"[34,132,386,474]",item_bottled_food_4,1
shipment/8.png,"[34,132,386,474]",item_bottled_rec_hp_3,1
shipment/8.png,"[34,132,386,474]",item_bottled_rec_hp_4,1
shipment/8.png,"[34,132,386,474]",item_bottled_rec_hp_5,1
shipment/8.png,"[34,132,386,474]",item_copper_bottle,1
shipment/8.png,"[34,132,386,474]",item_copper_cmpt,1
shipment/8.png,"[34,132,386,474]",item_copper_enr_cmpt,1
shipment/8.png,"[34,132,386,474]",item_copper_enr2_cmpt,1
shipment/8.png,"[34,132,386,474]",item_crystal_enr,1
shipment/8.png,"[34,132,386,474]",item_equip_script_4,1
shipment/8.png,"[34,132,386,474]",item_equip_script_4_1,1
shipment/8.png,"[34,132,386,474]",item_equip_script_4_2,1
shipment/8.png,"[34,132,386,474]",item_filter_core,1
shipment/8.png,"[34,132,386,474]",item_iron_enr_cmpt,1
shipment/8.png,"[34,132,386,474]",item_originium_powder,1
shipment/8.png,"[34,132,386,474]",item_plant_grass_powder_2,1
shipment/8.png,"[34,132,386,474]",item_plant_moss_powder_3,1
shipment/8.png,"[34,132,386,474]",item_proc_battery_3,1
shipment/8.png,"[34,132,386,474]",item_proc_battery_5,1
shipment/8.png,"[34,132,386,474]",item_xiranite_enr_powder,1
shipment/9.png,"[34,132,386,474]",item_bottled_food_4,1
shipment/9.png,"[34,132,386,474]",item_bottled_rec_hp_3,1
shipment/9.png,"[34,132,386,474]",item_bottled_rec_hp_4,1
shipment/9.png,"[34,132,386,474]",item_bottled_rec_hp_5,1
shipment/9.png,"[34,132,386,474]",item_copper_bottle,1
shipment/9.png,"[34,132,386,474]",item_copper_enr_cmpt,1
shipment/9.png,"[34,132,386,474]",item_copper_enr2_cmpt,1
shipment/9.png,"[34,132,386,474]",item_copper_nugget,1
shipment/9.png,"[34,132,386,474]",item_crystal_enr,1
shipment/9.png,"[34,132,386,474]",item_equip_script_4,1
shipment/9.png,"[34,132,386,474]",item_equip_script_4_2,1
shipment/9.png,"[34,132,386,474]",item_equip_script_4_3,1
shipment/9.png,"[34,132,386,474]",item_originium_enr_powder,1
shipment/9.png,"[34,132,386,474]",item_plant_grass_powder_1,1
shipment/9.png,"[34,132,386,474]",item_plant_grass_powder_2,1
shipment/9.png,"[34,132,386,474]",item_plant_moss_powder_3,1
shipment/9.png,"[34,132,386,474]",item_proc_battery_3,1
shipment/9.png,"[34,132,386,474]",item_proc_battery_5,1
shipment/9.png,"[34,132,386,474]",item_xiranite_enr_powder,1
shipment/9.png,"[34,132,386,474]",item_xiranite_powder,1
single_roi/1177-450-54/1.png,"[1177,450,54,54]",item_proc_battery_3,1
single_roi/1177-450-54/2.png,"[1177,450,54,54]",item_bottled_rec_hp_2,1
single_roi/1177-450-54/3.png,"[1177,450,54,54]",item_iron_enr_cmpt,1
single_roi/1177-450-54/4.png,"[1177,450,54,54]",item_crystal_shell,1
single_roi/1177-450-54/5.png,"[1177,450,54,54]",item_proc_battery_5,1
single_roi/1177-450-54/6.png,"[1177,450,54,54]",item_bottled_rec_hp_3,1
single_roi/1177-450-54/7.png,"[1177,450,54,54]",item_bottled_food_1,1
single_roi/1177-450-54/8.png,"[1177,450,54,54]",item_copper_enr2_cmpt,1
trade/1.png,"[170,165,935,385]",item_bottled_food_4,1
trade/1.png,"[170,165,935,385]",item_bottled_food_5,1
trade/1.png,"[170,165,935,385]",item_bottled_rec_hp_4,1
trade/1.png,"[170,165,935,385]",item_bottled_rec_hp_5,1
trade/1.png,"[170,165,935,385]",item_copper_enr_cmpt,1
trade/1.png,"[170,165,935,385]",item_proc_battery_4,1
trade/1.png,"[170,165,935,385]",item_proc_battery_5,1
trade/1.png,"[170,165,935,385]",item_xiranite_enr_powder,1
trade/1.png,"[170,165,935,385]",item_xiranite_powder,1
trade/10.png,"[170,165,935,385]",item_bottled_food_4,1
trade/10.png,"[170,165,935,385]",item_bottled_food_5,1
trade/10.png,"[170,165,935,385]",item_bottled_rec_hp_4,1
trade/10.png,"[170,165,935,385]",item_copper_cmpt,1
trade/10.png,"[170,165,935,385]",item_proc_battery_4,1
trade/10.png,"[170,165,935,385]",item_xiranite_enr_powder,1
trade/10.png,"[170,165,935,385]",item_xiranite_powder,1
trade/11.png,"[170,165,935,385]",item_bottled_food_4,1
trade/11.png,"[170,165,935,385]",item_bottled_food_5,1
trade/11.png,"[170,165,935,385]",item_bottled_rec_hp_4,1
trade/11.png,"[170,165,935,385]",item_copper_cmpt,1
trade/11.png,"[170,165,935,385]",item_proc_battery_4,1
trade/11.png,"[170,165,935,385]",item_xiranite_enr_powder,1
trade/11.png,"[170,165,935,385]",item_xiranite_powder,1
trade/12.png,"[170,165,935,385]",item_bottled_food_1,1
trade/12.png,"[170,165,935,385]",item_bottled_food_2,1
trade/12.png,"[170,165,935,385]",item_bottled_food_3,1
trade/12.png,"[170,165,935,385]",item_bottled_rec_hp_1,1
trade/12.png,"[170,165,935,385]",item_bottled_rec_hp_2,1
trade/12.png,"[170,165,935,385]",item_bottled_rec_hp_3,1
trade/12.png,"[170,165,935,385]",item_glass_bottle,1
trade/12.png,"[170,165,935,385]",item_proc_battery_2,1
trade/12.png,"[170,165,935,385]",item_proc_battery_3,1
trade/13.png,"[170,165,935,385]",item_bottled_food_2,1
trade/13.png,"[170,165,935,385]",item_bottled_food_3,1
trade/13.png,"[170,165,935,385]",item_bottled_rec_hp_1,1
trade/13.png,"[170,165,935,385]",item_bottled_rec_hp_2,1
trade/13.png,"[170,165,935,385]",item_crystal_shell,1
trade/13.png,"[170,165,935,385]",item_glass_bottle,1
trade/13.png,"[170,165,935,385]",item_glass_cmpt,1
trade/13.png,"[170,165,935,385]",item_proc_battery_2,1
trade/14.png,"[170,165,935,385]",item_bottled_food_1,1
trade/14.png,"[170,165,935,385]",item_bottled_food_2,1
trade/14.png,"[170,165,935,385]",item_bottled_food_3,1
trade/14.png,"[170,165,935,385]",item_bottled_rec_hp_2,1
trade/14.png,"[170,165,935,385]",item_bottled_rec_hp_3,1
trade/14.png,"[170,165,935,385]",item_iron_cmpt,1
trade/14.png,"[170,165,935,385]",item_proc_battery_1,1
trade/14.png,"[170,165,935,385]",item_proc_battery_2,1
trade/14.png,"[170,165,935,385]",item_proc_battery_3,1
trade/2.png,"[170,165,935,385]",item_bottled_food_4,1
trade/2.png,"[170,165,935,385]",item_bottled_food_5,1
trade/2.png,"[170,165,935,385]",item_bottled_rec_hp_4,1
trade/2.png,"[170,165,935,385]",item_bottled_rec_hp_5,1
trade/2.png,"[170,165,935,385]",item_copper_cmpt,1
trade/2.png,"[170,165,935,385]",item_proc_battery_4,1
trade/2.png,"[170,165,935,385]",item_xiranite_powder,1
trade/3.png,"[170,165,935,385]",item_bottled_food_5,1
trade/3.png,"[170,165,935,385]",item_bottled_rec_hp_5,1
trade/3.png,"[170,165,935,385]",item_copper_enr_cmpt,1
trade/3.png,"[170,165,935,385]",item_proc_battery_4,1
trade/3.png,"[170,165,935,385]",item_proc_battery_5,1
trade/3.png,"[170,165,935,385]",item_xiranite_enr_powder,1
trade/3.png,"[170,165,935,385]",item_xiranite_powder,1
trade/4.png,"[170,165,935,385]",item_bottled_food_1,1
trade/4.png,"[170,165,935,385]",item_bottled_food_2,1
trade/4.png,"[170,165,935,385]",item_bottled_food_3,1
trade/4.png,"[170,165,935,385]",item_bottled_rec_hp_1,1
trade/4.png,"[170,165,935,385]",item_bottled_rec_hp_2,1
trade/4.png,"[170,165,935,385]",item_bottled_rec_hp_3,1
trade/4.png,"[170,165,935,385]",item_glass_bottle,1
trade/4.png,"[170,165,935,385]",item_proc_battery_2,1
trade/4.png,"[170,165,935,385]",item_proc_battery_3,1
trade/5.png,"[170,165,935,385]",item_bottled_food_1,1
trade/5.png,"[170,165,935,385]",item_bottled_food_2,1
trade/5.png,"[170,165,935,385]",item_bottled_rec_hp_1,1
trade/5.png,"[170,165,935,385]",item_bottled_rec_hp_2,1
trade/5.png,"[170,165,935,385]",item_crystal_shell,1
trade/5.png,"[170,165,935,385]",item_glass_bottle,1
trade/5.png,"[170,165,935,385]",item_glass_cmpt,1
trade/5.png,"[170,165,935,385]",item_proc_battery_2,1
trade/6.png,"[170,165,935,385]",item_bottled_food_1,1
trade/6.png,"[170,165,935,385]",item_bottled_food_2,1
trade/6.png,"[170,165,935,385]",item_bottled_food_3,1
trade/6.png,"[170,165,935,385]",item_bottled_rec_hp_2,1
trade/6.png,"[170,165,935,385]",item_bottled_rec_hp_3,1
trade/6.png,"[170,165,935,385]",item_iron_cmpt,1
trade/6.png,"[170,165,935,385]",item_proc_battery_1,1
trade/6.png,"[170,165,935,385]",item_proc_battery_2,1
trade/6.png,"[170,165,935,385]",item_proc_battery_3,1
trade/7.png,"[170,165,935,385]",item_bottled_food_1,1
trade/7.png,"[170,165,935,385]",item_bottled_food_2,1
trade/7.png,"[170,165,935,385]",item_bottled_food_3,1
trade/7.png,"[170,165,935,385]",item_bottled_rec_hp_2,1
trade/7.png,"[170,165,935,385]",item_bottled_rec_hp_3,1
trade/7.png,"[170,165,935,385]",item_iron_enr_cmpt,1
trade/7.png,"[170,165,935,385]",item_proc_battery_2,1
trade/7.png,"[170,165,935,385]",item_proc_battery_3,1
trade/8.png,"[170,165,935,385]",item_bottled_food_4,1
trade/8.png,"[170,165,935,385]",item_bottled_food_5,1
trade/8.png,"[170,165,935,385]",item_bottled_rec_hp_4,1
trade/8.png,"[170,165,935,385]",item_bottled_rec_hp_5,1
trade/8.png,"[170,165,935,385]",item_copper_enr_cmpt,1
trade/8.png,"[170,165,935,385]",item_proc_battery_4,1
trade/8.png,"[170,165,935,385]",item_proc_battery_5,1
trade/8.png,"[170,165,935,385]",item_xiranite_enr_powder,1
trade/8.png,"[170,165,935,385]",item_xiranite_powder,1
trade/9.png,"[170,165,935,385]",item_bottled_food_4,1
trade/9.png,"[170,165,935,385]",item_bottled_food_5,1
trade/9.png,"[170,165,935,385]",item_bottled_rec_hp_4,1
trade/9.png,"[170,165,935,385]",item_copper_cmpt,1
trade/9.png,"[170,165,935,385]",item_proc_battery_4,1
trade/9.png,"[170,165,935,385]",item_xiranite_enr_powder,1
trade/9.png,"[170,165,935,385]",item_xiranite_powder,1
transfer/1.png,"[154,202,983,291]",item_bottled_grass2spc_2,1
transfer/1.png,"[154,202,983,291]",item_bottled_insec1_2,1
transfer/1.png,"[154,202,983,291]",item_bottled_rec_hp_5,1
transfer/1.png,"[154,202,983,291]",item_device_balloon_recycle_3,1
transfer/1.png,"[154,202,983,291]",item_device_xiranite_nexus_3,1
transfer/1.png,"[154,202,983,291]",item_drop_agdisk_1,1
transfer/1.png,"[154,202,983,291]",item_drop_hsmino_1,1
transfer/1.png,"[154,202,983,291]",item_drop_hstiger_1,1
transfer/1.png,"[154,202,983,291]",item_drop_hvybow_1,1
transfer/1.png,"[154,202,983,291]",item_drop_jzmonk_1,1
transfer/1.png,"[154,202,983,291]",item_drop_jzogre_1,1
transfer/1.png,"[154,202,983,291]",item_drop_klbuds_1,2
transfer/1.png,"[154,202,983,291]",item_drop_klcaps_1,1
transfer/1.png,"[154,202,983,291]",item_drop_klcreatures_1,2
transfer/1.png,"[154,202,983,291]",item_drop_lbroshan_1,1
transfer/1.png,"[154,202,983,291]",item_drop_sandb_1,1
transfer/1.png,"[154,202,983,291]",item_drop_wgabyss_1,1
transfer/1.png,"[154,202,983,291]",item_equip_script_4_2,1
transfer/1.png,"[154,202,983,291]",item_equip_script_4_3,1
transfer/1.png,"[154,202,983,291]",item_fbottle_iron_water,3
transfer/1.png,"[154,202,983,291]",item_hscrane_1_hsmob_1_grass_1_1,1
transfer/1.png,"[154,202,983,291]",item_iron_bottle,1
transfer/1.png,"[154,202,983,291]",item_plant_crylplant_1_1,1
transfer/1.png,"[154,202,983,291]",item_plant_crylplant_1_2,1
transfer/1.png,"[154,202,983,291]",item_plant_crylplant_1_3,1
transfer/1.png,"[154,202,983,291]",item_plant_crylplant_2_1,1
transfer/1.png,"[154,202,983,291]",item_plant_crylplant_2_2,1
transfer/1.png,"[154,202,983,291]",item_plant_crylplant_2_3,1
transfer/1.png,"[154,202,983,291]",item_plant_mushroom_1_1,1
transfer/1.png,"[154,202,983,291]",item_plant_mushroom_1_2,1
transfer/1.png,"[154,202,983,291]",item_plant_mushroom_1_3,1
transfer/1.png,"[154,202,983,291]",item_plant_mushroom_2_1,1
transfer/1.png,"[154,202,983,291]",item_plant_mushroom_2_2,1
transfer/1.png,"[154,202,983,291]",item_plant_mushroom_2_3,1
transfer/1.png,"[154,202,983,291]",item_plant_spcstone_1_1,1
transfer/1.png,"[154,202,983,291]",item_plant_spcstone_1_2,1
transfer/1.png,"[154,202,983,291]",item_plant_spcstone_1_3,1
transfer/1.png,"[154,202,983,291]",item_plant_spcstone_2_1,1
transfer/1.png,"[154,202,983,291]",item_plant_spcstone_2_2,1
transfer/1.png,"[154,202,983,291]",item_plant_spcstone_2_3,1
transfer/1.png,"[154,202,983,291]",item_port_power_diffuser_1,1
transfer/1.png,"[154,202,983,291]",item_port_power_diffuser_2,1
transfer/1.png,"[154,202,983,291]",item_port_power_pole_2,1
transfer/1.png,"[154,202,983,291]",item_port_power_pole_3,1
transfer/1.png,"[154,202,983,291]",item_port_travel_pole_2,1
transfer/1.png,"[154,202,983,291]",item_proc_bomb_1,1
transfer/1.png,"[154,202,983,291]",item_spaceship_cmpt_1,1
transfer/1.png,"[154,202,983,291]",item_spaceship_cmpt_2,1
transfer/10.png,"[154,202,983,291]",item_bottled_rec_hp_5,1
transfer/10.png,"[154,202,983,291]",item_drop_agdisk_1,1
transfer/10.png,"[154,202,983,291]",item_drop_ethillu_1,1
transfer/10.png,"[154,202,983,291]",item_drop_firebat_1,1
transfer/10.png,"[154,202,983,291]",item_drop_hscrane_1,2
transfer/10.png,"[154,202,983,291]",item_drop_hshog_1,1
transfer/10.png,"[154,202,983,291]",item_drop_hsmino_1,2
transfer/10.png,"[154,202,983,291]",item_drop_hsmob_1,1
transfer/10.png,"[154,202,983,291]",item_drop_hstiger_1,1
transfer/10.png,"[154,202,983,291]",item_drop_hvybow_1,1
transfer/10.png,"[154,202,983,291]",item_drop_jzmonk_1,1
transfer/10.png,"[154,202,983,291]",item_drop_jzogre_1,1
transfer/10.png,"[154,202,983,291]",item_drop_klbuds_1,2
transfer/10.png,"[154,202,983,291]",item_drop_klcaps_1,1
transfer/10.png,"[154,202,983,291]",item_drop_klcreatures_1,2
transfer/10.png,"[154,202,983,291]",item_drop_lbroshan_1,1
transfer/10.png,"[154,202,983,291]",item_drop_lbshamman_1,1
transfer/10.png,"[154,202,983,291]",item_drop_lbtough_1,1
transfer/10.png,"[154,202,983,291]",item_drop_mimicw_1,1
transfer/10.png,"[154,202,983,291]",item_drop_sandb_1,1
transfer/10.png,"[154,202,983,291]",item_drop_wgabyss_1,1
transfer/10.png,"[154,202,983,291]",item_drop_wgshoal_1,1
transfer/10.png,"[154,202,983,291]",item_equip_script_4_2,1
transfer/10.png,"[154,202,983,291]",item_equip_script_4_3,1
transfer/10.png,"[154,202,983,291]",item_fbottle_iron_water,3
transfer/10.png,"[154,202,983,291]",item_iron_bottle,1
transfer/10.png,"[154,202,983,291]",item_plant_crylplant_1_1,1
transfer/10.png,"[154,202,983,291]",item_plant_crylplant_1_2,1
transfer/10.png,"[154,202,983,291]",item_plant_crylplant_1_3,1
transfer/10.png,"[154,202,983,291]",item_plant_crylplant_2_1,1
transfer/10.png,"[154,202,983,291]",item_plant_mushroom_1_1,1
transfer/10.png,"[154,202,983,291]",item_plant_mushroom_1_2,1
transfer/10.png,"[154,202,983,291]",item_plant_mushroom_1_3,1
transfer/10.png,"[154,202,983,291]",item_plant_mushroom_2_1,1
transfer/10.png,"[154,202,983,291]",item_plant_mushroom_2_2,1
transfer/10.png,"[154,202,983,291]",item_plant_mushroom_2_3,1
transfer/10.png,"[154,202,983,291]",item_port_travel_pole_2,1
transfer/10.png,"[154,202,983,291]",item_spaceship_cmpt_1,1
transfer/10.png,"[154,202,983,291]",item_spaceship_cmpt_2,1
transfer/100.png,"[154,202,983,291]",item_bottled_grass2spc_2,1
transfer/100.png,"[154,202,983,291]",item_bottled_insec1_2,1
transfer/100.png,"[154,202,983,291]",item_copper_enr_cmpt,1
transfer/100.png,"[154,202,983,291]",item_crystal_powder,1
transfer/100.png,"[154,202,983,291]",item_drop_hscrane_1,1
transfer/100.png,"[154,202,983,291]",item_drop_hsmino_1,1
transfer/100.png,"[154,202,983,291]",item_drop_wgshoal_1,1
transfer/100.png,"[154,202,983,291]",item_drop_wgthorns_1,1
transfer/100.png,"[154,202,983,291]",item_equip_script_3,1
transfer/100.png,"[154,202,983,291]",item_equip_script_4_2,1
transfer/100.png,"[154,202,983,291]",item_glass_bottle,1
transfer/100.png,"[154,202,983,291]",item_glass_cmpt,1
transfer/100.png,"[154,202,983,291]",item_glass_enr_bottle,1
transfer/100.png,"[154,202,983,291]",item_glass_enr_cmpt,1
transfer/100.png,"[154,202,983,291]",item_hscrane_1_hsmob_1_grass_1_1,1
transfer/100.png,"[154,202,983,291]",item_iron_bottle,1
transfer/100.png,"[154,202,983,291]",item_iron_cmpt,1
transfer/100.png,"[154,202,983,291]",item_iron_enr,1
transfer/100.png,"[154,202,983,291]",item_iron_enr_bottle,1
transfer/100.png,"[154,202,983,291]",item_iron_enr_cmpt,1
transfer/100.png,"[154,202,983,291]",item_iron_enr_powder,1
transfer/100.png,"[154,202,983,291]",item_iron_nugget,1
transfer/100.png,"[154,202,983,291]",item_iron_powder,1
transfer/100.png,"[154,202,983,291]",item_plant_bbflower_powder_1,1
transfer/100.png,"[154,202,983,291]",item_plant_crylplant_2_1,1
transfer/100.png,"[154,202,983,291]",item_plant_moss_powder_3,1
transfer/100.png,"[154,202,983,291]",item_plant_mushroom_2_1,1
transfer/100.png,"[154,202,983,291]",item_plant_spcstone_2_2,1
transfer/100.png,"[154,202,983,291]",item_port_power_diffuser_1,1
transfer/100.png,"[154,202,983,291]",item_port_power_diffuser_2,1
transfer/100.png,"[154,202,983,291]",item_port_power_pole_2,1
transfer/100.png,"[154,202,983,291]",item_port_power_pole_3,1
transfer/100.png,"[154,202,983,291]",item_port_power_sta_1,1
transfer/100.png,"[154,202,983,291]",item_port_travel_pole_2,1
transfer/100.png,"[154,202,983,291]",item_proc_battery_3,1
transfer/100.png,"[154,202,983,291]",item_proc_battery_4,1
transfer/100.png,"[154,202,983,291]",item_proc_battery_5,1
transfer/100.png,"[154,202,983,291]",item_proc_bomb_1,1
transfer/100.png,"[154,202,983,291]",item_quartz_enr,1
transfer/100.png,"[154,202,983,291]",item_quartz_enr_powder,1
transfer/100.png,"[154,202,983,291]",item_quartz_glass,1
transfer/100.png,"[154,202,983,291]",item_quartz_powder,1
transfer/100.png,"[154,202,983,291]",item_spaceship_cmpt_1,1
transfer/100.png,"[154,202,983,291]",item_spaceship_cmpt_2,1
transfer/100.png,"[154,202,983,291]",item_xiranite_enr_powder,1
transfer/100.png,"[154,202,983,291]",item_xiranite_powder,1
transfer/101.png,"[154,202,983,291]",item_bottled_grass2spc_2,1
transfer/101.png,"[154,202,983,291]",item_bottled_insec1_2,1
transfer/101.png,"[154,202,983,291]",item_bottled_rec_hp_5,1
transfer/101.png,"[154,202,983,291]",item_device_balloon_recycle_3,1
transfer/101.png,"[154,202,983,291]",item_device_xiranite_nexus_3,1
transfer/101.png,"[154,202,983,291]",item_drop_klbuds_1,1
transfer/101.png,"[154,202,983,291]",item_drop_klcreatures_1,1
transfer/101.png,"[154,202,983,291]",item_equip_script_4_2,1
transfer/101.png,"[154,202,983,291]",item_equip_script_4_3,1
transfer/101.png,"[154,202,983,291]",item_fbottle_iron_water,3
transfer/101.png,"[154,202,983,291]",item_hscrane_1_hsmob_1_grass_1_1,1
transfer/101.png,"[154,202,983,291]",item_iron_bottle,1
transfer/101.png,"[154,202,983,291]",item_plant_crylplant_1_1,1
transfer/101.png,"[154,202,983,291]",item_plant_crylplant_1_2,1
transfer/101.png,"[154,202,983,291]",item_plant_crylplant_1_3,1
transfer/101.png,"[154,202,983,291]",item_plant_crylplant_2_1,1
transfer/101.png,"[154,202,983,291]",item_plant_crylplant_2_2,1
transfer/101.png,"[154,202,983,291]",item_plant_crylplant_2_3,1
transfer/101.png,"[154,202,983,291]",item_plant_mushroom_1_1,1
transfer/101.png,"[154,202,983,291]",item_plant_mushroom_1_2,1
transfer/101.png,"[154,202,983,291]",item_plant_mushroom_1_3,1
transfer/101.png,"[154,202,983,291]",item_plant_mushroom_2_1,1
transfer/101.png,"[154,202,983,291]",item_plant_mushroom_2_2,1
transfer/101.png,"[154,202,983,291]",item_plant_mushroom_2_3,1
transfer/101.png,"[154,202,983,291]",item_plant_spcstone_1_1,1
transfer/101.png,"[154,202,983,291]",item_plant_spcstone_1_2,1
transfer/101.png,"[154,202,983,291]",item_plant_spcstone_1_3,1
transfer/101.png,"[154,202,983,291]",item_plant_spcstone_2_1,1
transfer/101.png,"[154,202,983,291]",item_plant_spcstone_2_2,1
transfer/101.png,"[154,202,983,291]",item_plant_spcstone_2_3,1
transfer/101.png,"[154,202,983,291]",item_port_power_diffuser_1,1
transfer/101.png,"[154,202,983,291]",item_port_power_diffuser_2,1
transfer/101.png,"[154,202,983,291]",item_port_power_pole_2,1
transfer/101.png,"[154,202,983,291]",item_port_power_pole_3,1
transfer/101.png,"[154,202,983,291]",item_port_travel_pole_2,1
transfer/101.png,"[154,202,983,291]",item_proc_bomb_1,1
transfer/102.png,"[154,202,983,291]",item_bottled_grass2spc_2,1
transfer/102.png,"[154,202,983,291]",item_bottled_insec1_2,1
transfer/102.png,"[154,202,983,291]",item_copper_enr_cmpt,1
transfer/102.png,"[154,202,983,291]",item_crystal_powder,1
transfer/102.png,"[154,202,983,291]",item_drop_hscrane_1,1
transfer/102.png,"[154,202,983,291]",item_drop_hsmino_1,1
transfer/102.png,"[154,202,983,291]",item_drop_wgshoal_1,1
transfer/102.png,"[154,202,983,291]",item_drop_wgthorns_1,1
transfer/102.png,"[154,202,983,291]",item_equip_script_3,1
transfer/102.png,"[154,202,983,291]",item_equip_script_4_2,1
transfer/102.png,"[154,202,983,291]",item_glass_bottle,1
transfer/102.png,"[154,202,983,291]",item_glass_cmpt,1
transfer/102.png,"[154,202,983,291]",item_glass_enr_bottle,1
transfer/102.png,"[154,202,983,291]",item_glass_enr_cmpt,1
transfer/102.png,"[154,202,983,291]",item_hscrane_1_hsmob_1_grass_1_1,1
transfer/102.png,"[154,202,983,291]",item_iron_bottle,1
transfer/102.png,"[154,202,983,291]",item_iron_cmpt,1
transfer/102.png,"[154,202,983,291]",item_iron_enr,1
transfer/102.png,"[154,202,983,291]",item_iron_enr_bottle,1
transfer/102.png,"[154,202,983,291]",item_iron_enr_cmpt,1
transfer/102.png,"[154,202,983,291]",item_iron_enr_powder,1
transfer/102.png,"[154,202,983,291]",item_iron_nugget,1
transfer/102.png,"[154,202,983,291]",item_iron_powder,1
transfer/102.png,"[154,202,983,291]",item_plant_bbflower_powder_1,1
transfer/102.png,"[154,202,983,291]",item_plant_crylplant_2_1,1
transfer/102.png,"[154,202,983,291]",item_plant_moss_powder_3,1
transfer/102.png,"[154,202,983,291]",item_plant_mushroom_2_1,1
transfer/102.png,"[154,202,983,291]",item_plant_spcstone_2_2,1
transfer/102.png,"[154,202,983,291]",item_port_power_diffuser_1,1
transfer/102.png,"[154,202,983,291]",item_port_power_diffuser_2,1
transfer/102.png,"[154,202,983,291]",item_port_power_pole_2,1
transfer/102.png,"[154,202,983,291]",item_port_power_pole_3,1
transfer/102.png,"[154,202,983,291]",item_port_power_sta_1,1
transfer/102.png,"[154,202,983,291]",item_port_travel_pole_2,1
transfer/102.png,"[154,202,983,291]",item_proc_battery_3,1
transfer/102.png,"[154,202,983,291]",item_proc_battery_4,1
transfer/102.png,"[154,202,983,291]",item_proc_battery_5,1
transfer/102.png,"[154,202,983,291]",item_proc_bomb_1,1
transfer/102.png,"[154,202,983,291]",item_quartz_enr,1
transfer/102.png,"[154,202,983,291]",item_quartz_enr_powder,1
transfer/102.png,"[154,202,983,291]",item_quartz_glass,1
transfer/102.png,"[154,202,983,291]",item_quartz_powder,1
transfer/102.png,"[154,202,983,291]",item_spaceship_cmpt_1,1
transfer/102.png,"[154,202,983,291]",item_spaceship_cmpt_2,1
transfer/102.png,"[154,202,983,291]",item_xiranite_enr_powder,1
transfer/102.png,"[154,202,983,291]",item_xiranite_powder,1
transfer/103.png,"[154,202,983,291]",item_bottled_grass2spc_2,1
transfer/103.png,"[154,202,983,291]",item_bottled_insec1_2,1
transfer/103.png,"[154,202,983,291]",item_copper_enr_cmpt,1
transfer/103.png,"[154,202,983,291]",item_crystal_powder,1
transfer/103.png,"[154,202,983,291]",item_drop_hscrane_1,1
transfer/103.png,"[154,202,983,291]",item_drop_hsmino_1,1
transfer/103.png,"[154,202,983,291]",item_drop_wgshoal_1,1
transfer/103.png,"[154,202,983,291]",item_drop_wgthorns_1,1
transfer/103.png,"[154,202,983,291]",item_equip_script_3,1
transfer/103.png,"[154,202,983,291]",item_equip_script_4_2,1
transfer/103.png,"[154,202,983,291]",item_glass_bottle,1
transfer/103.png,"[154,202,983,291]",item_glass_cmpt,1
transfer/103.png,"[154,202,983,291]",item_glass_enr_bottle,1
transfer/103.png,"[154,202,983,291]",item_glass_enr_cmpt,1
transfer/103.png,"[154,202,983,291]",item_hscrane_1_hsmob_1_grass_1_1,1
transfer/103.png,"[154,202,983,291]",item_iron_bottle,1
transfer/103.png,"[154,202,983,291]",item_iron_cmpt,1
transfer/103.png,"[154,202,983,291]",item_iron_enr,1
transfer/103.png,"[154,202,983,291]",item_iron_enr_bottle,1
transfer/103.png,"[154,202,983,291]",item_iron_enr_cmpt,1
transfer/103.png,"[154,202,983,291]",item_iron_enr_powder,1
transfer/103.png,"[154,202,983,291]",item_iron_nugget,1
transfer/103.png,"[154,202,983,291]",item_iron_powder,1
transfer/103.png,"[154,202,983,291]",item_plant_bbflower_powder_1,1
transfer/103.png,"[154,202,983,291]",item_plant_crylplant_2_1,1
transfer/103.png,"[154,202,983,291]",item_plant_moss_powder_3,1
transfer/103.png,"[154,202,983,291]",item_plant_mushroom_2_1,1
transfer/103.png,"[154,202,983,291]",item_plant_spcstone_2_2,1
transfer/103.png,"[154,202,983,291]",item_port_power_diffuser_1,1
transfer/103.png,"[154,202,983,291]",item_port_power_diffuser_2,1
transfer/103.png,"[154,202,983,291]",item_port_power_pole_2,1
transfer/103.png,"[154,202,983,291]",item_port_power_pole_3,1
transfer/103.png,"[154,202,983,291]",item_port_power_sta_1,1
transfer/103.png,"[154,202,983,291]",item_port_travel_pole_2,1
transfer/103.png,"[154,202,983,291]",item_proc_battery_3,1
transfer/103.png,"[154,202,983,291]",item_proc_battery_4,1
transfer/103.png,"[154,202,983,291]",item_proc_battery_5,1
transfer/103.png,"[154,202,983,291]",item_proc_bomb_1,1
transfer/103.png,"[154,202,983,291]",item_quartz_enr,1
transfer/103.png,"[154,202,983,291]",item_quartz_enr_powder,1
transfer/103.png,"[154,202,983,291]",item_quartz_glass,1
transfer/103.png,"[154,202,983,291]",item_quartz_powder,1
transfer/103.png,"[154,202,983,291]",item_spaceship_cmpt_1,1
transfer/103.png,"[154,202,983,291]",item_spaceship_cmpt_2,1
transfer/103.png,"[154,202,983,291]",item_xiranite_enr_powder,1
transfer/103.png,"[154,202,983,291]",item_xiranite_powder,1
transfer/104.png,"[154,202,983,291]",item_bottled_grass2spc_2,1
transfer/104.png,"[154,202,983,291]",item_bottled_insec1_2,1
transfer/104.png,"[154,202,983,291]",item_copper_enr_cmpt,1
transfer/104.png,"[154,202,983,291]",item_crystal_powder,1
transfer/104.png,"[154,202,983,291]",item_drop_hscrane_1,1
transfer/104.png,"[154,202,983,291]",item_drop_hsmino_1,1
transfer/104.png,"[154,202,983,291]",item_drop_wgshoal_1,1
transfer/104.png,"[154,202,983,291]",item_drop_wgthorns_1,1
transfer/104.png,"[154,202,983,291]",item_equip_script_3,1
transfer/104.png,"[154,202,983,291]",item_equip_script_4_2,1
transfer/104.png,"[154,202,983,291]",item_glass_bottle,1
transfer/104.png,"[154,202,983,291]",item_glass_cmpt,1
transfer/104.png,"[154,202,983,291]",item_glass_enr_bottle,1
transfer/104.png,"[154,202,983,291]",item_glass_enr_cmpt,1
transfer/104.png,"[154,202,983,291]",item_hscrane_1_hsmob_1_grass_1_1,1
transfer/104.png,"[154,202,983,291]",item_iron_bottle,1
transfer/104.png,"[154,202,983,291]",item_iron_cmpt,1
transfer/104.png,"[154,202,983,291]",item_iron_enr,1
transfer/104.png,"[154,202,983,291]",item_iron_enr_bottle,1
transfer/104.png,"[154,202,983,291]",item_iron_enr_cmpt,1
transfer/104.png,"[154,202,983,291]",item_iron_enr_powder,1
transfer/104.png,"[154,202,983,291]",item_iron_nugget,1
transfer/104.png,"[154,202,983,291]",item_iron_powder,1
transfer/104.png,"[154,202,983,291]",item_plant_bbflower_powder_1,1
transfer/104.png,"[154,202,983,291]",item_plant_crylplant_2_1,1
transfer/104.png,"[154,202,983,291]",item_plant_moss_powder_3,1
transfer/104.png,"[154,202,983,291]",item_plant_mushroom_2_1,1
transfer/104.png,"[154,202,983,291]",item_plant_spcstone_2_2,1
transfer/104.png,"[154,202,983,291]",item_port_power_diffuser_1,1
transfer/104.png,"[154,202,983,291]",item_port_power_diffuser_2,1
transfer/104.png,"[154,202,983,291]",item_port_power_pole_2,1
transfer/104.png,"[154,202,983,291]",item_port_power_pole_3,1
transfer/104.png,"[154,202,983,291]",item_port_power_sta_1,1
transfer/104.png,"[154,202,983,291]",item_port_travel_pole_2,1
transfer/104.png,"[154,202,983,291]",item_proc_battery_3,1
transfer/104.png,"[154,202,983,291]",item_proc_battery_4,1
transfer/104.png,"[154,202,983,291]",item_proc_battery_5,1
transfer/104.png,"[154,202,983,291]",item_proc_bomb_1,1
transfer/104.png,"[154,202,983,291]",item_quartz_enr,1
transfer/104.png,"[154,202,983,291]",item_quartz_enr_powder,1
transfer/104.png,"[154,202,983,291]",item_quartz_glass,1
transfer/104.png,"[154,202,983,291]",item_quartz_powder,1
transfer/104.png,"[154,202,983,291]",item_spaceship_cmpt_1,1
transfer/104.png,"[154,202,983,291]",item_spaceship_cmpt_2,1
transfer/104.png,"[154,202,983,291]",item_xiranite_enr_powder,1
transfer/104.png,"[154,202,983,291]",item_xiranite_powder,1
transfer/105.png,"[154,202,983,291]",item_bottled_grass2spc_2,1
transfer/105.png,"[154,202,983,291]",item_bottled_insec1_2,1
transfer/105.png,"[154,202,983,291]",item_copper_enr_cmpt,1
transfer/105.png,"[154,202,983,291]",item_crystal_powder,1
transfer/105.png,"[154,202,983,291]",item_drop_hscrane_1,1
transfer/105.png,"[154,202,983,291]",item_drop_hsmino_1,1
transfer/105.png,"[154,202,983,291]",item_drop_wgshoal_1,1
transfer/105.png,"[154,202,983,291]",item_drop_wgthorns_1,1
transfer/105.png,"[154,202,983,291]",item_equip_script_3,1
transfer/105.png,"[154,202,983,291]",item_equip_script_4_2,1
transfer/105.png,"[154,202,983,291]",item_glass_bottle,1
transfer/105.png,"[154,202,983,291]",item_glass_cmpt,1
transfer/105.png,"[154,202,983,291]",item_glass_enr_bottle,1
transfer/105.png,"[154,202,983,291]",item_glass_enr_cmpt,1
transfer/105.png,"[154,202,983,291]",item_hscrane_1_hsmob_1_grass_1_1,1
transfer/105.png,"[154,202,983,291]",item_iron_bottle,1
transfer/105.png,"[154,202,983,291]",item_iron_cmpt,1
transfer/105.png,"[154,202,983,291]",item_iron_enr,1
transfer/105.png,"[154,202,983,291]",item_iron_enr_bottle,1
transfer/105.png,"[154,202,983,291]",item_iron_enr_cmpt,1
transfer/105.png,"[154,202,983,291]",item_iron_enr_powder,1
transfer/105.png,"[154,202,983,291]",item_iron_nugget,1
transfer/105.png,"[154,202,983,291]",item_iron_powder,1
transfer/105.png,"[154,202,983,291]",item_plant_bbflower_powder_1,1
transfer/105.png,"[154,202,983,291]",item_plant_crylplant_2_1,1
transfer/105.png,"[154,202,983,291]",item_plant_moss_powder_3,1
transfer/105.png,"[154,202,983,291]",item_plant_mushroom_2_1,1
transfer/105.png,"[154,202,983,291]",item_plant_spcstone_2_2,1
transfer/105.png,"[154,202,983,291]",item_port_power_diffuser_1,1
transfer/105.png,"[154,202,983,291]",item_port_power_diffuser_2,1
transfer/105.png,"[154,202,983,291]",item_port_power_pole_2,1
transfer/105.png,"[154,202,983,291]",item_port_power_pole_3,1
transfer/105.png,"[154,202,983,291]",item_port_power_sta_1,1
transfer/105.png,"[154,202,983,291]",item_port_travel_pole_2,1
transfer/105.png,"[154,202,983,291]",item_proc_battery_3,1
transfer/105.png,"[154,202,983,291]",item_proc_battery_4,1
transfer/105.png,"[154,202,983,291]",item_proc_battery_5,1
transfer/105.png,"[154,202,983,291]",item_proc_bomb_1,1
transfer/105.png,"[154,202,983,291]",item_quartz_enr,1
transfer/105.png,"[154,202,983,291]",item_quartz_enr_powder,1
transfer/105.png,"[154,202,983,291]",item_quartz_glass,1
transfer/105.png,"[154,202,983,291]",item_quartz_powder,1
transfer/105.png,"[154,202,983,291]",item_spaceship_cmpt_1,1
transfer/105.png,"[154,202,983,291]",item_spaceship_cmpt_2,1
transfer/105.png,"[154,202,983,291]",item_xiranite_enr_powder,1
transfer/105.png,"[154,202,983,291]",item_xiranite_powder,1
transfer/106.png,"[154,202,983,291]",item_bottled_grass2spc_2,1
transfer/106.png,"[154,202,983,291]",item_bottled_insec1_2,1
transfer/106.png,"[154,202,983,291]",item_copper_enr_cmpt,1
transfer/106.png,"[154,202,983,291]",item_crystal_powder,1
transfer/106.png,"[154,202,983,291]",item_drop_hscrane_1,1
transfer/106.png,"[154,202,983,291]",item_drop_hsmino_1,1
transfer/106.png,"[154,202,983,291]",item_drop_wgshoal_1,1
transfer/106.png,"[154,202,983,291]",item_drop_wgthorns_1,1
transfer/106.png,"[154,202,983,291]",item_equip_script_3,1
transfer/106.png,"[154,202,983,291]",item_equip_script_4_2,1
transfer/106.png,"[154,202,983,291]",item_glass_bottle,1
transfer/106.png,"[154,202,983,291]",item_glass_cmpt,1
transfer/106.png,"[154,202,983,291]",item_glass_enr_bottle,1
transfer/106.png,"[154,202,983,291]",item_glass_enr_cmpt,1
transfer/106.png,"[154,202,983,291]",item_hscrane_1_hsmob_1_grass_1_1,1
transfer/106.png,"[154,202,983,291]",item_iron_bottle,1
transfer/106.png,"[154,202,983,291]",item_iron_cmpt,1
transfer/106.png,"[154,202,983,291]",item_iron_enr,1
transfer/106.png,"[154,202,983,291]",item_iron_enr_bottle,1
transfer/106.png,"[154,202,983,291]",item_iron_enr_cmpt,1
transfer/106.png,"[154,202,983,291]",item_iron_enr_powder,1
transfer/106.png,"[154,202,983,291]",item_iron_nugget,1
transfer/106.png,"[154,202,983,291]",item_iron_powder,1
transfer/106.png,"[154,202,983,291]",item_plant_bbflower_powder_1,1
transfer/106.png,"[154,202,983,291]",item_plant_crylplant_2_1,1
transfer/106.png,"[154,202,983,291]",item_plant_moss_powder_3,1
transfer/106.png,"[154,202,983,291]",item_plant_mushroom_2_1,1
transfer/106.png,"[154,202,983,291]",item_plant_spcstone_2_2,1
transfer/106.png,"[154,202,983,291]",item_port_power_diffuser_1,1
transfer/106.png,"[154,202,983,291]",item_port_power_diffuser_2,1
transfer/106.png,"[154,202,983,291]",item_port_power_pole_2,1
transfer/106.png,"[154,202,983,291]",item_port_power_pole_3,1
transfer/106.png,"[154,202,983,291]",item_port_power_sta_1,1
transfer/106.png,"[154,202,983,291]",item_port_travel_pole_2,1
transfer/106.png,"[154,202,983,291]",item_proc_battery_3,1
transfer/106.png,"[154,202,983,291]",item_proc_battery_4,1
transfer/106.png,"[154,202,983,291]",item_proc_battery_5,1
transfer/106.png,"[154,202,983,291]",item_proc_bomb_1,1
transfer/106.png,"[154,202,983,291]",item_quartz_enr,1
transfer/106.png,"[154,202,983,291]",item_quartz_enr_powder,1
transfer/106.png,"[154,202,983,291]",item_quartz_glass,1
transfer/106.png,"[154,202,983,291]",item_quartz_powder,1
transfer/106.png,"[154,202,983,291]",item_spaceship_cmpt_1,1
transfer/106.png,"[154,202,983,291]",item_spaceship_cmpt_2,1
transfer/106.png,"[154,202,983,291]",item_xiranite_enr_powder,1
transfer/106.png,"[154,202,983,291]",item_xiranite_powder,1
transfer/107.png,"[154,202,983,291]",item_bottled_grass2spc_2,1
transfer/107.png,"[154,202,983,291]",item_bottled_insec1_2,1
transfer/107.png,"[154,202,983,291]",item_copper_enr_cmpt,1
transfer/107.png,"[154,202,983,291]",item_crystal_powder,1
transfer/107.png,"[154,202,983,291]",item_drop_hscrane_1,1
transfer/107.png,"[154,202,983,291]",item_drop_hsmino_1,1
transfer/107.png,"[154,202,983,291]",item_drop_wgshoal_1,1
transfer/107.png,"[154,202,983,291]",item_drop_wgthorns_1,1
transfer/107.png,"[154,202,983,291]",item_equip_script_3,1
transfer/107.png,"[154,202,983,291]",item_equip_script_4_2,1
transfer/107.png,"[154,202,983,291]",item_glass_bottle,1
transfer/107.png,"[154,202,983,291]",item_glass_cmpt,1
transfer/107.png,"[154,202,983,291]",item_glass_enr_bottle,1
transfer/107.png,"[154,202,983,291]",item_glass_enr_cmpt,1
transfer/107.png,"[154,202,983,291]",item_hscrane_1_hsmob_1_grass_1_1,1
transfer/107.png,"[154,202,983,291]",item_iron_bottle,1
transfer/107.png,"[154,202,983,291]",item_iron_cmpt,1
transfer/107.png,"[154,202,983,291]",item_iron_enr,1
transfer/107.png,"[154,202,983,291]",item_iron_enr_bottle,1
transfer/107.png,"[154,202,983,291]",item_iron_enr_cmpt,1
transfer/107.png,"[154,202,983,291]",item_iron_enr_powder,1
transfer/107.png,"[154,202,983,291]",item_iron_nugget,1
transfer/107.png,"[154,202,983,291]",item_iron_powder,1
transfer/107.png,"[154,202,983,291]",item_plant_bbflower_powder_1,1
transfer/107.png,"[154,202,983,291]",item_plant_crylplant_2_1,1
transfer/107.png,"[154,202,983,291]",item_plant_moss_powder_3,1
transfer/107.png,"[154,202,983,291]",item_plant_mushroom_2_1,1
transfer/107.png,"[154,202,983,291]",item_plant_spcstone_2_2,1
transfer/107.png,"[154,202,983,291]",item_port_power_diffuser_1,1
transfer/107.png,"[154,202,983,291]",item_port_power_diffuser_2,1
transfer/107.png,"[154,202,983,291]",item_port_power_pole_2,1
transfer/107.png,"[154,202,983,291]",item_port_power_pole_3,1
transfer/107.png,"[154,202,983,291]",item_port_power_sta_1,1
transfer/107.png,"[154,202,983,291]",item_port_travel_pole_2,1
transfer/107.png,"[154,202,983,291]",item_proc_battery_3,1
transfer/107.png,"[154,202,983,291]",item_proc_battery_4,1
transfer/107.png,"[154,202,983,291]",item_proc_battery_5,1
transfer/107.png,"[154,202,983,291]",item_proc_bomb_1,1
transfer/107.png,"[154,202,983,291]",item_quartz_enr,1
transfer/107.png,"[154,202,983,291]",item_quartz_enr_powder,1
transfer/107.png,"[154,202,983,291]",item_quartz_glass,1
transfer/107.png,"[154,202,983,291]",item_quartz_powder,1
transfer/107.png,"[154,202,983,291]",item_spaceship_cmpt_1,1
transfer/107.png,"[154,202,983,291]",item_spaceship_cmpt_2,1
transfer/107.png,"[154,202,983,291]",item_xiranite_enr_powder,1
transfer/107.png,"[154,202,983,291]",item_xiranite_powder,1
transfer/108.png,"[154,202,983,291]",item_bottled_food_1,1
transfer/108.png,"[154,202,983,291]",item_bottled_food_4,1
transfer/108.png,"[154,202,983,291]",item_bottled_rec_hp_3,1
transfer/108.png,"[154,202,983,291]",item_bottled_rec_hp_5,1
transfer/108.png,"[154,202,983,291]",item_copper_enr_cmpt,1
transfer/108.png,"[154,202,983,291]",item_copper_enr2_cmpt,19
transfer/108.png,"[154,202,983,291]",item_crystal_powder,1
transfer/108.png,"[154,202,983,291]",item_device_balloon_recycle_3,1
transfer/108.png,"[154,202,983,291]",item_device_xiranite_nexus_3,1
transfer/108.png,"[154,202,983,291]",item_equip_script_3,1
transfer/108.png,"[154,202,983,291]",item_glass_cmpt,1
transfer/108.png,"[154,202,983,291]",item_glass_enr_cmpt,1
transfer/108.png,"[154,202,983,291]",item_iron_cmpt,1
transfer/108.png,"[154,202,983,291]",item_iron_enr_cmpt,1
transfer/108.png,"[154,202,983,291]",item_iron_nugget,1
transfer/108.png,"[154,202,983,291]",item_iron_powder,1
transfer/108.png,"[154,202,983,291]",item_plant_bbflower_powder_1,1
transfer/108.png,"[154,202,983,291]",item_plant_moss_powder_3,1
transfer/108.png,"[154,202,983,291]",item_port_cmpt_mc_1,1
transfer/108.png,"[154,202,983,291]",item_port_furnance_1,1
transfer/108.png,"[154,202,983,291]",item_port_grinder_1,1
transfer/108.png,"[154,202,983,291]",item_port_loader_1,1
transfer/108.png,"[154,202,983,291]",item_port_marker_1,1
transfer/108.png,"[154,202,983,291]",item_port_shaper_1,1
transfer/108.png,"[154,202,983,291]",item_port_thickener_1,1
transfer/108.png,"[154,202,983,291]",item_port_tools_asm_mc_1,1
transfer/108.png,"[154,202,983,291]",item_proc_battery_3,1
transfer/108.png,"[154,202,983,291]",item_proc_battery_4,1
transfer/108.png,"[154,202,983,291]",item_proc_battery_5,1
transfer/108.png,"[154,202,983,291]",item_proc_bomb_1,1
transfer/108.png,"[154,202,983,291]",item_quartz_enr_powder,1
transfer/108.png,"[154,202,983,291]",item_quartz_glass,1
transfer/108.png,"[154,202,983,291]",item_quartz_powder,1
transfer/109.png,"[154,202,983,291]",item_device_balloon_recycle_3,1
transfer/109.png,"[154,202,983,291]",item_device_xiranite_nexus_3,1
transfer/109.png,"[154,202,983,291]",item_drop_agdisk_1,1
transfer/109.png,"[154,202,983,291]",item_drop_agfly_1,1
transfer/109.png,"[154,202,983,291]",item_drop_agmelee_1,1
transfer/109.png,"[154,202,983,291]",item_drop_agrange_1,1
transfer/109.png,"[154,202,983,291]",item_drop_dog_1,1
transfer/109.png,"[154,202,983,291]",item_drop_erhound_1,1
transfer/109.png,"[154,202,983,291]",item_drop_ethillu_1,1
transfer/109.png,"[154,202,983,291]",item_drop_firebat_1,1
transfer/109.png,"[154,202,983,291]",item_drop_hscrane_1,1
transfer/109.png,"[154,202,983,291]",item_drop_hsfly_1,1
transfer/109.png,"[154,202,983,291]",item_drop_hshog_1,1
transfer/109.png,"[154,202,983,291]",item_drop_hsmino_1,1
transfer/109.png,"[154,202,983,291]",item_drop_hsmob_1,1
transfer/109.png,"[154,202,983,291]",item_drop_hstiger_1,1
transfer/109.png,"[154,202,983,291]",item_drop_hvybow_1,1
transfer/109.png,"[154,202,983,291]",item_drop_jzmonk_1,1
transfer/109.png,"[154,202,983,291]",item_drop_lbmob_1,1
transfer/109.png,"[154,202,983,291]",item_drop_lbroshan_1,1
transfer/109.png,"[154,202,983,291]",item_drop_lbshamman_1,1
transfer/109.png,"[154,202,983,291]",item_drop_lbshield_1,1
transfer/109.png,"[154,202,983,291]",item_drop_lbtough_1,1
transfer/109.png,"[154,202,983,291]",item_drop_mimicw_1,1
transfer/109.png,"[154,202,983,291]",item_drop_sandb_1,1
transfer/109.png,"[154,202,983,291]",item_drop_slimeml_1,1
transfer/109.png,"[154,202,983,291]",item_drop_wgabyss_1,1
transfer/109.png,"[154,202,983,291]",item_drop_wgshoal_1,1
transfer/109.png,"[154,202,983,291]",item_drop_wgslime_1,1
transfer/109.png,"[154,202,983,291]",item_drop_wgthorns_1,1
transfer/109.png,"[154,202,983,291]",item_muck_feces_1,1
transfer/109.png,"[154,202,983,291]",item_plant_tundra_insect_1,1
transfer/109.png,"[154,202,983,291]",item_plant_tundra_insect_2,1
transfer/109.png,"[154,202,983,291]",item_plant_tundra_wood,1
transfer/109.png,"[154,202,983,291]",item_proc_battery_3,18
transfer/11.png,"[154,202,983,291]",item_bottled_rec_hp_5,1
transfer/11.png,"[154,202,983,291]",item_copper_ore,1
transfer/11.png,"[154,202,983,291]",item_drop_hscrane_1,1
transfer/11.png,"[154,202,983,291]",item_drop_hsmino_1,1
transfer/11.png,"[154,202,983,291]",item_drop_hsmob_1,1
transfer/11.png,"[154,202,983,291]",item_drop_klbuds_1,1
transfer/11.png,"[154,202,983,291]",item_drop_klcreatures_1,1
transfer/11.png,"[154,202,983,291]",item_equip_script_4_2,1
transfer/11.png,"[154,202,983,291]",item_equip_script_4_3,1
transfer/11.png,"[154,202,983,291]",item_fbottle_iron_water,3
transfer/11.png,"[154,202,983,291]",item_iron_bottle,1
transfer/11.png,"[154,202,983,291]",item_iron_ore,1
transfer/11.png,"[154,202,983,291]",item_originium_ore,1
transfer/11.png,"[154,202,983,291]",item_port_travel_pole_2,1
transfer/110.png,"[154,202,983,291]",item_carbon_enr,1
transfer/110.png,"[154,202,983,291]",item_carbon_enr_powder,1
transfer/110.png,"[154,202,983,291]",item_carbon_mtl,1
transfer/110.png,"[154,202,983,291]",item_carbon_powder,1
transfer/110.png,"[154,202,983,291]",item_copper_cmpt,1
transfer/110.png,"[154,202,983,291]",item_copper_enr_cmpt,1
transfer/110.png,"[154,202,983,291]",item_copper_enr2_cmpt,19
transfer/110.png,"[154,202,983,291]",item_copper_nugget,1
transfer/110.png,"[154,202,983,291]",item_copper_powder,1
transfer/110.png,"[154,202,983,291]",item_crystal_enr,1
transfer/110.png,"[154,202,983,291]",item_crystal_enr_powder,1
transfer/110.png,"[154,202,983,291]",item_crystal_powder,1
transfer/110.png,"[154,202,983,291]",item_crystal_shell,1
transfer/110.png,"[154,202,983,291]",item_device_balloon_recycle_3,1
transfer/110.png,"[154,202,983,291]",item_device_xiranite_nexus_3,1
transfer/110.png,"[154,202,983,291]",item_equip_script_4,1
transfer/110.png,"[154,202,983,291]",item_equip_script_4_1,1
transfer/110.png,"[154,202,983,291]",item_equip_script_4_2,1
transfer/110.png,"[154,202,983,291]",item_equip_script_4_3,1
transfer/110.png,"[154,202,983,291]",item_glass_cmpt,1
transfer/110.png,"[154,202,983,291]",item_iron_cmpt,1
transfer/110.png,"[154,202,983,291]",item_iron_enr_cmpt,1
transfer/110.png,"[154,202,983,291]",item_iron_enr_powder,1
transfer/110.png,"[154,202,983,291]",item_iron_nugget,1
transfer/110.png,"[154,202,983,291]",item_iron_powder,1
transfer/110.png,"[154,202,983,291]",item_originium_enr_powder,1
transfer/110.png,"[154,202,983,291]",item_originium_powder,1
transfer/110.png,"[154,202,983,291]",item_plant_moss_powder_3,1
transfer/110.png,"[154,202,983,291]",item_proc_battery_3,1
transfer/110.png,"[154,202,983,291]",item_proc_battery_4,1
transfer/110.png,"[154,202,983,291]",item_proc_battery_5,1
transfer/110.png,"[154,202,983,291]",item_quartz_glass,1
transfer/111.png,"[154,202,983,291]",item_bottled_grass2spc_2,1
transfer/111.png,"[154,202,983,291]",item_bottled_insec1_2,1
transfer/111.png,"[154,202,983,291]",item_carbon_enr,1
transfer/111.png,"[154,202,983,291]",item_carbon_enr_powder,1
transfer/111.png,"[154,202,983,291]",item_copper_bottle,1
transfer/111.png,"[154,202,983,291]",item_copper_enr,1
transfer/111.png,"[154,202,983,291]",item_copper_enr2,1
transfer/111.png,"[154,202,983,291]",item_copper_jar,1
transfer/111.png,"[154,202,983,291]",item_copper_powder,1
transfer/111.png,"[154,202,983,291]",item_crystal_enr,1
transfer/111.png,"[154,202,983,291]",item_crystal_enr_powder,1
transfer/111.png,"[154,202,983,291]",item_device_balloon_recycle_3,1
transfer/111.png,"[154,202,983,291]",item_device_xiranite_nexus_3,1
transfer/111.png,"[154,202,983,291]",item_drop_mimicw_1,1
transfer/111.png,"[154,202,983,291]",item_fbottle_copper_grass_2,1
transfer/111.png,"[154,202,983,291]",item_fbottle_copper_xiranite_enr,1
transfer/111.png,"[154,202,983,291]",item_fbottle_iron_grass_1,1
transfer/111.png,"[154,202,983,291]",item_fbottle_iron_grass_2,1
transfer/111.png,"[154,202,983,291]",item_fbottle_iron_sewage,1
transfer/111.png,"[154,202,983,291]",item_fbottle_iron_water,1
transfer/111.png,"[154,202,983,291]",item_fbottle_iron_xiranite,1
transfer/111.png,"[154,202,983,291]",item_fbottle_iron_xiranite_enr,1
transfer/111.png,"[154,202,983,291]",item_fbottle_iron_xiranite_lowpoly,1
transfer/111.png,"[154,202,983,291]",item_fbottle_iron_xiranite_poly,1
transfer/111.png,"[154,202,983,291]",item_filter_core,1
transfer/111.png,"[154,202,983,291]",item_gasjar_copper_gas_copper_enr,1
transfer/111.png,"[154,202,983,291]",item_gasjar_copper_gas_xiranite,1
transfer/111.png,"[154,202,983,291]",item_hscrane_1_hsmob_1_grass_1_1,1
transfer/111.png,"[154,202,983,291]",item_iron_bottle,1
transfer/111.png,"[154,202,983,291]",item_iron_enr,1
transfer/111.png,"[154,202,983,291]",item_iron_enr_powder,1
transfer/111.png,"[154,202,983,291]",item_originium_enr_powder,1
transfer/111.png,"[154,202,983,291]",item_plant_crylplant_1_1,3
transfer/111.png,"[154,202,983,291]",item_plant_moss_powder_3,1
transfer/111.png,"[154,202,983,291]",item_plant_mushroom_1_1,2
transfer/111.png,"[154,202,983,291]",item_plant_spcstone_1_1,2
transfer/111.png,"[154,202,983,291]",item_plant_tundra_wood,1
transfer/111.png,"[154,202,983,291]",item_port_power_diffuser_1,1
transfer/111.png,"[154,202,983,291]",item_port_power_diffuser_2,1
transfer/111.png,"[154,202,983,291]",item_port_power_pole_2,1
transfer/111.png,"[154,202,983,291]",item_port_power_pole_3,1
transfer/111.png,"[154,202,983,291]",item_port_travel_pole_2,1
transfer/111.png,"[154,202,983,291]",item_proc_bomb_1,1
transfer/111.png,"[154,202,983,291]",item_spaceship_cmpt_1,1
transfer/111.png,"[154,202,983,291]",item_spaceship_cmpt_2,1
transfer/111.png,"[154,202,983,291]",item_xiranite_enr_powder,1
transfer/111.png,"[154,202,983,291]",item_xiranite_poly,1
transfer/111.png,"[154,202,983,291]",item_xiranite_powder,1
transfer/112.png,"[154,202,983,291]",item_bottled_grass2spc_2,1
transfer/112.png,"[154,202,983,291]",item_bottled_insec1_2,1
transfer/112.png,"[154,202,983,291]",item_carbon_enr,1
transfer/112.png,"[154,202,983,291]",item_carbon_enr_powder,1
transfer/112.png,"[154,202,983,291]",item_copper_bottle,1
transfer/112.png,"[154,202,983,291]",item_copper_enr,1
transfer/112.png,"[154,202,983,291]",item_copper_enr2,1
transfer/112.png,"[154,202,983,291]",item_copper_jar,1
transfer/112.png,"[154,202,983,291]",item_copper_ore,1
transfer/112.png,"[154,202,983,291]",item_crystal_enr,1
transfer/112.png,"[154,202,983,291]",item_crystal_enr_powder,1
transfer/112.png,"[154,202,983,291]",item_device_balloon_recycle_3,1
transfer/112.png,"[154,202,983,291]",item_device_xiranite_nexus_3,1
transfer/112.png,"[154,202,983,291]",item_drop_mimicw_1,1
transfer/112.png,"[154,202,983,291]",item_fbottle_copper_grass_2,1
transfer/112.png,"[154,202,983,291]",item_fbottle_copper_xiranite_enr,1
transfer/112.png,"[154,202,983,291]",item_fbottle_iron_grass_1,1
transfer/112.png,"[154,202,983,291]",item_fbottle_iron_grass_2,1
transfer/112.png,"[154,202,983,291]",item_fbottle_iron_sewage,1
transfer/112.png,"[154,202,983,291]",item_fbottle_iron_water,1
transfer/112.png,"[154,202,983,291]",item_fbottle_iron_xiranite,1
transfer/112.png,"[154,202,983,291]",item_fbottle_iron_xiranite_enr,1
transfer/112.png,"[154,202,983,291]",item_fbottle_iron_xiranite_lowpoly,1
transfer/112.png,"[154,202,983,291]",item_fbottle_iron_xiranite_poly,1
transfer/112.png,"[154,202,983,291]",item_filter_core,1
transfer/112.png,"[154,202,983,291]",item_gasjar_copper_gas_copper_enr,1
transfer/112.png,"[154,202,983,291]",item_gasjar_copper_gas_xiranite,1
transfer/112.png,"[154,202,983,291]",item_hscrane_1_hsmob_1_grass_1_1,1
transfer/112.png,"[154,202,983,291]",item_iron_bottle,1
transfer/112.png,"[154,202,983,291]",item_iron_enr,1
transfer/112.png,"[154,202,983,291]",item_iron_enr_powder,1
transfer/112.png,"[154,202,983,291]",item_iron_ore,1
transfer/112.png,"[154,202,983,291]",item_originium_ore,1
transfer/112.png,"[154,202,983,291]",item_plant_crylplant_1_1,3
transfer/112.png,"[154,202,983,291]",item_plant_moss_1,1
transfer/112.png,"[154,202,983,291]",item_plant_moss_spc_1,1
transfer/112.png,"[154,202,983,291]",item_plant_mushroom_1_1,2
transfer/112.png,"[154,202,983,291]",item_plant_spcstone_1_1,2
transfer/112.png,"[154,202,983,291]",item_plant_tundra_wood,1
transfer/112.png,"[154,202,983,291]",item_port_power_diffuser_1,1
transfer/112.png,"[154,202,983,291]",item_port_power_diffuser_2,1
transfer/112.png,"[154,202,983,291]",item_port_power_pole_2,1
transfer/112.png,"[154,202,983,291]",item_port_power_pole_3,1
transfer/112.png,"[154,202,983,291]",item_port_travel_pole_2,1
transfer/112.png,"[154,202,983,291]",item_proc_bomb_1,1
transfer/112.png,"[154,202,983,291]",item_xiranite_enr_powder,1
transfer/112.png,"[154,202,983,291]",item_xiranite_poly,1
transfer/112.png,"[154,202,983,291]",item_xiranite_powder,1
transfer/12.png,"[154,202,983,291]",item_bottled_grass2spc_2,1
transfer/12.png,"[154,202,983,291]",item_bottled_insec1_2,1
transfer/12.png,"[154,202,983,291]",item_drop_agdisk_1,1
transfer/12.png,"[154,202,983,291]",item_drop_firebat_1,1
transfer/12.png,"[154,202,983,291]",item_drop_hscrane_1,2
transfer/12.png,"[154,202,983,291]",item_drop_hshog_1,1
transfer/12.png,"[154,202,983,291]",item_drop_hsmino_1,2
transfer/12.png,"[154,202,983,291]",item_drop_hstiger_1,1
transfer/12.png,"[154,202,983,291]",item_drop_hvybow_1,1
transfer/12.png,"[154,202,983,291]",item_drop_jzmonk_1,1
transfer/12.png,"[154,202,983,291]",item_drop_jzogre_1,1
transfer/12.png,"[154,202,983,291]",item_drop_lbroshan_1,1
transfer/12.png,"[154,202,983,291]",item_drop_lbshamman_1,1
transfer/12.png,"[154,202,983,291]",item_drop_lbtough_1,1
transfer/12.png,"[154,202,983,291]",item_drop_sandb_1,1
transfer/12.png,"[154,202,983,291]",item_drop_wgabyss_1,1
transfer/12.png,"[154,202,983,291]",item_drop_wgshoal_1,2
transfer/12.png,"[154,202,983,291]",item_drop_wgthorns_1,1
transfer/12.png,"[154,202,983,291]",item_equip_script_4_2,1
transfer/12.png,"[154,202,983,291]",item_hscrane_1_hsmob_1_grass_1_1,1
transfer/12.png,"[154,202,983,291]",item_plant_crylplant_1_1,1
transfer/12.png,"[154,202,983,291]",item_plant_crylplant_1_2,1
transfer/12.png,"[154,202,983,291]",item_plant_crylplant_1_3,1
transfer/12.png,"[154,202,983,291]",item_plant_crylplant_2_1,2
transfer/12.png,"[154,202,983,291]",item_plant_crylplant_2_2,1
transfer/12.png,"[154,202,983,291]",item_plant_mushroom_1_1,1
transfer/12.png,"[154,202,983,291]",item_plant_mushroom_1_2,1
transfer/12.png,"[154,202,983,291]",item_plant_mushroom_1_3,1
transfer/12.png,"[154,202,983,291]",item_plant_mushroom_2_1,2
transfer/12.png,"[154,202,983,291]",item_plant_mushroom_2_2,1
transfer/12.png,"[154,202,983,291]",item_plant_spcstone_1_1,1
transfer/12.png,"[154,202,983,291]",item_plant_spcstone_1_2,1
transfer/12.png,"[154,202,983,291]",item_plant_spcstone_1_3,1
transfer/12.png,"[154,202,983,291]",item_plant_spcstone_2_1,1
transfer/12.png,"[154,202,983,291]",item_plant_spcstone_2_2,2
transfer/12.png,"[154,202,983,291]",item_port_power_diffuser_1,1
transfer/12.png,"[154,202,983,291]",item_port_power_diffuser_2,1
transfer/12.png,"[154,202,983,291]",item_port_power_pole_2,1
transfer/12.png,"[154,202,983,291]",item_port_power_pole_3,1
transfer/12.png,"[154,202,983,291]",item_port_power_sta_1,1
transfer/12.png,"[154,202,983,291]",item_port_travel_pole_2,1
transfer/12.png,"[154,202,983,291]",item_proc_bomb_1,1
transfer/12.png,"[154,202,983,291]",item_spaceship_cmpt_1,1
transfer/12.png,"[154,202,983,291]",item_spaceship_cmpt_2,1
transfer/13.png,"[154,202,983,291]",item_bottled_rec_hp_5,1
transfer/13.png,"[154,202,983,291]",item_drop_hscrane_1,1
transfer/13.png,"[154,202,983,291]",item_drop_hsmino_1,1
transfer/13.png,"[154,202,983,291]",item_drop_hsmob_1,1
transfer/13.png,"[154,202,983,291]",item_drop_klbuds_1,1
transfer/13.png,"[154,202,983,291]",item_drop_klcreatures_1,1
transfer/13.png,"[154,202,983,291]",item_equip_script_4_2,1
transfer/13.png,"[154,202,983,291]",item_equip_script_4_3,1
transfer/13.png,"[154,202,983,291]",item_fbottle_iron_water,3
transfer/13.png,"[154,202,983,291]",item_iron_bottle,1
transfer/13.png,"[154,202,983,291]",item_plant_bbflower_1,1
transfer/13.png,"[154,202,983,291]",item_plant_bbflower_seed_1,1
transfer/13.png,"[154,202,983,291]",item_plant_grass_1,1
transfer/13.png,"[154,202,983,291]",item_plant_grass_2,1
transfer/13.png,"[154,202,983,291]",item_plant_grass_seed_1,1
transfer/13.png,"[154,202,983,291]",item_plant_grass_seed_2,1
transfer/13.png,"[154,202,983,291]",item_plant_grass_spc_1,1
transfer/13.png,"[154,202,983,291]",item_plant_grass_spc_2,1
transfer/13.png,"[154,202,983,291]",item_plant_moss_1,1
transfer/13.png,"[154,202,983,291]",item_plant_moss_2,1
transfer/13.png,"[154,202,983,291]",item_plant_moss_3,1
transfer/13.png,"[154,202,983,291]",item_plant_moss_seed_3,1
transfer/13.png,"[154,202,983,291]",item_plant_moss_spc_1,1
transfer/13.png,"[154,202,983,291]",item_plant_moss_spc_2,1
transfer/13.png,"[154,202,983,291]",item_plant_sp_1,1
transfer/13.png,"[154,202,983,291]",item_plant_sp_2,1
transfer/13.png,"[154,202,983,291]",item_plant_sp_3,1
transfer/13.png,"[154,202,983,291]",item_plant_sp_4,1
transfer/13.png,"[154,202,983,291]",item_plant_tundra_wood,1
transfer/13.png,"[154,202,983,291]",item_port_travel_pole_2,1
transfer/14.png,"[154,202,983,291]",item_bottled_grass2spc_2,1
transfer/14.png,"[154,202,983,291]",item_bottled_insec1_2,1
transfer/14.png,"[154,202,983,291]",item_drop_agdisk_1,1
transfer/14.png,"[154,202,983,291]",item_drop_firebat_1,1
transfer/14.png,"[154,202,983,291]",item_drop_hscrane_1,2
transfer/14.png,"[154,202,983,291]",item_drop_hshog_1,1
transfer/14.png,"[154,202,983,291]",item_drop_hsmino_1,2
transfer/14.png,"[154,202,983,291]",item_drop_hstiger_1,1
transfer/14.png,"[154,202,983,291]",item_drop_hvybow_1,1
transfer/14.png,"[154,202,983,291]",item_drop_jzmonk_1,1
transfer/14.png,"[154,202,983,291]",item_drop_jzogre_1,1
transfer/14.png,"[154,202,983,291]",item_drop_lbroshan_1,1
transfer/14.png,"[154,202,983,291]",item_drop_lbshamman_1,1
transfer/14.png,"[154,202,983,291]",item_drop_lbtough_1,1
transfer/14.png,"[154,202,983,291]",item_drop_sandb_1,1
transfer/14.png,"[154,202,983,291]",item_drop_wgabyss_1,1
transfer/14.png,"[154,202,983,291]",item_drop_wgshoal_1,2
transfer/14.png,"[154,202,983,291]",item_drop_wgthorns_1,1
transfer/14.png,"[154,202,983,291]",item_equip_script_4_2,1
transfer/14.png,"[154,202,983,291]",item_hscrane_1_hsmob_1_grass_1_1,1
transfer/14.png,"[154,202,983,291]",item_plant_crylplant_1_1,1
transfer/14.png,"[154,202,983,291]",item_plant_crylplant_1_2,1
transfer/14.png,"[154,202,983,291]",item_plant_crylplant_1_3,1
transfer/14.png,"[154,202,983,291]",item_plant_crylplant_2_1,2
transfer/14.png,"[154,202,983,291]",item_plant_crylplant_2_2,1
transfer/14.png,"[154,202,983,291]",item_plant_mushroom_1_1,1
transfer/14.png,"[154,202,983,291]",item_plant_mushroom_1_2,1
transfer/14.png,"[154,202,983,291]",item_plant_mushroom_1_3,1
transfer/14.png,"[154,202,983,291]",item_plant_mushroom_2_1,2
transfer/14.png,"[154,202,983,291]",item_plant_mushroom_2_2,1
transfer/14.png,"[154,202,983,291]",item_plant_spcstone_1_1,1
transfer/14.png,"[154,202,983,291]",item_plant_spcstone_1_2,1
transfer/14.png,"[154,202,983,291]",item_plant_spcstone_1_3,1
transfer/14.png,"[154,202,983,291]",item_plant_spcstone_2_1,1
transfer/14.png,"[154,202,983,291]",item_plant_spcstone_2_2,2
transfer/14.png,"[154,202,983,291]",item_port_power_diffuser_1,1
transfer/14.png,"[154,202,983,291]",item_port_power_diffuser_2,1
transfer/14.png,"[154,202,983,291]",item_port_power_pole_2,1
transfer/14.png,"[154,202,983,291]",item_port_power_pole_3,1
transfer/14.png,"[154,202,983,291]",item_port_power_sta_1,1
transfer/14.png,"[154,202,983,291]",item_port_travel_pole_2,1
transfer/14.png,"[154,202,983,291]",item_proc_bomb_1,1
transfer/14.png,"[154,202,983,291]",item_spaceship_cmpt_1,1
transfer/14.png,"[154,202,983,291]",item_spaceship_cmpt_2,1
transfer/15.png,"[154,202,983,291]",item_bottled_rec_hp_5,1
transfer/15.png,"[154,202,983,291]",item_carbon_enr,1
transfer/15.png,"[154,202,983,291]",item_carbon_enr_powder,1
transfer/15.png,"[154,202,983,291]",item_copper_bottle,1
transfer/15.png,"[154,202,983,291]",item_copper_enr,1
transfer/15.png,"[154,202,983,291]",item_copper_enr2,1
transfer/15.png,"[154,202,983,291]",item_copper_jar,1
transfer/15.png,"[154,202,983,291]",item_copper_powder,1
transfer/15.png,"[154,202,983,291]",item_crystal_enr,1
transfer/15.png,"[154,202,983,291]",item_crystal_enr_powder,1
transfer/15.png,"[154,202,983,291]",item_drop_hscrane_1,1
transfer/15.png,"[154,202,983,291]",item_drop_hsmino_1,1
transfer/15.png,"[154,202,983,291]",item_drop_hsmob_1,1
transfer/15.png,"[154,202,983,291]",item_drop_klbuds_1,1
transfer/15.png,"[154,202,983,291]",item_drop_klcreatures_1,1
transfer/15.png,"[154,202,983,291]",item_equip_script_4_2,1
transfer/15.png,"[154,202,983,291]",item_equip_script_4_3,1
transfer/15.png,"[154,202,983,291]",item_fbottle_copper_grass_2,1
transfer/15.png,"[154,202,983,291]",item_fbottle_copper_xiranite_enr,1
transfer/15.png,"[154,202,983,291]",item_fbottle_iron_grass_1,1
transfer/15.png,"[154,202,983,291]",item_fbottle_iron_grass_2,1
transfer/15.png,"[154,202,983,291]",item_fbottle_iron_sewage,1
transfer/15.png,"[154,202,983,291]",item_fbottle_iron_water,4
transfer/15.png,"[154,202,983,291]",item_fbottle_iron_xiranite,1
transfer/15.png,"[154,202,983,291]",item_fbottle_iron_xiranite_enr,1
transfer/15.png,"[154,202,983,291]",item_fbottle_iron_xiranite_lowpoly,1
transfer/15.png,"[154,202,983,291]",item_fbottle_iron_xiranite_poly,1
transfer/15.png,"[154,202,983,291]",item_filter_core,1
transfer/15.png,"[154,202,983,291]",item_gasjar_copper_gas_copper_enr,1
transfer/15.png,"[154,202,983,291]",item_gasjar_copper_gas_xiranite,1
transfer/15.png,"[154,202,983,291]",item_iron_bottle,2
transfer/15.png,"[154,202,983,291]",item_iron_enr,1
transfer/15.png,"[154,202,983,291]",item_iron_enr_powder,1
transfer/15.png,"[154,202,983,291]",item_originium_enr_powder,1
transfer/15.png,"[154,202,983,291]",item_plant_moss_powder_3,1
transfer/15.png,"[154,202,983,291]",item_port_travel_pole_2,1
transfer/15.png,"[154,202,983,291]",item_spaceship_cmpt_1,1
transfer/15.png,"[154,202,983,291]",item_spaceship_cmpt_2,1
transfer/15.png,"[154,202,983,291]",item_xiranite_enr_powder,1
transfer/15.png,"[154,202,983,291]",item_xiranite_poly,1
transfer/15.png,"[154,202,983,291]",item_xiranite_powder,1
transfer/16.png,"[154,202,983,291]",item_bottled_grass2spc_2,1
transfer/16.png,"[154,202,983,291]",item_bottled_insec1_2,1
transfer/16.png,"[154,202,983,291]",item_drop_agdisk_1,1
transfer/16.png,"[154,202,983,291]",item_drop_firebat_1,1
transfer/16.png,"[154,202,983,291]",item_drop_hscrane_1,2
transfer/16.png,"[154,202,983,291]",item_drop_hshog_1,1
transfer/16.png,"[154,202,983,291]",item_drop_hsmino_1,2
transfer/16.png,"[154,202,983,291]",item_drop_hstiger_1,1
transfer/16.png,"[154,202,983,291]",item_drop_hvybow_1,1
transfer/16.png,"[154,202,983,291]",item_drop_jzmonk_1,1
transfer/16.png,"[154,202,983,291]",item_drop_jzogre_1,1
transfer/16.png,"[154,202,983,291]",item_drop_lbroshan_1,1
transfer/16.png,"[154,202,983,291]",item_drop_lbshamman_1,1
transfer/16.png,"[154,202,983,291]",item_drop_lbtough_1,1
transfer/16.png,"[154,202,983,291]",item_drop_sandb_1,1
transfer/16.png,"[154,202,983,291]",item_drop_wgabyss_1,1
transfer/16.png,"[154,202,983,291]",item_drop_wgshoal_1,2
transfer/16.png,"[154,202,983,291]",item_drop_wgthorns_1,1
transfer/16.png,"[154,202,983,291]",item_equip_script_4_2,1
transfer/16.png,"[154,202,983,291]",item_hscrane_1_hsmob_1_grass_1_1,1
transfer/16.png,"[154,202,983,291]",item_plant_crylplant_1_1,1
transfer/16.png,"[154,202,983,291]",item_plant_crylplant_1_2,1
transfer/16.png,"[154,202,983,291]",item_plant_crylplant_1_3,1
transfer/16.png,"[154,202,983,291]",item_plant_crylplant_2_1,2
transfer/16.png,"[154,202,983,291]",item_plant_crylplant_2_2,1
transfer/16.png,"[154,202,983,291]",item_plant_mushroom_1_1,1
transfer/16.png,"[154,202,983,291]",item_plant_mushroom_1_2,1
transfer/16.png,"[154,202,983,291]",item_plant_mushroom_1_3,1
transfer/16.png,"[154,202,983,291]",item_plant_mushroom_2_1,2
transfer/16.png,"[154,202,983,291]",item_plant_mushroom_2_2,1
transfer/16.png,"[154,202,983,291]",item_plant_spcstone_1_1,1
transfer/16.png,"[154,202,983,291]",item_plant_spcstone_1_2,1
transfer/16.png,"[154,202,983,291]",item_plant_spcstone_1_3,1
transfer/16.png,"[154,202,983,291]",item_plant_spcstone_2_1,1
transfer/16.png,"[154,202,983,291]",item_plant_spcstone_2_2,2
transfer/16.png,"[154,202,983,291]",item_port_power_diffuser_1,1
transfer/16.png,"[154,202,983,291]",item_port_power_diffuser_2,1
transfer/16.png,"[154,202,983,291]",item_port_power_pole_2,1
transfer/16.png,"[154,202,983,291]",item_port_power_pole_3,1
transfer/16.png,"[154,202,983,291]",item_port_power_sta_1,1
transfer/16.png,"[154,202,983,291]",item_port_travel_pole_2,1
transfer/16.png,"[154,202,983,291]",item_proc_bomb_1,1
transfer/16.png,"[154,202,983,291]",item_spaceship_cmpt_1,1
transfer/16.png,"[154,202,983,291]",item_spaceship_cmpt_2,1
transfer/17.png,"[154,202,983,291]",item_bottled_rec_hp_5,1
transfer/17.png,"[154,202,983,291]",item_drop_agdisk_1,1
transfer/17.png,"[154,202,983,291]",item_drop_agfly_1,1
transfer/17.png,"[154,202,983,291]",item_drop_agmelee_1,1
transfer/17.png,"[154,202,983,291]",item_drop_agrange_1,1
transfer/17.png,"[154,202,983,291]",item_drop_dog_1,1
transfer/17.png,"[154,202,983,291]",item_drop_erhound_1,1
transfer/17.png,"[154,202,983,291]",item_drop_ethillu_1,1
transfer/17.png,"[154,202,983,291]",item_drop_firebat_1,1
transfer/17.png,"[154,202,983,291]",item_drop_hscrane_1,2
transfer/17.png,"[154,202,983,291]",item_drop_hsfly_1,1
transfer/17.png,"[154,202,983,291]",item_drop_hshog_1,1
transfer/17.png,"[154,202,983,291]",item_drop_hsmino_1,2
transfer/17.png,"[154,202,983,291]",item_drop_hsmob_1,2
transfer/17.png,"[154,202,983,291]",item_drop_hstiger_1,1
transfer/17.png,"[154,202,983,291]",item_drop_hvybow_1,1
transfer/17.png,"[154,202,983,291]",item_drop_jzmonk_1,1
transfer/17.png,"[154,202,983,291]",item_drop_jzogre_1,1
transfer/17.png,"[154,202,983,291]",item_drop_klbuds_1,2
transfer/17.png,"[154,202,983,291]",item_drop_klcaps_1,1
transfer/17.png,"[154,202,983,291]",item_drop_klcreatures_1,2
transfer/17.png,"[154,202,983,291]",item_drop_lbmob_1,1
transfer/17.png,"[154,202,983,291]",item_drop_lbroshan_1,1
transfer/17.png,"[154,202,983,291]",item_drop_lbshamman_1,1
transfer/17.png,"[154,202,983,291]",item_drop_lbshield_1,1
transfer/17.png,"[154,202,983,291]",item_drop_lbtough_1,1
transfer/17.png,"[154,202,983,291]",item_drop_mimicw_1,1
transfer/17.png,"[154,202,983,291]",item_drop_sandb_1,1
transfer/17.png,"[154,202,983,291]",item_drop_slimeml_1,1
transfer/17.png,"[154,202,983,291]",item_drop_wgabyss_1,1
transfer/17.png,"[154,202,983,291]",item_drop_wgshoal_1,1
transfer/17.png,"[154,202,983,291]",item_drop_wgslime_1,1
transfer/17.png,"[154,202,983,291]",item_drop_wgthorns_1,1
transfer/17.png,"[154,202,983,291]",item_equip_script_4_2,1
transfer/17.png,"[154,202,983,291]",item_equip_script_4_3,1
transfer/17.png,"[154,202,983,291]",item_fbottle_iron_water,3
transfer/17.png,"[154,202,983,291]",item_iron_bottle,1
transfer/17.png,"[154,202,983,291]",item_port_travel_pole_2,1
transfer/18.png,"[154,202,983,291]",item_bottled_grass2spc_2,1
transfer/18.png,"[154,202,983,291]",item_bottled_insec1_2,1
transfer/18.png,"[154,202,983,291]",item_drop_agdisk_1,1
transfer/18.png,"[154,202,983,291]",item_drop_firebat_1,1
transfer/18.png,"[154,202,983,291]",item_drop_hscrane_1,2
transfer/18.png,"[154,202,983,291]",item_drop_hshog_1,1
transfer/18.png,"[154,202,983,291]",item_drop_hsmino_1,2
transfer/18.png,"[154,202,983,291]",item_drop_hstiger_1,1
transfer/18.png,"[154,202,983,291]",item_drop_hvybow_1,1
transfer/18.png,"[154,202,983,291]",item_drop_jzmonk_1,1
transfer/18.png,"[154,202,983,291]",item_drop_jzogre_1,1
transfer/18.png,"[154,202,983,291]",item_drop_lbroshan_1,1
transfer/18.png,"[154,202,983,291]",item_drop_lbshamman_1,1
transfer/18.png,"[154,202,983,291]",item_drop_lbtough_1,1
transfer/18.png,"[154,202,983,291]",item_drop_sandb_1,1
transfer/18.png,"[154,202,983,291]",item_drop_wgabyss_1,1
transfer/18.png,"[154,202,983,291]",item_drop_wgshoal_1,2
transfer/18.png,"[154,202,983,291]",item_drop_wgthorns_1,1
transfer/18.png,"[154,202,983,291]",item_equip_script_4_2,1
transfer/18.png,"[154,202,983,291]",item_hscrane_1_hsmob_1_grass_1_1,1
transfer/18.png,"[154,202,983,291]",item_plant_crylplant_1_1,1
transfer/18.png,"[154,202,983,291]",item_plant_crylplant_1_2,1
transfer/18.png,"[154,202,983,291]",item_plant_crylplant_1_3,1
transfer/18.png,"[154,202,983,291]",item_plant_crylplant_2_1,2
transfer/18.png,"[154,202,983,291]",item_plant_crylplant_2_2,1
transfer/18.png,"[154,202,983,291]",item_plant_mushroom_1_1,1
transfer/18.png,"[154,202,983,291]",item_plant_mushroom_1_2,1
transfer/18.png,"[154,202,983,291]",item_plant_mushroom_1_3,1
transfer/18.png,"[154,202,983,291]",item_plant_mushroom_2_1,2
transfer/18.png,"[154,202,983,291]",item_plant_mushroom_2_2,1
transfer/18.png,"[154,202,983,291]",item_plant_spcstone_1_1,1
transfer/18.png,"[154,202,983,291]",item_plant_spcstone_1_2,1
transfer/18.png,"[154,202,983,291]",item_plant_spcstone_1_3,1
transfer/18.png,"[154,202,983,291]",item_plant_spcstone_2_1,1
transfer/18.png,"[154,202,983,291]",item_plant_spcstone_2_2,2
transfer/18.png,"[154,202,983,291]",item_port_power_diffuser_1,1
transfer/18.png,"[154,202,983,291]",item_port_power_diffuser_2,1
transfer/18.png,"[154,202,983,291]",item_port_power_pole_2,1
transfer/18.png,"[154,202,983,291]",item_port_power_pole_3,1
transfer/18.png,"[154,202,983,291]",item_port_power_sta_1,1
transfer/18.png,"[154,202,983,291]",item_port_travel_pole_2,1
transfer/18.png,"[154,202,983,291]",item_proc_bomb_1,1
transfer/18.png,"[154,202,983,291]",item_spaceship_cmpt_1,1
transfer/18.png,"[154,202,983,291]",item_spaceship_cmpt_2,1
transfer/19.png,"[154,202,983,291]",item_bottled_rec_hp_5,1
transfer/19.png,"[154,202,983,291]",item_drop_hscrane_1,1
transfer/19.png,"[154,202,983,291]",item_drop_hsmino_1,1
transfer/19.png,"[154,202,983,291]",item_drop_hsmob_1,1
transfer/19.png,"[154,202,983,291]",item_drop_klbuds_1,1
transfer/19.png,"[154,202,983,291]",item_drop_klcreatures_1,1
transfer/19.png,"[154,202,983,291]",item_equip_script_4_2,1
transfer/19.png,"[154,202,983,291]",item_equip_script_4_3,1
transfer/19.png,"[154,202,983,291]",item_fbottle_iron_water,3
transfer/19.png,"[154,202,983,291]",item_iron_bottle,1
transfer/19.png,"[154,202,983,291]",item_plant_crylplant_1_1,1
transfer/19.png,"[154,202,983,291]",item_plant_crylplant_1_2,1
transfer/19.png,"[154,202,983,291]",item_plant_crylplant_1_3,1
transfer/19.png,"[154,202,983,291]",item_plant_crylplant_2_1,1
transfer/19.png,"[154,202,983,291]",item_plant_crylplant_2_2,1
transfer/19.png,"[154,202,983,291]",item_plant_crylplant_2_3,1
transfer/19.png,"[154,202,983,291]",item_plant_mushroom_1_1,1
transfer/19.png,"[154,202,983,291]",item_plant_mushroom_1_2,1
transfer/19.png,"[154,202,983,291]",item_plant_mushroom_1_3,1
transfer/19.png,"[154,202,983,291]",item_plant_mushroom_2_1,1
transfer/19.png,"[154,202,983,291]",item_plant_mushroom_2_2,1
transfer/19.png,"[154,202,983,291]",item_plant_mushroom_2_3,1
transfer/19.png,"[154,202,983,291]",item_plant_spcstone_1_1,1
transfer/19.png,"[154,202,983,291]",item_plant_spcstone_1_2,1
transfer/19.png,"[154,202,983,291]",item_plant_spcstone_1_3,1
transfer/19.png,"[154,202,983,291]",item_plant_spcstone_2_1,1
transfer/19.png,"[154,202,983,291]",item_plant_spcstone_2_2,1
transfer/19.png,"[154,202,983,291]",item_plant_spcstone_2_3,1
transfer/19.png,"[154,202,983,291]",item_port_travel_pole_2,1
transfer/2.png,"[154,202,983,291]",item_bottled_grass2spc_2,1
transfer/2.png,"[154,202,983,291]",item_bottled_insec1_2,1
transfer/2.png,"[154,202,983,291]",item_bottled_rec_hp_5,1
transfer/2.png,"[154,202,983,291]",item_device_balloon_recycle_3,1
transfer/2.png,"[154,202,983,291]",item_device_xiranite_nexus_3,1
transfer/2.png,"[154,202,983,291]",item_drop_agdisk_1,1
transfer/2.png,"[154,202,983,291]",item_drop_hsmino_1,1
transfer/2.png,"[154,202,983,291]",item_drop_hstiger_1,1
transfer/2.png,"[154,202,983,291]",item_drop_hvybow_1,1
transfer/2.png,"[154,202,983,291]",item_drop_jzmonk_1,1
transfer/2.png,"[154,202,983,291]",item_drop_jzogre_1,1
transfer/2.png,"[154,202,983,291]",item_drop_klbuds_1,2
transfer/2.png,"[154,202,983,291]",item_drop_klcaps_1,1
transfer/2.png,"[154,202,983,291]",item_drop_klcreatures_1,2
transfer/2.png,"[154,202,983,291]",item_drop_lbroshan_1,1
transfer/2.png,"[154,202,983,291]",item_drop_sandb_1,1
transfer/2.png,"[154,202,983,291]",item_drop_wgabyss_1,1
transfer/2.png,"[154,202,983,291]",item_equip_script_4_2,1
transfer/2.png,"[154,202,983,291]",item_equip_script_4_3,1
transfer/2.png,"[154,202,983,291]",item_fbottle_iron_water,3
transfer/2.png,"[154,202,983,291]",item_hscrane_1_hsmob_1_grass_1_1,1
transfer/2.png,"[154,202,983,291]",item_iron_bottle,1
transfer/2.png,"[154,202,983,291]",item_plant_crylplant_1_1,1
transfer/2.png,"[154,202,983,291]",item_plant_crylplant_1_2,1
transfer/2.png,"[154,202,983,291]",item_plant_crylplant_1_3,1
transfer/2.png,"[154,202,983,291]",item_plant_crylplant_2_1,1
transfer/2.png,"[154,202,983,291]",item_plant_crylplant_2_2,1
transfer/2.png,"[154,202,983,291]",item_plant_crylplant_2_3,1
transfer/2.png,"[154,202,983,291]",item_plant_mushroom_1_1,1
transfer/2.png,"[154,202,983,291]",item_plant_mushroom_1_2,1
transfer/2.png,"[154,202,983,291]",item_plant_mushroom_1_3,1
transfer/2.png,"[154,202,983,291]",item_plant_mushroom_2_1,1
transfer/2.png,"[154,202,983,291]",item_plant_mushroom_2_2,1
transfer/2.png,"[154,202,983,291]",item_plant_mushroom_2_3,1
transfer/2.png,"[154,202,983,291]",item_plant_spcstone_1_1,1
transfer/2.png,"[154,202,983,291]",item_plant_spcstone_1_2,1
transfer/2.png,"[154,202,983,291]",item_plant_spcstone_1_3,1
transfer/2.png,"[154,202,983,291]",item_plant_spcstone_2_1,1
transfer/2.png,"[154,202,983,291]",item_plant_spcstone_2_2,1
transfer/2.png,"[154,202,983,291]",item_plant_spcstone_2_3,1
transfer/2.png,"[154,202,983,291]",item_port_power_diffuser_1,1
transfer/2.png,"[154,202,983,291]",item_port_power_diffuser_2,1
transfer/2.png,"[154,202,983,291]",item_port_power_pole_2,1
transfer/2.png,"[154,202,983,291]",item_port_power_pole_3,1
transfer/2.png,"[154,202,983,291]",item_port_travel_pole_2,1
transfer/2.png,"[154,202,983,291]",item_proc_bomb_1,1
transfer/2.png,"[154,202,983,291]",item_spaceship_cmpt_1,1
transfer/2.png,"[154,202,983,291]",item_spaceship_cmpt_2,1
transfer/20.png,"[154,202,983,291]",item_bottled_grass2spc_2,1
transfer/20.png,"[154,202,983,291]",item_bottled_insec1_2,1
transfer/20.png,"[154,202,983,291]",item_drop_agdisk_1,1
transfer/20.png,"[154,202,983,291]",item_drop_firebat_1,1
transfer/20.png,"[154,202,983,291]",item_drop_hscrane_1,2
transfer/20.png,"[154,202,983,291]",item_drop_hshog_1,1
transfer/20.png,"[154,202,983,291]",item_drop_hsmino_1,2
transfer/20.png,"[154,202,983,291]",item_drop_hstiger_1,1
transfer/20.png,"[154,202,983,291]",item_drop_hvybow_1,1
transfer/20.png,"[154,202,983,291]",item_drop_jzmonk_1,1
transfer/20.png,"[154,202,983,291]",item_drop_jzogre_1,1
transfer/20.png,"[154,202,983,291]",item_drop_lbroshan_1,1
transfer/20.png,"[154,202,983,291]",item_drop_lbshamman_1,1
transfer/20.png,"[154,202,983,291]",item_drop_lbtough_1,1
transfer/20.png,"[154,202,983,291]",item_drop_sandb_1,1
transfer/20.png,"[154,202,983,291]",item_drop_wgabyss_1,1
transfer/20.png,"[154,202,983,291]",item_drop_wgshoal_1,2
transfer/20.png,"[154,202,983,291]",item_drop_wgthorns_1,1
transfer/20.png,"[154,202,983,291]",item_equip_script_4_2,1
transfer/20.png,"[154,202,983,291]",item_hscrane_1_hsmob_1_grass_1_1,1
transfer/20.png,"[154,202,983,291]",item_plant_crylplant_1_1,1
transfer/20.png,"[154,202,983,291]",item_plant_crylplant_1_2,1
transfer/20.png,"[154,202,983,291]",item_plant_crylplant_1_3,1
transfer/20.png,"[154,202,983,291]",item_plant_crylplant_2_1,2
transfer/20.png,"[154,202,983,291]",item_plant_crylplant_2_2,1
transfer/20.png,"[154,202,983,291]",item_plant_mushroom_1_1,1
transfer/20.png,"[154,202,983,291]",item_plant_mushroom_1_2,1
transfer/20.png,"[154,202,983,291]",item_plant_mushroom_1_3,1
transfer/20.png,"[154,202,983,291]",item_plant_mushroom_2_1,2
transfer/20.png,"[154,202,983,291]",item_plant_mushroom_2_2,1
transfer/20.png,"[154,202,983,291]",item_plant_spcstone_1_1,1
transfer/20.png,"[154,202,983,291]",item_plant_spcstone_1_2,1
transfer/20.png,"[154,202,983,291]",item_plant_spcstone_1_3,1
transfer/20.png,"[154,202,983,291]",item_plant_spcstone_2_1,1
transfer/20.png,"[154,202,983,291]",item_plant_spcstone_2_2,2
transfer/20.png,"[154,202,983,291]",item_port_power_diffuser_1,1
transfer/20.png,"[154,202,983,291]",item_port_power_diffuser_2,1
transfer/20.png,"[154,202,983,291]",item_port_power_pole_2,1
transfer/20.png,"[154,202,983,291]",item_port_power_pole_3,1
transfer/20.png,"[154,202,983,291]",item_port_power_sta_1,1
transfer/20.png,"[154,202,983,291]",item_port_travel_pole_2,1
transfer/20.png,"[154,202,983,291]",item_proc_bomb_1,1
transfer/20.png,"[154,202,983,291]",item_spaceship_cmpt_1,1
transfer/20.png,"[154,202,983,291]",item_spaceship_cmpt_2,1
transfer/21.png,"[154,202,983,291]",item_agfly_1_agmelee_1_moss_2_1,1
transfer/21.png,"[154,202,983,291]",item_agmelee_1_sp_2_slimeml_1_1,1
transfer/21.png,"[154,202,983,291]",item_agrange_1_erhound_1_sp_1_1,1
transfer/21.png,"[154,202,983,291]",item_agrange_1_moss_2_lbmob_1_1,1
transfer/21.png,"[154,202,983,291]",item_bottled_insec1_1,1
transfer/21.png,"[154,202,983,291]",item_bottled_insec2_2,1
transfer/21.png,"[154,202,983,291]",item_bottled_rec_hp_5,1
transfer/21.png,"[154,202,983,291]",item_corp1_animal_1,1
transfer/21.png,"[154,202,983,291]",item_corp2_animal_1,1
transfer/21.png,"[154,202,983,291]",item_corp3_animal_1,1
transfer/21.png,"[154,202,983,291]",item_corp3_grass1_1,1
transfer/21.png,"[154,202,983,291]",item_corp4_animal_1,1
transfer/21.png,"[154,202,983,291]",item_corp4_grass2_1,1
transfer/21.png,"[154,202,983,291]",item_drop_hscrane_1,1
transfer/21.png,"[154,202,983,291]",item_drop_hsmino_1,1
transfer/21.png,"[154,202,983,291]",item_drop_hsmob_1,1
transfer/21.png,"[154,202,983,291]",item_drop_klbuds_1,1
transfer/21.png,"[154,202,983,291]",item_drop_klcreatures_1,1
transfer/21.png,"[154,202,983,291]",item_equip_script_4_2,1
transfer/21.png,"[154,202,983,291]",item_equip_script_4_3,1
transfer/21.png,"[154,202,983,291]",item_erhound_1_agmelee_1_moss_1_1,1
transfer/21.png,"[154,202,983,291]",item_ethillu_1_wgslime_1_wgthorns_1_1,1
transfer/21.png,"[154,202,983,291]",item_fbottle_iron_water,3
transfer/21.png,"[154,202,983,291]",item_firebat_1_agrange_1_1,1
transfer/21.png,"[154,202,983,291]",item_hscrane_1_hsmob_1_grass_1_1,1
transfer/21.png,"[154,202,983,291]",item_hshog_1_hsmob_1_slimeml_1_1,1
transfer/21.png,"[154,202,983,291]",item_hsmob_1_dog_1_1,1
transfer/21.png,"[154,202,983,291]",item_iron_bottle,1
transfer/21.png,"[154,202,983,291]",item_lbmob_1_lbshamman_1_sp_1_1,1
transfer/21.png,"[154,202,983,291]",item_lbshield_1_slimeml_1_dog_1_1,1
transfer/21.png,"[154,202,983,291]",item_mimicw_1_moss_1_moss_2_1,1
transfer/21.png,"[154,202,983,291]",item_plant_grass_powder_1,1
transfer/21.png,"[154,202,983,291]",item_plant_grass_powder_2,1
transfer/21.png,"[154,202,983,291]",item_plant_grass_spc_powder_1,1
transfer/21.png,"[154,202,983,291]",item_plant_grass_spc_powder_2,1
transfer/21.png,"[154,202,983,291]",item_plant_moss_powder_1,1
transfer/21.png,"[154,202,983,291]",item_port_travel_pole_2,1
transfer/21.png,"[154,202,983,291]",item_proc_bomb_1,1
transfer/21.png,"[154,202,983,291]",item_slimeml_1_erhound_1_agfly_1_1,1
transfer/21.png,"[154,202,983,291]",item_sp_1_moss_1_agmelee_1_1,1
transfer/21.png,"[154,202,983,291]",item_sp_2_moss_2_agrange_1_1,1
transfer/21.png,"[154,202,983,291]",item_wgshoal_1_grass_1_grass_2_1,1
transfer/21.png,"[154,202,983,291]",item_wgslime_1_wgthorns_1_1,1
transfer/22.png,"[154,202,983,291]",item_bottled_grass2spc_2,1
transfer/22.png,"[154,202,983,291]",item_bottled_insec1_2,1
transfer/22.png,"[154,202,983,291]",item_drop_agdisk_1,1
transfer/22.png,"[154,202,983,291]",item_drop_firebat_1,1
transfer/22.png,"[154,202,983,291]",item_drop_hscrane_1,2
transfer/22.png,"[154,202,983,291]",item_drop_hshog_1,1
transfer/22.png,"[154,202,983,291]",item_drop_hsmino_1,2
transfer/22.png,"[154,202,983,291]",item_drop_hstiger_1,1
transfer/22.png,"[154,202,983,291]",item_drop_hvybow_1,1
transfer/22.png,"[154,202,983,291]",item_drop_jzmonk_1,1
transfer/22.png,"[154,202,983,291]",item_drop_jzogre_1,1
transfer/22.png,"[154,202,983,291]",item_drop_lbroshan_1,1
transfer/22.png,"[154,202,983,291]",item_drop_lbshamman_1,1
transfer/22.png,"[154,202,983,291]",item_drop_lbtough_1,1
transfer/22.png,"[154,202,983,291]",item_drop_sandb_1,1
transfer/22.png,"[154,202,983,291]",item_drop_wgabyss_1,1
transfer/22.png,"[154,202,983,291]",item_drop_wgshoal_1,2
transfer/22.png,"[154,202,983,291]",item_drop_wgthorns_1,1
transfer/22.png,"[154,202,983,291]",item_equip_script_4_2,1
transfer/22.png,"[154,202,983,291]",item_hscrane_1_hsmob_1_grass_1_1,1
transfer/22.png,"[154,202,983,291]",item_plant_crylplant_1_1,1
transfer/22.png,"[154,202,983,291]",item_plant_crylplant_1_2,1
transfer/22.png,"[154,202,983,291]",item_plant_crylplant_1_3,1
transfer/22.png,"[154,202,983,291]",item_plant_crylplant_2_1,2
transfer/22.png,"[154,202,983,291]",item_plant_crylplant_2_2,1
transfer/22.png,"[154,202,983,291]",item_plant_mushroom_1_1,1
transfer/22.png,"[154,202,983,291]",item_plant_mushroom_1_2,1
transfer/22.png,"[154,202,983,291]",item_plant_mushroom_1_3,1
transfer/22.png,"[154,202,983,291]",item_plant_mushroom_2_1,2
transfer/22.png,"[154,202,983,291]",item_plant_mushroom_2_2,1
transfer/22.png,"[154,202,983,291]",item_plant_spcstone_1_1,1
transfer/22.png,"[154,202,983,291]",item_plant_spcstone_1_2,1
transfer/22.png,"[154,202,983,291]",item_plant_spcstone_1_3,1
transfer/22.png,"[154,202,983,291]",item_plant_spcstone_2_1,1
transfer/22.png,"[154,202,983,291]",item_plant_spcstone_2_2,2
transfer/22.png,"[154,202,983,291]",item_port_power_diffuser_1,1
transfer/22.png,"[154,202,983,291]",item_port_power_diffuser_2,1
transfer/22.png,"[154,202,983,291]",item_port_power_pole_2,1
transfer/22.png,"[154,202,983,291]",item_port_power_pole_3,1
transfer/22.png,"[154,202,983,291]",item_port_power_sta_1,1
transfer/22.png,"[154,202,983,291]",item_port_travel_pole_2,1
transfer/22.png,"[154,202,983,291]",item_proc_bomb_1,1
transfer/22.png,"[154,202,983,291]",item_spaceship_cmpt_1,1
transfer/22.png,"[154,202,983,291]",item_spaceship_cmpt_2,1
transfer/23.png,"[154,202,983,291]",item_bottled_rec_hp_5,1
transfer/23.png,"[154,202,983,291]",item_drop_hscrane_1,1
transfer/23.png,"[154,202,983,291]",item_drop_hsmino_1,1
transfer/23.png,"[154,202,983,291]",item_drop_hsmob_1,1
transfer/23.png,"[154,202,983,291]",item_drop_klbuds_1,1
transfer/23.png,"[154,202,983,291]",item_drop_klcreatures_1,1
transfer/23.png,"[154,202,983,291]",item_equip_script_4_2,1
transfer/23.png,"[154,202,983,291]",item_equip_script_4_3,1
transfer/23.png,"[154,202,983,291]",item_fbottle_iron_water,3
transfer/23.png,"[154,202,983,291]",item_iron_bottle,1
transfer/23.png,"[154,202,983,291]",item_port_cmpt_mc_1,1
transfer/23.png,"[154,202,983,291]",item_port_dismantler_1,1
transfer/23.png,"[154,202,983,291]",item_port_dumper_1,1
transfer/23.png,"[154,202,983,291]",item_port_filling_pd_mc_1,1
transfer/23.png,"[154,202,983,291]",item_port_gas_reactor_1,1
transfer/23.png,"[154,202,983,291]",item_port_gas_storager_1,1
transfer/23.png,"[154,202,983,291]",item_port_liquid_cleaner_1,1
transfer/23.png,"[154,202,983,291]",item_port_liquid_purifier_1,1
transfer/23.png,"[154,202,983,291]",item_port_liquid_storager_1,1
transfer/23.png,"[154,202,983,291]",item_port_loader_1,1
transfer/23.png,"[154,202,983,291]",item_port_log_hongs_bus,1
transfer/23.png,"[154,202,983,291]",item_port_log_hongs_bus_source,1
transfer/23.png,"[154,202,983,291]",item_port_mix_pool_1,1
transfer/23.png,"[154,202,983,291]",item_port_mix_pool_2,1
transfer/23.png,"[154,202,983,291]",item_port_phase_trans_1,1
transfer/23.png,"[154,202,983,291]",item_port_phase_trans_2,1
transfer/23.png,"[154,202,983,291]",item_port_planter_1,1
transfer/23.png,"[154,202,983,291]",item_port_power_sta_1,1
transfer/23.png,"[154,202,983,291]",item_port_seedcol_1,1
transfer/23.png,"[154,202,983,291]",item_port_shaper_1,1
transfer/23.png,"[154,202,983,291]",item_port_squirter_1,1
transfer/23.png,"[154,202,983,291]",item_port_storager_1,1
transfer/23.png,"[154,202,983,291]",item_port_thickener_1,1
transfer/23.png,"[154,202,983,291]",item_port_tools_asm_mc_1,1
transfer/23.png,"[154,202,983,291]",item_port_travel_pole_2,1
transfer/23.png,"[154,202,983,291]",item_port_udpipe_loader_1,1
transfer/23.png,"[154,202,983,291]",item_port_udpipe_loader_2,1
transfer/23.png,"[154,202,983,291]",item_port_udpipe_unloader_1,1
transfer/23.png,"[154,202,983,291]",item_port_udpipe_unloader_2,1
transfer/23.png,"[154,202,983,291]",item_port_unloader_1,1
transfer/23.png,"[154,202,983,291]",item_port_vaporizer_1,1
transfer/23.png,"[154,202,983,291]",item_port_winder_1,1
transfer/23.png,"[154,202,983,291]",item_port_xiranite_oven_1,1
transfer/24.png,"[154,202,983,291]",item_bottled_grass2spc_2,1
transfer/24.png,"[154,202,983,291]",item_bottled_insec1_2,1
transfer/24.png,"[154,202,983,291]",item_drop_agdisk_1,1
transfer/24.png,"[154,202,983,291]",item_drop_firebat_1,1
transfer/24.png,"[154,202,983,291]",item_drop_hscrane_1,2
transfer/24.png,"[154,202,983,291]",item_drop_hshog_1,1
transfer/24.png,"[154,202,983,291]",item_drop_hsmino_1,2
transfer/24.png,"[154,202,983,291]",item_drop_hstiger_1,1
transfer/24.png,"[154,202,983,291]",item_drop_hvybow_1,1
transfer/24.png,"[154,202,983,291]",item_drop_jzmonk_1,1
transfer/24.png,"[154,202,983,291]",item_drop_jzogre_1,1
transfer/24.png,"[154,202,983,291]",item_drop_lbroshan_1,1
transfer/24.png,"[154,202,983,291]",item_drop_lbshamman_1,1
transfer/24.png,"[154,202,983,291]",item_drop_lbtough_1,1
transfer/24.png,"[154,202,983,291]",item_drop_sandb_1,1
transfer/24.png,"[154,202,983,291]",item_drop_wgabyss_1,1
transfer/24.png,"[154,202,983,291]",item_drop_wgshoal_1,2
transfer/24.png,"[154,202,983,291]",item_drop_wgthorns_1,1
transfer/24.png,"[154,202,983,291]",item_equip_script_4_2,1
transfer/24.png,"[154,202,983,291]",item_hscrane_1_hsmob_1_grass_1_1,1
transfer/24.png,"[154,202,983,291]",item_plant_crylplant_1_1,1
transfer/24.png,"[154,202,983,291]",item_plant_crylplant_1_2,1
transfer/24.png,"[154,202,983,291]",item_plant_crylplant_1_3,1
transfer/24.png,"[154,202,983,291]",item_plant_crylplant_2_1,2
transfer/24.png,"[154,202,983,291]",item_plant_crylplant_2_2,1
transfer/24.png,"[154,202,983,291]",item_plant_mushroom_1_1,1
transfer/24.png,"[154,202,983,291]",item_plant_mushroom_1_2,1
transfer/24.png,"[154,202,983,291]",item_plant_mushroom_1_3,1
transfer/24.png,"[154,202,983,291]",item_plant_mushroom_2_1,2
transfer/24.png,"[154,202,983,291]",item_plant_mushroom_2_2,1
transfer/24.png,"[154,202,983,291]",item_plant_spcstone_1_1,1
transfer/24.png,"[154,202,983,291]",item_plant_spcstone_1_2,1
transfer/24.png,"[154,202,983,291]",item_plant_spcstone_1_3,1
transfer/24.png,"[154,202,983,291]",item_plant_spcstone_2_1,1
transfer/24.png,"[154,202,983,291]",item_plant_spcstone_2_2,2
transfer/24.png,"[154,202,983,291]",item_port_power_diffuser_1,1
transfer/24.png,"[154,202,983,291]",item_port_power_diffuser_2,1
transfer/24.png,"[154,202,983,291]",item_port_power_pole_2,1
transfer/24.png,"[154,202,983,291]",item_port_power_pole_3,1
transfer/24.png,"[154,202,983,291]",item_port_power_sta_1,1
transfer/24.png,"[154,202,983,291]",item_port_travel_pole_2,1
transfer/24.png,"[154,202,983,291]",item_proc_bomb_1,1
transfer/24.png,"[154,202,983,291]",item_spaceship_cmpt_1,1
transfer/24.png,"[154,202,983,291]",item_spaceship_cmpt_2,1
transfer/25.png,"[154,202,983,291]",item_bottled_rec_hp_5,1
transfer/25.png,"[154,202,983,291]",item_device_balloon_recycle_1,1
transfer/25.png,"[154,202,983,291]",item_drop_hscrane_1,1
transfer/25.png,"[154,202,983,291]",item_drop_hsmino_1,1
transfer/25.png,"[154,202,983,291]",item_drop_hsmob_1,1
transfer/25.png,"[154,202,983,291]",item_drop_klbuds_1,1
transfer/25.png,"[154,202,983,291]",item_drop_klcreatures_1,1
transfer/25.png,"[154,202,983,291]",item_equip_script_4_2,1
transfer/25.png,"[154,202,983,291]",item_equip_script_4_3,1
transfer/25.png,"[154,202,983,291]",item_fbottle_iron_water,3
transfer/25.png,"[154,202,983,291]",item_iron_bottle,1
transfer/25.png,"[154,202,983,291]",item_port_travel_pole_2,1
transfer/26.png,"[154,202,983,291]",item_bottled_grass2spc_2,1
transfer/26.png,"[154,202,983,291]",item_bottled_insec1_2,1
transfer/26.png,"[154,202,983,291]",item_drop_agdisk_1,1
transfer/26.png,"[154,202,983,291]",item_drop_firebat_1,1
transfer/26.png,"[154,202,983,291]",item_drop_hscrane_1,2
transfer/26.png,"[154,202,983,291]",item_drop_hshog_1,1
transfer/26.png,"[154,202,983,291]",item_drop_hsmino_1,2
transfer/26.png,"[154,202,983,291]",item_drop_hstiger_1,1
transfer/26.png,"[154,202,983,291]",item_drop_hvybow_1,1
transfer/26.png,"[154,202,983,291]",item_drop_jzmonk_1,1
transfer/26.png,"[154,202,983,291]",item_drop_jzogre_1,1
transfer/26.png,"[154,202,983,291]",item_drop_lbroshan_1,1
transfer/26.png,"[154,202,983,291]",item_drop_lbshamman_1,1
transfer/26.png,"[154,202,983,291]",item_drop_lbtough_1,1
transfer/26.png,"[154,202,983,291]",item_drop_sandb_1,1
transfer/26.png,"[154,202,983,291]",item_drop_wgabyss_1,1
transfer/26.png,"[154,202,983,291]",item_drop_wgshoal_1,2
transfer/26.png,"[154,202,983,291]",item_drop_wgthorns_1,1
transfer/26.png,"[154,202,983,291]",item_equip_script_4_2,1
transfer/26.png,"[154,202,983,291]",item_hscrane_1_hsmob_1_grass_1_1,1
transfer/26.png,"[154,202,983,291]",item_plant_crylplant_1_1,1
transfer/26.png,"[154,202,983,291]",item_plant_crylplant_1_2,1
transfer/26.png,"[154,202,983,291]",item_plant_crylplant_1_3,1
transfer/26.png,"[154,202,983,291]",item_plant_crylplant_2_1,2
transfer/26.png,"[154,202,983,291]",item_plant_crylplant_2_2,1
transfer/26.png,"[154,202,983,291]",item_plant_mushroom_1_1,1
transfer/26.png,"[154,202,983,291]",item_plant_mushroom_1_2,1
transfer/26.png,"[154,202,983,291]",item_plant_mushroom_1_3,1
transfer/26.png,"[154,202,983,291]",item_plant_mushroom_2_1,2
transfer/26.png,"[154,202,983,291]",item_plant_mushroom_2_2,1
transfer/26.png,"[154,202,983,291]",item_plant_spcstone_1_1,1
transfer/26.png,"[154,202,983,291]",item_plant_spcstone_1_2,1
transfer/26.png,"[154,202,983,291]",item_plant_spcstone_1_3,1
transfer/26.png,"[154,202,983,291]",item_plant_spcstone_2_1,1
transfer/26.png,"[154,202,983,291]",item_plant_spcstone_2_2,2
transfer/26.png,"[154,202,983,291]",item_port_power_diffuser_1,1
transfer/26.png,"[154,202,983,291]",item_port_power_diffuser_2,1
transfer/26.png,"[154,202,983,291]",item_port_power_pole_2,1
transfer/26.png,"[154,202,983,291]",item_port_power_pole_3,1
transfer/26.png,"[154,202,983,291]",item_port_power_sta_1,1
transfer/26.png,"[154,202,983,291]",item_port_travel_pole_2,1
transfer/26.png,"[154,202,983,291]",item_proc_bomb_1,1
transfer/26.png,"[154,202,983,291]",item_spaceship_cmpt_1,1
transfer/26.png,"[154,202,983,291]",item_spaceship_cmpt_2,1
transfer/27.png,"[154,202,983,291]",item_bottled_grass2spc_2,1
transfer/27.png,"[154,202,983,291]",item_bottled_insec1_2,1
transfer/27.png,"[154,202,983,291]",item_bottled_rec_hp_5,1
transfer/27.png,"[154,202,983,291]",item_crystal_powder,1
transfer/27.png,"[154,202,983,291]",item_device_balloon_recycle_3,1
transfer/27.png,"[154,202,983,291]",item_device_xiranite_nexus_3,1
transfer/27.png,"[154,202,983,291]",item_drop_klbuds_1,1
transfer/27.png,"[154,202,983,291]",item_drop_klcreatures_1,1
transfer/27.png,"[154,202,983,291]",item_equip_script_4_2,1
transfer/27.png,"[154,202,983,291]",item_equip_script_4_3,1
transfer/27.png,"[154,202,983,291]",item_fbottle_iron_water,3
transfer/27.png,"[154,202,983,291]",item_glass_bottle,1
transfer/27.png,"[154,202,983,291]",item_glass_enr_bottle,1
transfer/27.png,"[154,202,983,291]",item_hscrane_1_hsmob_1_grass_1_1,1
transfer/27.png,"[154,202,983,291]",item_iron_bottle,2
transfer/27.png,"[154,202,983,291]",item_iron_enr,1
transfer/27.png,"[154,202,983,291]",item_iron_enr_bottle,1
transfer/27.png,"[154,202,983,291]",item_iron_enr_powder,1
transfer/27.png,"[154,202,983,291]",item_iron_nugget,1
transfer/27.png,"[154,202,983,291]",item_iron_ore,1
transfer/27.png,"[154,202,983,291]",item_iron_powder,1
transfer/27.png,"[154,202,983,291]",item_originium_ore,1
transfer/27.png,"[154,202,983,291]",item_plant_bbflower_1,1
transfer/27.png,"[154,202,983,291]",item_plant_bbflower_powder_1,1
transfer/27.png,"[154,202,983,291]",item_plant_bbflower_seed_1,1
transfer/27.png,"[154,202,983,291]",item_plant_moss_1,1
transfer/27.png,"[154,202,983,291]",item_plant_moss_2,1
transfer/27.png,"[154,202,983,291]",item_plant_moss_3,1
transfer/27.png,"[154,202,983,291]",item_plant_moss_powder_3,1
transfer/27.png,"[154,202,983,291]",item_plant_moss_seed_1,1
transfer/27.png,"[154,202,983,291]",item_plant_moss_seed_2,1
transfer/27.png,"[154,202,983,291]",item_plant_moss_seed_3,1
transfer/27.png,"[154,202,983,291]",item_plant_moss_spc_1,1
transfer/27.png,"[154,202,983,291]",item_plant_moss_spc_2,1
transfer/27.png,"[154,202,983,291]",item_port_power_diffuser_1,1
transfer/27.png,"[154,202,983,291]",item_port_power_pole_2,1
transfer/27.png,"[154,202,983,291]",item_port_travel_pole_2,1
transfer/27.png,"[154,202,983,291]",item_proc_bomb_1,1
transfer/27.png,"[154,202,983,291]",item_quartz_enr,1
transfer/27.png,"[154,202,983,291]",item_quartz_enr_powder,1
transfer/27.png,"[154,202,983,291]",item_quartz_glass,1
transfer/27.png,"[154,202,983,291]",item_quartz_powder,1
transfer/27.png,"[154,202,983,291]",item_quartz_sand,1
transfer/27.png,"[154,202,983,291]",item_spaceship_cmpt_1,1
transfer/27.png,"[154,202,983,291]",item_spaceship_cmpt_2,1
transfer/27.png,"[154,202,983,291]",item_xiranite_enr_powder,1
transfer/27.png,"[154,202,983,291]",item_xiranite_powder,1
transfer/28.png,"[154,202,983,291]",item_bottled_grass2spc_2,1
transfer/28.png,"[154,202,983,291]",item_bottled_insec1_2,1
transfer/28.png,"[154,202,983,291]",item_drop_agdisk_1,1
transfer/28.png,"[154,202,983,291]",item_drop_firebat_1,1
transfer/28.png,"[154,202,983,291]",item_drop_hscrane_1,2
transfer/28.png,"[154,202,983,291]",item_drop_hshog_1,1
transfer/28.png,"[154,202,983,291]",item_drop_hsmino_1,2
transfer/28.png,"[154,202,983,291]",item_drop_hstiger_1,1
transfer/28.png,"[154,202,983,291]",item_drop_hvybow_1,1
transfer/28.png,"[154,202,983,291]",item_drop_jzmonk_1,1
transfer/28.png,"[154,202,983,291]",item_drop_jzogre_1,1
transfer/28.png,"[154,202,983,291]",item_drop_lbroshan_1,1
transfer/28.png,"[154,202,983,291]",item_drop_lbshamman_1,1
transfer/28.png,"[154,202,983,291]",item_drop_lbtough_1,1
transfer/28.png,"[154,202,983,291]",item_drop_sandb_1,1
transfer/28.png,"[154,202,983,291]",item_drop_wgabyss_1,1
transfer/28.png,"[154,202,983,291]",item_drop_wgshoal_1,2
transfer/28.png,"[154,202,983,291]",item_drop_wgthorns_1,1
transfer/28.png,"[154,202,983,291]",item_equip_script_4_2,1
transfer/28.png,"[154,202,983,291]",item_hscrane_1_hsmob_1_grass_1_1,1
transfer/28.png,"[154,202,983,291]",item_plant_crylplant_1_1,1
transfer/28.png,"[154,202,983,291]",item_plant_crylplant_1_2,1
transfer/28.png,"[154,202,983,291]",item_plant_crylplant_1_3,1
transfer/28.png,"[154,202,983,291]",item_plant_crylplant_2_1,2
transfer/28.png,"[154,202,983,291]",item_plant_crylplant_2_2,1
transfer/28.png,"[154,202,983,291]",item_plant_mushroom_1_1,1
transfer/28.png,"[154,202,983,291]",item_plant_mushroom_1_2,1
transfer/28.png,"[154,202,983,291]",item_plant_mushroom_1_3,1
transfer/28.png,"[154,202,983,291]",item_plant_mushroom_2_1,2
transfer/28.png,"[154,202,983,291]",item_plant_mushroom_2_2,1
transfer/28.png,"[154,202,983,291]",item_plant_spcstone_1_1,1
transfer/28.png,"[154,202,983,291]",item_plant_spcstone_1_2,1
transfer/28.png,"[154,202,983,291]",item_plant_spcstone_1_3,1
transfer/28.png,"[154,202,983,291]",item_plant_spcstone_2_1,1
transfer/28.png,"[154,202,983,291]",item_plant_spcstone_2_2,2
transfer/28.png,"[154,202,983,291]",item_port_power_diffuser_1,1
transfer/28.png,"[154,202,983,291]",item_port_power_diffuser_2,1
transfer/28.png,"[154,202,983,291]",item_port_power_pole_2,1
transfer/28.png,"[154,202,983,291]",item_port_power_pole_3,1
transfer/28.png,"[154,202,983,291]",item_port_power_sta_1,1
transfer/28.png,"[154,202,983,291]",item_port_travel_pole_2,1
transfer/28.png,"[154,202,983,291]",item_proc_bomb_1,1
transfer/28.png,"[154,202,983,291]",item_spaceship_cmpt_1,1
transfer/28.png,"[154,202,983,291]",item_spaceship_cmpt_2,1
transfer/29.png,"[154,202,983,291]",item_bottled_grass2spc_2,1
transfer/29.png,"[154,202,983,291]",item_bottled_insec1_2,1
transfer/29.png,"[154,202,983,291]",item_bottled_rec_hp_5,1
transfer/29.png,"[154,202,983,291]",item_copper_enr_cmpt,1
transfer/29.png,"[154,202,983,291]",item_copper_enr2_cmpt,1
transfer/29.png,"[154,202,983,291]",item_crystal_powder,1
transfer/29.png,"[154,202,983,291]",item_device_balloon_recycle_3,1
transfer/29.png,"[154,202,983,291]",item_device_xiranite_nexus_3,1
transfer/29.png,"[154,202,983,291]",item_drop_klbuds_1,1
transfer/29.png,"[154,202,983,291]",item_drop_klcreatures_1,1
transfer/29.png,"[154,202,983,291]",item_equip_script_3,1
transfer/29.png,"[154,202,983,291]",item_equip_script_4_2,1
transfer/29.png,"[154,202,983,291]",item_equip_script_4_3,1
transfer/29.png,"[154,202,983,291]",item_fbottle_iron_water,3
transfer/29.png,"[154,202,983,291]",item_glass_bottle,1
transfer/29.png,"[154,202,983,291]",item_glass_cmpt,1
transfer/29.png,"[154,202,983,291]",item_glass_enr_bottle,1
transfer/29.png,"[154,202,983,291]",item_glass_enr_cmpt,1
transfer/29.png,"[154,202,983,291]",item_hscrane_1_hsmob_1_grass_1_1,1
transfer/29.png,"[154,202,983,291]",item_iron_bottle,2
transfer/29.png,"[154,202,983,291]",item_iron_cmpt,1
transfer/29.png,"[154,202,983,291]",item_iron_enr,1
transfer/29.png,"[154,202,983,291]",item_iron_enr_bottle,1
transfer/29.png,"[154,202,983,291]",item_iron_enr_cmpt,1
transfer/29.png,"[154,202,983,291]",item_iron_enr_powder,1
transfer/29.png,"[154,202,983,291]",item_iron_nugget,1
transfer/29.png,"[154,202,983,291]",item_iron_powder,1
transfer/29.png,"[154,202,983,291]",item_plant_bbflower_powder_1,1
transfer/29.png,"[154,202,983,291]",item_plant_moss_powder_3,1
transfer/29.png,"[154,202,983,291]",item_port_power_diffuser_1,1
transfer/29.png,"[154,202,983,291]",item_port_power_pole_2,1
transfer/29.png,"[154,202,983,291]",item_port_travel_pole_2,1
transfer/29.png,"[154,202,983,291]",item_proc_battery_3,1
transfer/29.png,"[154,202,983,291]",item_proc_battery_4,1
transfer/29.png,"[154,202,983,291]",item_proc_battery_5,1
transfer/29.png,"[154,202,983,291]",item_proc_bomb_1,1
transfer/29.png,"[154,202,983,291]",item_quartz_enr,1
transfer/29.png,"[154,202,983,291]",item_quartz_enr_powder,1
transfer/29.png,"[154,202,983,291]",item_quartz_glass,1
transfer/29.png,"[154,202,983,291]",item_quartz_powder,1
transfer/29.png,"[154,202,983,291]",item_spaceship_cmpt_1,1
transfer/29.png,"[154,202,983,291]",item_spaceship_cmpt_2,1
transfer/29.png,"[154,202,983,291]",item_xiranite_enr_powder,1
transfer/29.png,"[154,202,983,291]",item_xiranite_powder,1
transfer/3.png,"[154,202,983,291]",item_bottled_grass2spc_2,1
transfer/3.png,"[154,202,983,291]",item_bottled_insec1_2,1
transfer/3.png,"[154,202,983,291]",item_bottled_rec_hp_5,1
transfer/3.png,"[154,202,983,291]",item_device_balloon_recycle_3,1
transfer/3.png,"[154,202,983,291]",item_device_xiranite_nexus_3,1
transfer/3.png,"[154,202,983,291]",item_drop_agdisk_1,1
transfer/3.png,"[154,202,983,291]",item_drop_hsmino_1,1
transfer/3.png,"[154,202,983,291]",item_drop_hstiger_1,1
transfer/3.png,"[154,202,983,291]",item_drop_hvybow_1,1
transfer/3.png,"[154,202,983,291]",item_drop_jzmonk_1,1
transfer/3.png,"[154,202,983,291]",item_drop_jzogre_1,1
transfer/3.png,"[154,202,983,291]",item_drop_klbuds_1,2
transfer/3.png,"[154,202,983,291]",item_drop_klcaps_1,1
transfer/3.png,"[154,202,983,291]",item_drop_klcreatures_1,2
transfer/3.png,"[154,202,983,291]",item_drop_lbroshan_1,1
transfer/3.png,"[154,202,983,291]",item_drop_sandb_1,1
transfer/3.png,"[154,202,983,291]",item_drop_wgabyss_1,1
transfer/3.png,"[154,202,983,291]",item_equip_script_4_2,1
transfer/3.png,"[154,202,983,291]",item_equip_script_4_3,1
transfer/3.png,"[154,202,983,291]",item_fbottle_iron_water,3
transfer/3.png,"[154,202,983,291]",item_hscrane_1_hsmob_1_grass_1_1,1
transfer/3.png,"[154,202,983,291]",item_iron_bottle,1
transfer/3.png,"[154,202,983,291]",item_plant_crylplant_1_1,1
transfer/3.png,"[154,202,983,291]",item_plant_crylplant_1_2,1
transfer/3.png,"[154,202,983,291]",item_plant_crylplant_1_3,1
transfer/3.png,"[154,202,983,291]",item_plant_crylplant_2_1,1
transfer/3.png,"[154,202,983,291]",item_plant_crylplant_2_2,1
transfer/3.png,"[154,202,983,291]",item_plant_crylplant_2_3,1
transfer/3.png,"[154,202,983,291]",item_plant_mushroom_1_1,1
transfer/3.png,"[154,202,983,291]",item_plant_mushroom_1_2,1
transfer/3.png,"[154,202,983,291]",item_plant_mushroom_1_3,1
transfer/3.png,"[154,202,983,291]",item_plant_mushroom_2_1,1
transfer/3.png,"[154,202,983,291]",item_plant_mushroom_2_2,1
transfer/3.png,"[154,202,983,291]",item_plant_mushroom_2_3,1
transfer/3.png,"[154,202,983,291]",item_plant_spcstone_1_1,1
transfer/3.png,"[154,202,983,291]",item_plant_spcstone_1_2,1
transfer/3.png,"[154,202,983,291]",item_plant_spcstone_1_3,1
transfer/3.png,"[154,202,983,291]",item_plant_spcstone_2_1,1
transfer/3.png,"[154,202,983,291]",item_plant_spcstone_2_2,1
transfer/3.png,"[154,202,983,291]",item_plant_spcstone_2_3,1
transfer/3.png,"[154,202,983,291]",item_port_power_diffuser_1,1
transfer/3.png,"[154,202,983,291]",item_port_power_diffuser_2,1
transfer/3.png,"[154,202,983,291]",item_port_power_pole_2,1
transfer/3.png,"[154,202,983,291]",item_port_power_pole_3,1
transfer/3.png,"[154,202,983,291]",item_port_travel_pole_2,1
transfer/3.png,"[154,202,983,291]",item_proc_bomb_1,1
transfer/3.png,"[154,202,983,291]",item_spaceship_cmpt_1,1
transfer/3.png,"[154,202,983,291]",item_spaceship_cmpt_2,1
transfer/30.png,"[154,202,983,291]",item_bottled_grass2spc_2,1
transfer/30.png,"[154,202,983,291]",item_bottled_insec1_2,1
transfer/30.png,"[154,202,983,291]",item_drop_agdisk_1,1
transfer/30.png,"[154,202,983,291]",item_drop_firebat_1,1
transfer/30.png,"[154,202,983,291]",item_drop_hscrane_1,2
transfer/30.png,"[154,202,983,291]",item_drop_hshog_1,1
transfer/30.png,"[154,202,983,291]",item_drop_hsmino_1,2
transfer/30.png,"[154,202,983,291]",item_drop_hstiger_1,1
transfer/30.png,"[154,202,983,291]",item_drop_hvybow_1,1
transfer/30.png,"[154,202,983,291]",item_drop_jzmonk_1,1
transfer/30.png,"[154,202,983,291]",item_drop_jzogre_1,1
transfer/30.png,"[154,202,983,291]",item_drop_lbroshan_1,1
transfer/30.png,"[154,202,983,291]",item_drop_lbshamman_1,1
transfer/30.png,"[154,202,983,291]",item_drop_lbtough_1,1
transfer/30.png,"[154,202,983,291]",item_drop_sandb_1,1
transfer/30.png,"[154,202,983,291]",item_drop_wgabyss_1,1
transfer/30.png,"[154,202,983,291]",item_drop_wgshoal_1,2
transfer/30.png,"[154,202,983,291]",item_drop_wgthorns_1,1
transfer/30.png,"[154,202,983,291]",item_equip_script_4_2,1
transfer/30.png,"[154,202,983,291]",item_hscrane_1_hsmob_1_grass_1_1,1
transfer/30.png,"[154,202,983,291]",item_plant_crylplant_1_1,1
transfer/30.png,"[154,202,983,291]",item_plant_crylplant_1_2,1
transfer/30.png,"[154,202,983,291]",item_plant_crylplant_1_3,1
transfer/30.png,"[154,202,983,291]",item_plant_crylplant_2_1,2
transfer/30.png,"[154,202,983,291]",item_plant_crylplant_2_2,1
transfer/30.png,"[154,202,983,291]",item_plant_mushroom_1_1,1
transfer/30.png,"[154,202,983,291]",item_plant_mushroom_1_2,1
transfer/30.png,"[154,202,983,291]",item_plant_mushroom_1_3,1
transfer/30.png,"[154,202,983,291]",item_plant_mushroom_2_1,2
transfer/30.png,"[154,202,983,291]",item_plant_mushroom_2_2,1
transfer/30.png,"[154,202,983,291]",item_plant_spcstone_1_1,1
transfer/30.png,"[154,202,983,291]",item_plant_spcstone_1_2,1
transfer/30.png,"[154,202,983,291]",item_plant_spcstone_1_3,1
transfer/30.png,"[154,202,983,291]",item_plant_spcstone_2_1,1
transfer/30.png,"[154,202,983,291]",item_plant_spcstone_2_2,2
transfer/30.png,"[154,202,983,291]",item_port_power_diffuser_1,1
transfer/30.png,"[154,202,983,291]",item_port_power_diffuser_2,1
transfer/30.png,"[154,202,983,291]",item_port_power_pole_2,1
transfer/30.png,"[154,202,983,291]",item_port_power_pole_3,1
transfer/30.png,"[154,202,983,291]",item_port_power_sta_1,1
transfer/30.png,"[154,202,983,291]",item_port_travel_pole_2,1
transfer/30.png,"[154,202,983,291]",item_proc_bomb_1,1
transfer/30.png,"[154,202,983,291]",item_spaceship_cmpt_1,1
transfer/30.png,"[154,202,983,291]",item_spaceship_cmpt_2,1
transfer/31.png,"[154,202,983,291]",item_bottled_food_1,1
transfer/31.png,"[154,202,983,291]",item_bottled_food_4,1
transfer/31.png,"[154,202,983,291]",item_bottled_grass2spc_2,1
transfer/31.png,"[154,202,983,291]",item_bottled_insec1_2,1
transfer/31.png,"[154,202,983,291]",item_bottled_rec_hp_3,1
transfer/31.png,"[154,202,983,291]",item_bottled_rec_hp_5,2
transfer/31.png,"[154,202,983,291]",item_device_balloon_recycle_3,1
transfer/31.png,"[154,202,983,291]",item_device_xiranite_nexus_3,1
transfer/31.png,"[154,202,983,291]",item_drop_klbuds_1,1
transfer/31.png,"[154,202,983,291]",item_drop_klcreatures_1,1
transfer/31.png,"[154,202,983,291]",item_equip_script_4_2,1
transfer/31.png,"[154,202,983,291]",item_equip_script_4_3,1
transfer/31.png,"[154,202,983,291]",item_fbottle_iron_water,3
transfer/31.png,"[154,202,983,291]",item_hscrane_1_hsmob_1_grass_1_1,1
transfer/31.png,"[154,202,983,291]",item_iron_bottle,1
transfer/31.png,"[154,202,983,291]",item_port_power_diffuser_1,1
transfer/31.png,"[154,202,983,291]",item_port_power_pole_2,1
transfer/31.png,"[154,202,983,291]",item_port_travel_pole_2,1
transfer/31.png,"[154,202,983,291]",item_proc_bomb_1,2
transfer/32.png,"[154,202,983,291]",item_bottled_grass2spc_2,1
transfer/32.png,"[154,202,983,291]",item_bottled_insec1_2,1
transfer/32.png,"[154,202,983,291]",item_drop_agdisk_1,1
transfer/32.png,"[154,202,983,291]",item_drop_firebat_1,1
transfer/32.png,"[154,202,983,291]",item_drop_hscrane_1,2
transfer/32.png,"[154,202,983,291]",item_drop_hshog_1,1
transfer/32.png,"[154,202,983,291]",item_drop_hsmino_1,2
transfer/32.png,"[154,202,983,291]",item_drop_hstiger_1,1
transfer/32.png,"[154,202,983,291]",item_drop_hvybow_1,1
transfer/32.png,"[154,202,983,291]",item_drop_jzmonk_1,1
transfer/32.png,"[154,202,983,291]",item_drop_jzogre_1,1
transfer/32.png,"[154,202,983,291]",item_drop_lbroshan_1,1
transfer/32.png,"[154,202,983,291]",item_drop_lbshamman_1,1
transfer/32.png,"[154,202,983,291]",item_drop_lbtough_1,1
transfer/32.png,"[154,202,983,291]",item_drop_sandb_1,1
transfer/32.png,"[154,202,983,291]",item_drop_wgabyss_1,1
transfer/32.png,"[154,202,983,291]",item_drop_wgshoal_1,2
transfer/32.png,"[154,202,983,291]",item_drop_wgthorns_1,1
transfer/32.png,"[154,202,983,291]",item_equip_script_4_2,1
transfer/32.png,"[154,202,983,291]",item_hscrane_1_hsmob_1_grass_1_1,1
transfer/32.png,"[154,202,983,291]",item_plant_crylplant_1_1,1
transfer/32.png,"[154,202,983,291]",item_plant_crylplant_1_2,1
transfer/32.png,"[154,202,983,291]",item_plant_crylplant_1_3,1
transfer/32.png,"[154,202,983,291]",item_plant_crylplant_2_1,2
transfer/32.png,"[154,202,983,291]",item_plant_crylplant_2_2,1
transfer/32.png,"[154,202,983,291]",item_plant_mushroom_1_1,1
transfer/32.png,"[154,202,983,291]",item_plant_mushroom_1_2,1
transfer/32.png,"[154,202,983,291]",item_plant_mushroom_1_3,1
transfer/32.png,"[154,202,983,291]",item_plant_mushroom_2_1,2
transfer/32.png,"[154,202,983,291]",item_plant_mushroom_2_2,1
transfer/32.png,"[154,202,983,291]",item_plant_spcstone_1_1,1
transfer/32.png,"[154,202,983,291]",item_plant_spcstone_1_2,1
transfer/32.png,"[154,202,983,291]",item_plant_spcstone_1_3,1
transfer/32.png,"[154,202,983,291]",item_plant_spcstone_2_1,1
transfer/32.png,"[154,202,983,291]",item_plant_spcstone_2_2,2
transfer/32.png,"[154,202,983,291]",item_port_power_diffuser_1,1
transfer/32.png,"[154,202,983,291]",item_port_power_diffuser_2,1
transfer/32.png,"[154,202,983,291]",item_port_power_pole_2,1
transfer/32.png,"[154,202,983,291]",item_port_power_pole_3,1
transfer/32.png,"[154,202,983,291]",item_port_power_sta_1,1
transfer/32.png,"[154,202,983,291]",item_port_travel_pole_2,1
transfer/32.png,"[154,202,983,291]",item_proc_bomb_1,1
transfer/32.png,"[154,202,983,291]",item_spaceship_cmpt_1,1
transfer/32.png,"[154,202,983,291]",item_spaceship_cmpt_2,1
transfer/33.png,"[154,202,983,291]",item_bottled_grass2spc_2,1
transfer/33.png,"[154,202,983,291]",item_bottled_insec1_2,1
transfer/33.png,"[154,202,983,291]",item_bottled_rec_hp_5,1
transfer/33.png,"[154,202,983,291]",item_copper_enr_cmpt,1
transfer/33.png,"[154,202,983,291]",item_copper_enr2_cmpt,1
transfer/33.png,"[154,202,983,291]",item_crystal_powder,1
transfer/33.png,"[154,202,983,291]",item_device_balloon_recycle_3,1
transfer/33.png,"[154,202,983,291]",item_device_xiranite_nexus_3,1
transfer/33.png,"[154,202,983,291]",item_drop_klbuds_1,1
transfer/33.png,"[154,202,983,291]",item_drop_klcreatures_1,1
transfer/33.png,"[154,202,983,291]",item_equip_script_3,1
transfer/33.png,"[154,202,983,291]",item_equip_script_4_2,1
transfer/33.png,"[154,202,983,291]",item_equip_script_4_3,1
transfer/33.png,"[154,202,983,291]",item_fbottle_iron_water,3
transfer/33.png,"[154,202,983,291]",item_glass_bottle,1
transfer/33.png,"[154,202,983,291]",item_glass_cmpt,1
transfer/33.png,"[154,202,983,291]",item_glass_enr_bottle,1
transfer/33.png,"[154,202,983,291]",item_glass_enr_cmpt,1
transfer/33.png,"[154,202,983,291]",item_hscrane_1_hsmob_1_grass_1_1,1
transfer/33.png,"[154,202,983,291]",item_iron_bottle,2
transfer/33.png,"[154,202,983,291]",item_iron_cmpt,1
transfer/33.png,"[154,202,983,291]",item_iron_enr,1
transfer/33.png,"[154,202,983,291]",item_iron_enr_bottle,1
transfer/33.png,"[154,202,983,291]",item_iron_enr_cmpt,1
transfer/33.png,"[154,202,983,291]",item_iron_enr_powder,1
transfer/33.png,"[154,202,983,291]",item_iron_nugget,1
transfer/33.png,"[154,202,983,291]",item_iron_ore,1
transfer/33.png,"[154,202,983,291]",item_iron_powder,1
transfer/33.png,"[154,202,983,291]",item_originium_ore,1
transfer/33.png,"[154,202,983,291]",item_plant_bbflower_powder_1,1
transfer/33.png,"[154,202,983,291]",item_plant_moss_1,1
transfer/33.png,"[154,202,983,291]",item_plant_moss_2,1
transfer/33.png,"[154,202,983,291]",item_plant_moss_powder_3,1
transfer/33.png,"[154,202,983,291]",item_plant_moss_seed_1,1
transfer/33.png,"[154,202,983,291]",item_plant_moss_spc_1,1
transfer/33.png,"[154,202,983,291]",item_port_power_diffuser_1,1
transfer/33.png,"[154,202,983,291]",item_port_power_pole_2,1
transfer/33.png,"[154,202,983,291]",item_port_travel_pole_2,1
transfer/33.png,"[154,202,983,291]",item_proc_battery_5,1
transfer/33.png,"[154,202,983,291]",item_proc_bomb_1,1
transfer/33.png,"[154,202,983,291]",item_quartz_enr,1
transfer/33.png,"[154,202,983,291]",item_quartz_enr_powder,1
transfer/33.png,"[154,202,983,291]",item_quartz_glass,1
transfer/33.png,"[154,202,983,291]",item_quartz_powder,1
transfer/33.png,"[154,202,983,291]",item_quartz_sand,1
transfer/33.png,"[154,202,983,291]",item_xiranite_enr_powder,1
transfer/33.png,"[154,202,983,291]",item_xiranite_powder,1
transfer/34.png,"[154,202,983,291]",item_bottled_grass2spc_2,1
transfer/34.png,"[154,202,983,291]",item_bottled_insec1_2,1
transfer/34.png,"[154,202,983,291]",item_drop_agdisk_1,1
transfer/34.png,"[154,202,983,291]",item_drop_firebat_1,1
transfer/34.png,"[154,202,983,291]",item_drop_hscrane_1,2
transfer/34.png,"[154,202,983,291]",item_drop_hshog_1,1
transfer/34.png,"[154,202,983,291]",item_drop_hsmino_1,2
transfer/34.png,"[154,202,983,291]",item_drop_hstiger_1,1
transfer/34.png,"[154,202,983,291]",item_drop_hvybow_1,1
transfer/34.png,"[154,202,983,291]",item_drop_jzmonk_1,1
transfer/34.png,"[154,202,983,291]",item_drop_jzogre_1,1
transfer/34.png,"[154,202,983,291]",item_drop_lbroshan_1,1
transfer/34.png,"[154,202,983,291]",item_drop_lbshamman_1,1
transfer/34.png,"[154,202,983,291]",item_drop_lbtough_1,1
transfer/34.png,"[154,202,983,291]",item_drop_sandb_1,1
transfer/34.png,"[154,202,983,291]",item_drop_wgabyss_1,1
transfer/34.png,"[154,202,983,291]",item_drop_wgshoal_1,2
transfer/34.png,"[154,202,983,291]",item_drop_wgthorns_1,1
transfer/34.png,"[154,202,983,291]",item_equip_script_4_2,1
transfer/34.png,"[154,202,983,291]",item_hscrane_1_hsmob_1_grass_1_1,1
transfer/34.png,"[154,202,983,291]",item_plant_crylplant_1_1,1
transfer/34.png,"[154,202,983,291]",item_plant_crylplant_1_2,1
transfer/34.png,"[154,202,983,291]",item_plant_crylplant_1_3,1
transfer/34.png,"[154,202,983,291]",item_plant_crylplant_2_1,2
transfer/34.png,"[154,202,983,291]",item_plant_crylplant_2_2,1
transfer/34.png,"[154,202,983,291]",item_plant_mushroom_1_1,1
transfer/34.png,"[154,202,983,291]",item_plant_mushroom_1_2,1
transfer/34.png,"[154,202,983,291]",item_plant_mushroom_1_3,1
transfer/34.png,"[154,202,983,291]",item_plant_mushroom_2_1,2
transfer/34.png,"[154,202,983,291]",item_plant_mushroom_2_2,1
transfer/34.png,"[154,202,983,291]",item_plant_spcstone_1_1,1
transfer/34.png,"[154,202,983,291]",item_plant_spcstone_1_2,1
transfer/34.png,"[154,202,983,291]",item_plant_spcstone_1_3,1
transfer/34.png,"[154,202,983,291]",item_plant_spcstone_2_1,1
transfer/34.png,"[154,202,983,291]",item_plant_spcstone_2_2,2
transfer/34.png,"[154,202,983,291]",item_port_power_diffuser_1,1
transfer/34.png,"[154,202,983,291]",item_port_power_diffuser_2,1
transfer/34.png,"[154,202,983,291]",item_port_power_pole_2,1
transfer/34.png,"[154,202,983,291]",item_port_power_pole_3,1
transfer/34.png,"[154,202,983,291]",item_port_power_sta_1,1
transfer/34.png,"[154,202,983,291]",item_port_travel_pole_2,1
transfer/34.png,"[154,202,983,291]",item_proc_bomb_1,1
transfer/34.png,"[154,202,983,291]",item_spaceship_cmpt_1,1
transfer/34.png,"[154,202,983,291]",item_spaceship_cmpt_2,1
transfer/35.png,"[154,202,983,291]",item_bottled_food_1,1
transfer/35.png,"[154,202,983,291]",item_bottled_food_4,1
transfer/35.png,"[154,202,983,291]",item_bottled_grass2spc_2,1
transfer/35.png,"[154,202,983,291]",item_bottled_insec1_2,1
transfer/35.png,"[154,202,983,291]",item_bottled_rec_hp_3,1
transfer/35.png,"[154,202,983,291]",item_bottled_rec_hp_5,2
transfer/35.png,"[154,202,983,291]",item_copper_enr_cmpt,1
transfer/35.png,"[154,202,983,291]",item_copper_enr2_cmpt,1
transfer/35.png,"[154,202,983,291]",item_crystal_powder,1
transfer/35.png,"[154,202,983,291]",item_device_balloon_recycle_3,1
transfer/35.png,"[154,202,983,291]",item_device_xiranite_nexus_3,1
transfer/35.png,"[154,202,983,291]",item_drop_klbuds_1,1
transfer/35.png,"[154,202,983,291]",item_drop_klcreatures_1,1
transfer/35.png,"[154,202,983,291]",item_equip_script_3,1
transfer/35.png,"[154,202,983,291]",item_equip_script_4_2,1
transfer/35.png,"[154,202,983,291]",item_equip_script_4_3,1
transfer/35.png,"[154,202,983,291]",item_fbottle_iron_water,3
transfer/35.png,"[154,202,983,291]",item_glass_cmpt,1
transfer/35.png,"[154,202,983,291]",item_glass_enr_cmpt,1
transfer/35.png,"[154,202,983,291]",item_hscrane_1_hsmob_1_grass_1_1,1
transfer/35.png,"[154,202,983,291]",item_iron_bottle,1
transfer/35.png,"[154,202,983,291]",item_iron_cmpt,1
transfer/35.png,"[154,202,983,291]",item_iron_enr_cmpt,1
transfer/35.png,"[154,202,983,291]",item_iron_nugget,1
transfer/35.png,"[154,202,983,291]",item_iron_powder,1
transfer/35.png,"[154,202,983,291]",item_plant_bbflower_powder_1,1
transfer/35.png,"[154,202,983,291]",item_plant_moss_powder_3,1
transfer/35.png,"[154,202,983,291]",item_port_cmpt_mc_1,1
transfer/35.png,"[154,202,983,291]",item_port_furnance_1,1
transfer/35.png,"[154,202,983,291]",item_port_grinder_1,1
transfer/35.png,"[154,202,983,291]",item_port_loader_1,1
transfer/35.png,"[154,202,983,291]",item_port_marker_1,1
transfer/35.png,"[154,202,983,291]",item_port_power_diffuser_1,1
transfer/35.png,"[154,202,983,291]",item_port_power_pole_2,1
transfer/35.png,"[154,202,983,291]",item_port_shaper_1,1
transfer/35.png,"[154,202,983,291]",item_port_thickener_1,1
transfer/35.png,"[154,202,983,291]",item_port_tools_asm_mc_1,1
transfer/35.png,"[154,202,983,291]",item_port_travel_pole_2,1
transfer/35.png,"[154,202,983,291]",item_proc_battery_3,1
transfer/35.png,"[154,202,983,291]",item_proc_battery_4,1
transfer/35.png,"[154,202,983,291]",item_proc_battery_5,1
transfer/35.png,"[154,202,983,291]",item_proc_bomb_1,2
transfer/35.png,"[154,202,983,291]",item_quartz_enr_powder,1
transfer/35.png,"[154,202,983,291]",item_quartz_glass,1
transfer/35.png,"[154,202,983,291]",item_quartz_powder,1
transfer/36.png,"[154,202,983,291]",item_bottled_grass2spc_2,1
transfer/36.png,"[154,202,983,291]",item_bottled_insec1_2,1
transfer/36.png,"[154,202,983,291]",item_drop_agdisk_1,1
transfer/36.png,"[154,202,983,291]",item_drop_firebat_1,1
transfer/36.png,"[154,202,983,291]",item_drop_hscrane_1,2
transfer/36.png,"[154,202,983,291]",item_drop_hshog_1,1
transfer/36.png,"[154,202,983,291]",item_drop_hsmino_1,2
transfer/36.png,"[154,202,983,291]",item_drop_hstiger_1,1
transfer/36.png,"[154,202,983,291]",item_drop_hvybow_1,1
transfer/36.png,"[154,202,983,291]",item_drop_jzmonk_1,1
transfer/36.png,"[154,202,983,291]",item_drop_jzogre_1,1
transfer/36.png,"[154,202,983,291]",item_drop_lbroshan_1,1
transfer/36.png,"[154,202,983,291]",item_drop_lbshamman_1,1
transfer/36.png,"[154,202,983,291]",item_drop_lbtough_1,1
transfer/36.png,"[154,202,983,291]",item_drop_sandb_1,1
transfer/36.png,"[154,202,983,291]",item_drop_wgabyss_1,1
transfer/36.png,"[154,202,983,291]",item_drop_wgshoal_1,2
transfer/36.png,"[154,202,983,291]",item_drop_wgthorns_1,1
transfer/36.png,"[154,202,983,291]",item_equip_script_4_2,1
transfer/36.png,"[154,202,983,291]",item_hscrane_1_hsmob_1_grass_1_1,1
transfer/36.png,"[154,202,983,291]",item_plant_crylplant_1_1,1
transfer/36.png,"[154,202,983,291]",item_plant_crylplant_1_2,1
transfer/36.png,"[154,202,983,291]",item_plant_crylplant_1_3,1
transfer/36.png,"[154,202,983,291]",item_plant_crylplant_2_1,2
transfer/36.png,"[154,202,983,291]",item_plant_crylplant_2_2,1
transfer/36.png,"[154,202,983,291]",item_plant_mushroom_1_1,1
transfer/36.png,"[154,202,983,291]",item_plant_mushroom_1_2,1
transfer/36.png,"[154,202,983,291]",item_plant_mushroom_1_3,1
transfer/36.png,"[154,202,983,291]",item_plant_mushroom_2_1,2
transfer/36.png,"[154,202,983,291]",item_plant_mushroom_2_2,1
transfer/36.png,"[154,202,983,291]",item_plant_spcstone_1_1,1
transfer/36.png,"[154,202,983,291]",item_plant_spcstone_1_2,1
transfer/36.png,"[154,202,983,291]",item_plant_spcstone_1_3,1
transfer/36.png,"[154,202,983,291]",item_plant_spcstone_2_1,1
transfer/36.png,"[154,202,983,291]",item_plant_spcstone_2_2,2
transfer/36.png,"[154,202,983,291]",item_port_power_diffuser_1,1
transfer/36.png,"[154,202,983,291]",item_port_power_diffuser_2,1
transfer/36.png,"[154,202,983,291]",item_port_power_pole_2,1
transfer/36.png,"[154,202,983,291]",item_port_power_pole_3,1
transfer/36.png,"[154,202,983,291]",item_port_power_sta_1,1
transfer/36.png,"[154,202,983,291]",item_port_travel_pole_2,1
transfer/36.png,"[154,202,983,291]",item_proc_bomb_1,1
transfer/36.png,"[154,202,983,291]",item_spaceship_cmpt_1,1
transfer/36.png,"[154,202,983,291]",item_spaceship_cmpt_2,1
transfer/37.png,"[154,202,983,291]",item_bottled_grass2spc_2,1
transfer/37.png,"[154,202,983,291]",item_bottled_insec1_2,1
transfer/37.png,"[154,202,983,291]",item_bottled_rec_hp_5,1
transfer/37.png,"[154,202,983,291]",item_crystal_powder,1
transfer/37.png,"[154,202,983,291]",item_device_balloon_recycle_3,1
transfer/37.png,"[154,202,983,291]",item_device_xiranite_nexus_3,1
transfer/37.png,"[154,202,983,291]",item_drop_klbuds_1,1
transfer/37.png,"[154,202,983,291]",item_drop_klcreatures_1,1
transfer/37.png,"[154,202,983,291]",item_equip_script_4_2,1
transfer/37.png,"[154,202,983,291]",item_equip_script_4_3,1
transfer/37.png,"[154,202,983,291]",item_fbottle_iron_water,3
transfer/37.png,"[154,202,983,291]",item_glass_bottle,1
transfer/37.png,"[154,202,983,291]",item_glass_enr_bottle,1
transfer/37.png,"[154,202,983,291]",item_hscrane_1_hsmob_1_grass_1_1,1
transfer/37.png,"[154,202,983,291]",item_iron_bottle,2
transfer/37.png,"[154,202,983,291]",item_iron_enr,1
transfer/37.png,"[154,202,983,291]",item_iron_enr_bottle,1
transfer/37.png,"[154,202,983,291]",item_iron_enr_powder,1
transfer/37.png,"[154,202,983,291]",item_iron_nugget,1
transfer/37.png,"[154,202,983,291]",item_iron_ore,1
transfer/37.png,"[154,202,983,291]",item_iron_powder,1
transfer/37.png,"[154,202,983,291]",item_originium_ore,1
transfer/37.png,"[154,202,983,291]",item_plant_bbflower_1,1
transfer/37.png,"[154,202,983,291]",item_plant_bbflower_powder_1,1
transfer/37.png,"[154,202,983,291]",item_plant_bbflower_seed_1,1
transfer/37.png,"[154,202,983,291]",item_plant_moss_1,1
transfer/37.png,"[154,202,983,291]",item_plant_moss_2,1
transfer/37.png,"[154,202,983,291]",item_plant_moss_3,1
transfer/37.png,"[154,202,983,291]",item_plant_moss_powder_3,1
transfer/37.png,"[154,202,983,291]",item_plant_moss_seed_1,1
transfer/37.png,"[154,202,983,291]",item_plant_moss_seed_2,1
transfer/37.png,"[154,202,983,291]",item_plant_moss_seed_3,1
transfer/37.png,"[154,202,983,291]",item_plant_moss_spc_1,1
transfer/37.png,"[154,202,983,291]",item_plant_moss_spc_2,1
transfer/37.png,"[154,202,983,291]",item_port_power_diffuser_1,1
transfer/37.png,"[154,202,983,291]",item_port_power_diffuser_2,1
transfer/37.png,"[154,202,983,291]",item_port_power_pole_2,1
transfer/37.png,"[154,202,983,291]",item_port_power_pole_3,1
transfer/37.png,"[154,202,983,291]",item_port_travel_pole_2,1
transfer/37.png,"[154,202,983,291]",item_proc_bomb_1,1
transfer/37.png,"[154,202,983,291]",item_quartz_enr,1
transfer/37.png,"[154,202,983,291]",item_quartz_enr_powder,1
transfer/37.png,"[154,202,983,291]",item_quartz_glass,1
transfer/37.png,"[154,202,983,291]",item_quartz_powder,1
transfer/37.png,"[154,202,983,291]",item_quartz_sand,1
transfer/37.png,"[154,202,983,291]",item_spaceship_cmpt_1,1
transfer/37.png,"[154,202,983,291]",item_spaceship_cmpt_2,1
transfer/37.png,"[154,202,983,291]",item_xiranite_enr_powder,1
transfer/37.png,"[154,202,983,291]",item_xiranite_powder,1
transfer/38.png,"[154,202,983,291]",item_bottled_grass2spc_2,1
transfer/38.png,"[154,202,983,291]",item_bottled_insec1_2,1
transfer/38.png,"[154,202,983,291]",item_drop_agdisk_1,1
transfer/38.png,"[154,202,983,291]",item_drop_firebat_1,1
transfer/38.png,"[154,202,983,291]",item_drop_hscrane_1,2
transfer/38.png,"[154,202,983,291]",item_drop_hshog_1,1
transfer/38.png,"[154,202,983,291]",item_drop_hsmino_1,2
transfer/38.png,"[154,202,983,291]",item_drop_hstiger_1,1
transfer/38.png,"[154,202,983,291]",item_drop_hvybow_1,1
transfer/38.png,"[154,202,983,291]",item_drop_jzmonk_1,1
transfer/38.png,"[154,202,983,291]",item_drop_jzogre_1,1
transfer/38.png,"[154,202,983,291]",item_drop_lbroshan_1,1
transfer/38.png,"[154,202,983,291]",item_drop_lbshamman_1,1
transfer/38.png,"[154,202,983,291]",item_drop_lbtough_1,1
transfer/38.png,"[154,202,983,291]",item_drop_sandb_1,1
transfer/38.png,"[154,202,983,291]",item_drop_wgabyss_1,1
transfer/38.png,"[154,202,983,291]",item_drop_wgshoal_1,2
transfer/38.png,"[154,202,983,291]",item_drop_wgthorns_1,1
transfer/38.png,"[154,202,983,291]",item_equip_script_4_2,1
transfer/38.png,"[154,202,983,291]",item_hscrane_1_hsmob_1_grass_1_1,1
transfer/38.png,"[154,202,983,291]",item_plant_crylplant_1_1,1
transfer/38.png,"[154,202,983,291]",item_plant_crylplant_1_2,1
transfer/38.png,"[154,202,983,291]",item_plant_crylplant_1_3,1
transfer/38.png,"[154,202,983,291]",item_plant_crylplant_2_1,2
transfer/38.png,"[154,202,983,291]",item_plant_crylplant_2_2,1
transfer/38.png,"[154,202,983,291]",item_plant_mushroom_1_1,1
transfer/38.png,"[154,202,983,291]",item_plant_mushroom_1_2,1
transfer/38.png,"[154,202,983,291]",item_plant_mushroom_1_3,1
transfer/38.png,"[154,202,983,291]",item_plant_mushroom_2_1,2
transfer/38.png,"[154,202,983,291]",item_plant_mushroom_2_2,1
transfer/38.png,"[154,202,983,291]",item_plant_spcstone_1_1,1
transfer/38.png,"[154,202,983,291]",item_plant_spcstone_1_2,1
transfer/38.png,"[154,202,983,291]",item_plant_spcstone_1_3,1
transfer/38.png,"[154,202,983,291]",item_plant_spcstone_2_1,1
transfer/38.png,"[154,202,983,291]",item_plant_spcstone_2_2,2
transfer/38.png,"[154,202,983,291]",item_port_power_diffuser_1,1
transfer/38.png,"[154,202,983,291]",item_port_power_diffuser_2,1
transfer/38.png,"[154,202,983,291]",item_port_power_pole_2,1
transfer/38.png,"[154,202,983,291]",item_port_power_pole_3,1
transfer/38.png,"[154,202,983,291]",item_port_power_sta_1,1
transfer/38.png,"[154,202,983,291]",item_port_travel_pole_2,1
transfer/38.png,"[154,202,983,291]",item_proc_bomb_1,1
transfer/38.png,"[154,202,983,291]",item_spaceship_cmpt_1,1
transfer/38.png,"[154,202,983,291]",item_spaceship_cmpt_2,1
transfer/39.png,"[154,202,983,291]",item_bottled_grass2spc_2,1
transfer/39.png,"[154,202,983,291]",item_bottled_insec1_2,1
transfer/39.png,"[154,202,983,291]",item_bottled_rec_hp_5,1
transfer/39.png,"[154,202,983,291]",item_crystal_powder,1
transfer/39.png,"[154,202,983,291]",item_device_balloon_recycle_3,1
transfer/39.png,"[154,202,983,291]",item_device_xiranite_nexus_3,1
transfer/39.png,"[154,202,983,291]",item_drop_klbuds_1,1
transfer/39.png,"[154,202,983,291]",item_drop_klcreatures_1,1
transfer/39.png,"[154,202,983,291]",item_equip_script_4_2,1
transfer/39.png,"[154,202,983,291]",item_equip_script_4_3,1
transfer/39.png,"[154,202,983,291]",item_fbottle_iron_water,3
transfer/39.png,"[154,202,983,291]",item_glass_bottle,1
transfer/39.png,"[154,202,983,291]",item_glass_enr_bottle,1
transfer/39.png,"[154,202,983,291]",item_hscrane_1_hsmob_1_grass_1_1,1
transfer/39.png,"[154,202,983,291]",item_iron_bottle,2
transfer/39.png,"[154,202,983,291]",item_iron_enr,1
transfer/39.png,"[154,202,983,291]",item_iron_enr_bottle,1
transfer/39.png,"[154,202,983,291]",item_iron_enr_powder,1
transfer/39.png,"[154,202,983,291]",item_iron_nugget,1
transfer/39.png,"[154,202,983,291]",item_iron_ore,1
transfer/39.png,"[154,202,983,291]",item_iron_powder,1
transfer/39.png,"[154,202,983,291]",item_originium_ore,1
transfer/39.png,"[154,202,983,291]",item_plant_bbflower_1,1
transfer/39.png,"[154,202,983,291]",item_plant_bbflower_powder_1,1
transfer/39.png,"[154,202,983,291]",item_plant_bbflower_seed_1,1
transfer/39.png,"[154,202,983,291]",item_plant_moss_1,1
transfer/39.png,"[154,202,983,291]",item_plant_moss_2,1
transfer/39.png,"[154,202,983,291]",item_plant_moss_3,1
transfer/39.png,"[154,202,983,291]",item_plant_moss_powder_3,1
transfer/39.png,"[154,202,983,291]",item_plant_moss_seed_1,1
transfer/39.png,"[154,202,983,291]",item_plant_moss_seed_2,1
transfer/39.png,"[154,202,983,291]",item_plant_moss_seed_3,1
transfer/39.png,"[154,202,983,291]",item_plant_moss_spc_1,1
transfer/39.png,"[154,202,983,291]",item_plant_moss_spc_2,1
transfer/39.png,"[154,202,983,291]",item_port_power_diffuser_1,1
transfer/39.png,"[154,202,983,291]",item_port_power_diffuser_2,1
transfer/39.png,"[154,202,983,291]",item_port_power_pole_2,1
transfer/39.png,"[154,202,983,291]",item_port_power_pole_3,1
transfer/39.png,"[154,202,983,291]",item_port_travel_pole_2,1
transfer/39.png,"[154,202,983,291]",item_proc_bomb_1,1
transfer/39.png,"[154,202,983,291]",item_quartz_enr,1
transfer/39.png,"[154,202,983,291]",item_quartz_enr_powder,1
transfer/39.png,"[154,202,983,291]",item_quartz_glass,1
transfer/39.png,"[154,202,983,291]",item_quartz_powder,1
transfer/39.png,"[154,202,983,291]",item_quartz_sand,1
transfer/39.png,"[154,202,983,291]",item_spaceship_cmpt_1,1
transfer/39.png,"[154,202,983,291]",item_spaceship_cmpt_2,1
transfer/39.png,"[154,202,983,291]",item_xiranite_enr_powder,1
transfer/39.png,"[154,202,983,291]",item_xiranite_powder,1
transfer/4.png,"[154,202,983,291]",item_bottled_grass2spc_2,1
transfer/4.png,"[154,202,983,291]",item_bottled_insec1_2,1
transfer/4.png,"[154,202,983,291]",item_bottled_rec_hp_5,1
transfer/4.png,"[154,202,983,291]",item_device_balloon_recycle_3,1
transfer/4.png,"[154,202,983,291]",item_device_xiranite_nexus_3,1
transfer/4.png,"[154,202,983,291]",item_drop_agdisk_1,1
transfer/4.png,"[154,202,983,291]",item_drop_ethillu_1,1
transfer/4.png,"[154,202,983,291]",item_drop_firebat_1,1
transfer/4.png,"[154,202,983,291]",item_drop_hscrane_1,1
transfer/4.png,"[154,202,983,291]",item_drop_hshog_1,1
transfer/4.png,"[154,202,983,291]",item_drop_hsmino_1,1
transfer/4.png,"[154,202,983,291]",item_drop_hstiger_1,1
transfer/4.png,"[154,202,983,291]",item_drop_hvybow_1,1
transfer/4.png,"[154,202,983,291]",item_drop_jzmonk_1,1
transfer/4.png,"[154,202,983,291]",item_drop_jzogre_1,1
transfer/4.png,"[154,202,983,291]",item_drop_klbuds_1,2
transfer/4.png,"[154,202,983,291]",item_drop_klcaps_1,1
transfer/4.png,"[154,202,983,291]",item_drop_klcreatures_1,2
transfer/4.png,"[154,202,983,291]",item_drop_lbroshan_1,1
transfer/4.png,"[154,202,983,291]",item_drop_lbshamman_1,1
transfer/4.png,"[154,202,983,291]",item_drop_lbtough_1,1
transfer/4.png,"[154,202,983,291]",item_drop_mimicw_1,1
transfer/4.png,"[154,202,983,291]",item_drop_sandb_1,1
transfer/4.png,"[154,202,983,291]",item_drop_wgabyss_1,1
transfer/4.png,"[154,202,983,291]",item_drop_wgshoal_1,1
transfer/4.png,"[154,202,983,291]",item_equip_script_4_2,1
transfer/4.png,"[154,202,983,291]",item_equip_script_4_3,1
transfer/4.png,"[154,202,983,291]",item_fbottle_iron_water,3
transfer/4.png,"[154,202,983,291]",item_hscrane_1_hsmob_1_grass_1_1,1
transfer/4.png,"[154,202,983,291]",item_iron_bottle,1
transfer/4.png,"[154,202,983,291]",item_plant_crylplant_1_1,1
transfer/4.png,"[154,202,983,291]",item_plant_crylplant_1_2,1
transfer/4.png,"[154,202,983,291]",item_plant_crylplant_1_3,1
transfer/4.png,"[154,202,983,291]",item_plant_crylplant_2_1,1
transfer/4.png,"[154,202,983,291]",item_plant_mushroom_1_1,1
transfer/4.png,"[154,202,983,291]",item_plant_mushroom_1_2,1
transfer/4.png,"[154,202,983,291]",item_plant_mushroom_1_3,1
transfer/4.png,"[154,202,983,291]",item_plant_mushroom_2_1,1
transfer/4.png,"[154,202,983,291]",item_plant_mushroom_2_2,1
transfer/4.png,"[154,202,983,291]",item_plant_mushroom_2_3,1
transfer/4.png,"[154,202,983,291]",item_port_power_diffuser_1,1
transfer/4.png,"[154,202,983,291]",item_port_power_diffuser_2,1
transfer/4.png,"[154,202,983,291]",item_port_power_pole_2,1
transfer/4.png,"[154,202,983,291]",item_port_power_pole_3,1
transfer/4.png,"[154,202,983,291]",item_port_travel_pole_2,1
transfer/4.png,"[154,202,983,291]",item_proc_bomb_1,1
transfer/4.png,"[154,202,983,291]",item_spaceship_cmpt_1,1
transfer/4.png,"[154,202,983,291]",item_spaceship_cmpt_2,1
transfer/40.png,"[154,202,983,291]",item_bottled_grass2spc_2,1
transfer/40.png,"[154,202,983,291]",item_bottled_insec1_2,1
transfer/40.png,"[154,202,983,291]",item_drop_agdisk_1,1
transfer/40.png,"[154,202,983,291]",item_drop_firebat_1,1
transfer/40.png,"[154,202,983,291]",item_drop_hscrane_1,2
transfer/40.png,"[154,202,983,291]",item_drop_hshog_1,1
transfer/40.png,"[154,202,983,291]",item_drop_hsmino_1,2
transfer/40.png,"[154,202,983,291]",item_drop_hstiger_1,1
transfer/40.png,"[154,202,983,291]",item_drop_hvybow_1,1
transfer/40.png,"[154,202,983,291]",item_drop_jzmonk_1,1
transfer/40.png,"[154,202,983,291]",item_drop_jzogre_1,1
transfer/40.png,"[154,202,983,291]",item_drop_lbroshan_1,1
transfer/40.png,"[154,202,983,291]",item_drop_lbshamman_1,1
transfer/40.png,"[154,202,983,291]",item_drop_lbtough_1,1
transfer/40.png,"[154,202,983,291]",item_drop_sandb_1,1
transfer/40.png,"[154,202,983,291]",item_drop_wgabyss_1,1
transfer/40.png,"[154,202,983,291]",item_drop_wgshoal_1,2
transfer/40.png,"[154,202,983,291]",item_drop_wgthorns_1,1
transfer/40.png,"[154,202,983,291]",item_equip_script_4_2,1
transfer/40.png,"[154,202,983,291]",item_hscrane_1_hsmob_1_grass_1_1,1
transfer/40.png,"[154,202,983,291]",item_plant_crylplant_1_1,1
transfer/40.png,"[154,202,983,291]",item_plant_crylplant_1_2,1
transfer/40.png,"[154,202,983,291]",item_plant_crylplant_1_3,1
transfer/40.png,"[154,202,983,291]",item_plant_crylplant_2_1,2
transfer/40.png,"[154,202,983,291]",item_plant_crylplant_2_2,1
transfer/40.png,"[154,202,983,291]",item_plant_mushroom_1_1,1
transfer/40.png,"[154,202,983,291]",item_plant_mushroom_1_2,1
transfer/40.png,"[154,202,983,291]",item_plant_mushroom_1_3,1
transfer/40.png,"[154,202,983,291]",item_plant_mushroom_2_1,2
transfer/40.png,"[154,202,983,291]",item_plant_mushroom_2_2,1
transfer/40.png,"[154,202,983,291]",item_plant_spcstone_1_1,1
transfer/40.png,"[154,202,983,291]",item_plant_spcstone_1_2,1
transfer/40.png,"[154,202,983,291]",item_plant_spcstone_1_3,1
transfer/40.png,"[154,202,983,291]",item_plant_spcstone_2_1,1
transfer/40.png,"[154,202,983,291]",item_plant_spcstone_2_2,2
transfer/40.png,"[154,202,983,291]",item_port_power_diffuser_1,1
transfer/40.png,"[154,202,983,291]",item_port_power_diffuser_2,1
transfer/40.png,"[154,202,983,291]",item_port_power_pole_2,1
transfer/40.png,"[154,202,983,291]",item_port_power_pole_3,1
transfer/40.png,"[154,202,983,291]",item_port_power_sta_1,1
transfer/40.png,"[154,202,983,291]",item_port_travel_pole_2,1
transfer/40.png,"[154,202,983,291]",item_proc_bomb_1,1
transfer/40.png,"[154,202,983,291]",item_spaceship_cmpt_1,1
transfer/40.png,"[154,202,983,291]",item_spaceship_cmpt_2,1
transfer/41.png,"[154,202,983,291]",item_bottled_grass2spc_2,1
transfer/41.png,"[154,202,983,291]",item_bottled_insec1_2,1
transfer/41.png,"[154,202,983,291]",item_bottled_rec_hp_5,1
transfer/41.png,"[154,202,983,291]",item_crystal_powder,1
transfer/41.png,"[154,202,983,291]",item_device_balloon_recycle_3,1
transfer/41.png,"[154,202,983,291]",item_device_xiranite_nexus_3,1
transfer/41.png,"[154,202,983,291]",item_drop_klbuds_1,1
transfer/41.png,"[154,202,983,291]",item_drop_klcreatures_1,1
transfer/41.png,"[154,202,983,291]",item_equip_script_4_2,1
transfer/41.png,"[154,202,983,291]",item_equip_script_4_3,1
transfer/41.png,"[154,202,983,291]",item_fbottle_iron_water,3
transfer/41.png,"[154,202,983,291]",item_glass_bottle,1
transfer/41.png,"[154,202,983,291]",item_glass_enr_bottle,1
transfer/41.png,"[154,202,983,291]",item_hscrane_1_hsmob_1_grass_1_1,1
transfer/41.png,"[154,202,983,291]",item_iron_bottle,2
transfer/41.png,"[154,202,983,291]",item_iron_enr,1
transfer/41.png,"[154,202,983,291]",item_iron_enr_bottle,1
transfer/41.png,"[154,202,983,291]",item_iron_enr_powder,1
transfer/41.png,"[154,202,983,291]",item_iron_nugget,1
transfer/41.png,"[154,202,983,291]",item_iron_ore,1
transfer/41.png,"[154,202,983,291]",item_iron_powder,1
transfer/41.png,"[154,202,983,291]",item_originium_ore,1
transfer/41.png,"[154,202,983,291]",item_plant_bbflower_1,1
transfer/41.png,"[154,202,983,291]",item_plant_bbflower_powder_1,1
transfer/41.png,"[154,202,983,291]",item_plant_bbflower_seed_1,1
transfer/41.png,"[154,202,983,291]",item_plant_moss_1,1
transfer/41.png,"[154,202,983,291]",item_plant_moss_2,1
transfer/41.png,"[154,202,983,291]",item_plant_moss_3,1
transfer/41.png,"[154,202,983,291]",item_plant_moss_powder_3,1
transfer/41.png,"[154,202,983,291]",item_plant_moss_seed_1,1
transfer/41.png,"[154,202,983,291]",item_plant_moss_seed_2,1
transfer/41.png,"[154,202,983,291]",item_plant_moss_seed_3,1
transfer/41.png,"[154,202,983,291]",item_plant_moss_spc_1,1
transfer/41.png,"[154,202,983,291]",item_plant_moss_spc_2,1
transfer/41.png,"[154,202,983,291]",item_port_power_diffuser_1,1
transfer/41.png,"[154,202,983,291]",item_port_power_diffuser_2,1
transfer/41.png,"[154,202,983,291]",item_port_power_pole_2,1
transfer/41.png,"[154,202,983,291]",item_port_power_pole_3,1
transfer/41.png,"[154,202,983,291]",item_port_travel_pole_2,1
transfer/41.png,"[154,202,983,291]",item_proc_bomb_1,1
transfer/41.png,"[154,202,983,291]",item_quartz_enr,1
transfer/41.png,"[154,202,983,291]",item_quartz_enr_powder,1
transfer/41.png,"[154,202,983,291]",item_quartz_glass,1
transfer/41.png,"[154,202,983,291]",item_quartz_powder,1
transfer/41.png,"[154,202,983,291]",item_quartz_sand,1
transfer/41.png,"[154,202,983,291]",item_spaceship_cmpt_1,1
transfer/41.png,"[154,202,983,291]",item_spaceship_cmpt_2,1
transfer/41.png,"[154,202,983,291]",item_xiranite_enr_powder,1
transfer/41.png,"[154,202,983,291]",item_xiranite_powder,1
transfer/42.png,"[154,202,983,291]",item_bottled_grass2spc_2,1
transfer/42.png,"[154,202,983,291]",item_bottled_insec1_2,1
transfer/42.png,"[154,202,983,291]",item_carbon_enr,1
transfer/42.png,"[154,202,983,291]",item_carbon_enr_powder,1
transfer/42.png,"[154,202,983,291]",item_carbon_powder,1
transfer/42.png,"[154,202,983,291]",item_copper_bottle,1
transfer/42.png,"[154,202,983,291]",item_copper_enr,1
transfer/42.png,"[154,202,983,291]",item_copper_powder,1
transfer/42.png,"[154,202,983,291]",item_crystal_enr,1
transfer/42.png,"[154,202,983,291]",item_crystal_enr_powder,1
transfer/42.png,"[154,202,983,291]",item_crystal_powder,1
transfer/42.png,"[154,202,983,291]",item_drop_hscrane_1,1
transfer/42.png,"[154,202,983,291]",item_drop_hsmino_1,1
transfer/42.png,"[154,202,983,291]",item_drop_wgshoal_1,1
transfer/42.png,"[154,202,983,291]",item_drop_wgthorns_1,1
transfer/42.png,"[154,202,983,291]",item_equip_script_4_2,1
transfer/42.png,"[154,202,983,291]",item_fbottle_copper_grass_2,1
transfer/42.png,"[154,202,983,291]",item_fbottle_copper_xiranite_enr,1
transfer/42.png,"[154,202,983,291]",item_fbottle_copper_xiranite_poly,1
transfer/42.png,"[154,202,983,291]",item_fbottle_iron_grass_1,1
transfer/42.png,"[154,202,983,291]",item_fbottle_iron_grass_2,1
transfer/42.png,"[154,202,983,291]",item_fbottle_iron_sewage,1
transfer/42.png,"[154,202,983,291]",item_fbottle_iron_water,1
transfer/42.png,"[154,202,983,291]",item_fbottle_iron_xiranite,1
transfer/42.png,"[154,202,983,291]",item_fbottle_iron_xiranite_enr,1
transfer/42.png,"[154,202,983,291]",item_fbottle_iron_xiranite_lowpoly,1
transfer/42.png,"[154,202,983,291]",item_fbottle_iron_xiranite_poly,1
transfer/42.png,"[154,202,983,291]",item_hscrane_1_hsmob_1_grass_1_1,1
transfer/42.png,"[154,202,983,291]",item_iron_bottle,1
transfer/42.png,"[154,202,983,291]",item_iron_enr,1
transfer/42.png,"[154,202,983,291]",item_iron_enr_powder,1
transfer/42.png,"[154,202,983,291]",item_iron_powder,1
transfer/42.png,"[154,202,983,291]",item_originium_enr_powder,1
transfer/42.png,"[154,202,983,291]",item_originium_powder,1
transfer/42.png,"[154,202,983,291]",item_plant_crylplant_2_1,1
transfer/42.png,"[154,202,983,291]",item_plant_moss_powder_3,1
transfer/42.png,"[154,202,983,291]",item_plant_mushroom_2_1,1
transfer/42.png,"[154,202,983,291]",item_plant_spcstone_2_2,1
transfer/42.png,"[154,202,983,291]",item_port_power_diffuser_1,1
transfer/42.png,"[154,202,983,291]",item_port_power_diffuser_2,1
transfer/42.png,"[154,202,983,291]",item_port_power_pole_2,1
transfer/42.png,"[154,202,983,291]",item_port_power_pole_3,1
transfer/42.png,"[154,202,983,291]",item_port_power_sta_1,1
transfer/42.png,"[154,202,983,291]",item_port_travel_pole_2,1
transfer/42.png,"[154,202,983,291]",item_proc_bomb_1,1
transfer/42.png,"[154,202,983,291]",item_spaceship_cmpt_1,1
transfer/42.png,"[154,202,983,291]",item_spaceship_cmpt_2,1
transfer/42.png,"[154,202,983,291]",item_xiranite_enr_powder,1
transfer/42.png,"[154,202,983,291]",item_xiranite_poly,1
transfer/42.png,"[154,202,983,291]",item_xiranite_powder,1
transfer/43.png,"[154,202,983,291]",item_bottled_rec_hp_5,1
transfer/43.png,"[154,202,983,291]",item_crystal_powder,1
transfer/43.png,"[154,202,983,291]",item_drop_hscrane_1,1
transfer/43.png,"[154,202,983,291]",item_drop_hsmino_1,1
transfer/43.png,"[154,202,983,291]",item_drop_hsmob_1,1
transfer/43.png,"[154,202,983,291]",item_drop_klbuds_1,1
transfer/43.png,"[154,202,983,291]",item_drop_klcreatures_1,1
transfer/43.png,"[154,202,983,291]",item_equip_script_4_2,1
transfer/43.png,"[154,202,983,291]",item_equip_script_4_3,1
transfer/43.png,"[154,202,983,291]",item_fbottle_iron_water,3
transfer/43.png,"[154,202,983,291]",item_glass_bottle,1
transfer/43.png,"[154,202,983,291]",item_glass_enr_bottle,1
transfer/43.png,"[154,202,983,291]",item_iron_bottle,2
transfer/43.png,"[154,202,983,291]",item_iron_enr,1
transfer/43.png,"[154,202,983,291]",item_iron_enr_bottle,1
transfer/43.png,"[154,202,983,291]",item_iron_enr_powder,1
transfer/43.png,"[154,202,983,291]",item_iron_nugget,1
transfer/43.png,"[154,202,983,291]",item_iron_ore,1
transfer/43.png,"[154,202,983,291]",item_iron_powder,1
transfer/43.png,"[154,202,983,291]",item_originium_ore,1
transfer/43.png,"[154,202,983,291]",item_plant_bbflower_1,1
transfer/43.png,"[154,202,983,291]",item_plant_bbflower_powder_1,1
transfer/43.png,"[154,202,983,291]",item_plant_bbflower_seed_1,1
transfer/43.png,"[154,202,983,291]",item_plant_moss_1,1
transfer/43.png,"[154,202,983,291]",item_plant_moss_2,1
transfer/43.png,"[154,202,983,291]",item_plant_moss_3,1
transfer/43.png,"[154,202,983,291]",item_plant_moss_powder_3,1
transfer/43.png,"[154,202,983,291]",item_plant_moss_seed_1,1
transfer/43.png,"[154,202,983,291]",item_plant_moss_seed_2,1
transfer/43.png,"[154,202,983,291]",item_plant_moss_seed_3,1
transfer/43.png,"[154,202,983,291]",item_plant_moss_spc_1,1
transfer/43.png,"[154,202,983,291]",item_plant_moss_spc_2,1
transfer/43.png,"[154,202,983,291]",item_port_travel_pole_2,1
transfer/43.png,"[154,202,983,291]",item_quartz_enr,1
transfer/43.png,"[154,202,983,291]",item_quartz_enr_powder,1
transfer/43.png,"[154,202,983,291]",item_quartz_glass,1
transfer/43.png,"[154,202,983,291]",item_quartz_powder,1
transfer/43.png,"[154,202,983,291]",item_quartz_sand,1
transfer/43.png,"[154,202,983,291]",item_spaceship_cmpt_1,1
transfer/43.png,"[154,202,983,291]",item_spaceship_cmpt_2,1
transfer/43.png,"[154,202,983,291]",item_xiranite_enr_powder,1
transfer/43.png,"[154,202,983,291]",item_xiranite_powder,1
transfer/44.png,"[154,202,983,291]",item_bottled_grass2spc_2,1
transfer/44.png,"[154,202,983,291]",item_bottled_insec1_2,1
transfer/44.png,"[154,202,983,291]",item_carbon_enr,1
transfer/44.png,"[154,202,983,291]",item_carbon_enr_powder,1
transfer/44.png,"[154,202,983,291]",item_carbon_powder,1
transfer/44.png,"[154,202,983,291]",item_copper_bottle,1
transfer/44.png,"[154,202,983,291]",item_copper_enr,1
transfer/44.png,"[154,202,983,291]",item_copper_powder,1
transfer/44.png,"[154,202,983,291]",item_crystal_enr,1
transfer/44.png,"[154,202,983,291]",item_crystal_enr_powder,1
transfer/44.png,"[154,202,983,291]",item_crystal_powder,1
transfer/44.png,"[154,202,983,291]",item_drop_hscrane_1,1
transfer/44.png,"[154,202,983,291]",item_drop_hsmino_1,1
transfer/44.png,"[154,202,983,291]",item_drop_wgshoal_1,1
transfer/44.png,"[154,202,983,291]",item_drop_wgthorns_1,1
transfer/44.png,"[154,202,983,291]",item_equip_script_4_2,1
transfer/44.png,"[154,202,983,291]",item_fbottle_copper_grass_2,1
transfer/44.png,"[154,202,983,291]",item_fbottle_copper_xiranite_enr,1
transfer/44.png,"[154,202,983,291]",item_fbottle_copper_xiranite_poly,1
transfer/44.png,"[154,202,983,291]",item_fbottle_iron_grass_1,1
transfer/44.png,"[154,202,983,291]",item_fbottle_iron_grass_2,1
transfer/44.png,"[154,202,983,291]",item_fbottle_iron_sewage,1
transfer/44.png,"[154,202,983,291]",item_fbottle_iron_water,1
transfer/44.png,"[154,202,983,291]",item_fbottle_iron_xiranite,1
transfer/44.png,"[154,202,983,291]",item_fbottle_iron_xiranite_enr,1
transfer/44.png,"[154,202,983,291]",item_fbottle_iron_xiranite_lowpoly,1
transfer/44.png,"[154,202,983,291]",item_fbottle_iron_xiranite_poly,1
transfer/44.png,"[154,202,983,291]",item_hscrane_1_hsmob_1_grass_1_1,1
transfer/44.png,"[154,202,983,291]",item_iron_bottle,1
transfer/44.png,"[154,202,983,291]",item_iron_enr,1
transfer/44.png,"[154,202,983,291]",item_iron_enr_powder,1
transfer/44.png,"[154,202,983,291]",item_iron_powder,1
transfer/44.png,"[154,202,983,291]",item_originium_enr_powder,1
transfer/44.png,"[154,202,983,291]",item_originium_powder,1
transfer/44.png,"[154,202,983,291]",item_plant_crylplant_2_1,1
transfer/44.png,"[154,202,983,291]",item_plant_moss_powder_3,1
transfer/44.png,"[154,202,983,291]",item_plant_mushroom_2_1,1
transfer/44.png,"[154,202,983,291]",item_plant_spcstone_2_2,1
transfer/44.png,"[154,202,983,291]",item_port_power_diffuser_1,1
transfer/44.png,"[154,202,983,291]",item_port_power_diffuser_2,1
transfer/44.png,"[154,202,983,291]",item_port_power_pole_2,1
transfer/44.png,"[154,202,983,291]",item_port_power_pole_3,1
transfer/44.png,"[154,202,983,291]",item_port_power_sta_1,1
transfer/44.png,"[154,202,983,291]",item_port_travel_pole_2,1
transfer/44.png,"[154,202,983,291]",item_proc_bomb_1,1
transfer/44.png,"[154,202,983,291]",item_spaceship_cmpt_1,1
transfer/44.png,"[154,202,983,291]",item_spaceship_cmpt_2,1
transfer/44.png,"[154,202,983,291]",item_xiranite_enr_powder,1
transfer/44.png,"[154,202,983,291]",item_xiranite_poly,1
transfer/44.png,"[154,202,983,291]",item_xiranite_powder,1
transfer/45.png,"[154,202,983,291]",item_bottled_food_1,1
transfer/45.png,"[154,202,983,291]",item_bottled_food_4,1
transfer/45.png,"[154,202,983,291]",item_bottled_grass2spc_2,1
transfer/45.png,"[154,202,983,291]",item_bottled_insec1_2,1
transfer/45.png,"[154,202,983,291]",item_bottled_rec_hp_3,1
transfer/45.png,"[154,202,983,291]",item_bottled_rec_hp_5,2
transfer/45.png,"[154,202,983,291]",item_copper_enr_cmpt,1
transfer/45.png,"[154,202,983,291]",item_copper_enr2_cmpt,1
transfer/45.png,"[154,202,983,291]",item_crystal_powder,1
transfer/45.png,"[154,202,983,291]",item_device_balloon_recycle_3,1
transfer/45.png,"[154,202,983,291]",item_device_xiranite_nexus_3,1
transfer/45.png,"[154,202,983,291]",item_drop_klbuds_1,1
transfer/45.png,"[154,202,983,291]",item_drop_klcreatures_1,1
transfer/45.png,"[154,202,983,291]",item_equip_script_3,1
transfer/45.png,"[154,202,983,291]",item_equip_script_4_2,1
transfer/45.png,"[154,202,983,291]",item_equip_script_4_3,1
transfer/45.png,"[154,202,983,291]",item_fbottle_iron_water,3
transfer/45.png,"[154,202,983,291]",item_glass_cmpt,1
transfer/45.png,"[154,202,983,291]",item_glass_enr_cmpt,1
transfer/45.png,"[154,202,983,291]",item_hscrane_1_hsmob_1_grass_1_1,1
transfer/45.png,"[154,202,983,291]",item_iron_bottle,1
transfer/45.png,"[154,202,983,291]",item_iron_cmpt,1
transfer/45.png,"[154,202,983,291]",item_iron_enr_cmpt,1
transfer/45.png,"[154,202,983,291]",item_iron_nugget,1
transfer/45.png,"[154,202,983,291]",item_iron_powder,1
transfer/45.png,"[154,202,983,291]",item_plant_bbflower_powder_1,1
transfer/45.png,"[154,202,983,291]",item_plant_moss_powder_3,1
transfer/45.png,"[154,202,983,291]",item_port_cmpt_mc_1,1
transfer/45.png,"[154,202,983,291]",item_port_furnance_1,1
transfer/45.png,"[154,202,983,291]",item_port_grinder_1,1
transfer/45.png,"[154,202,983,291]",item_port_loader_1,1
transfer/45.png,"[154,202,983,291]",item_port_marker_1,1
transfer/45.png,"[154,202,983,291]",item_port_power_diffuser_1,1
transfer/45.png,"[154,202,983,291]",item_port_power_diffuser_2,1
transfer/45.png,"[154,202,983,291]",item_port_power_pole_2,1
transfer/45.png,"[154,202,983,291]",item_port_power_pole_3,1
transfer/45.png,"[154,202,983,291]",item_port_shaper_1,1
transfer/45.png,"[154,202,983,291]",item_port_thickener_1,1
transfer/45.png,"[154,202,983,291]",item_port_tools_asm_mc_1,1
transfer/45.png,"[154,202,983,291]",item_port_travel_pole_2,1
transfer/45.png,"[154,202,983,291]",item_proc_battery_3,1
transfer/45.png,"[154,202,983,291]",item_proc_battery_4,1
transfer/45.png,"[154,202,983,291]",item_proc_battery_5,1
transfer/45.png,"[154,202,983,291]",item_proc_bomb_1,2
transfer/45.png,"[154,202,983,291]",item_quartz_enr_powder,1
transfer/45.png,"[154,202,983,291]",item_quartz_glass,1
transfer/45.png,"[154,202,983,291]",item_quartz_powder,1
transfer/46.png,"[154,202,983,291]",item_bottled_grass2spc_2,1
transfer/46.png,"[154,202,983,291]",item_bottled_insec1_2,1
transfer/46.png,"[154,202,983,291]",item_carbon_enr,1
transfer/46.png,"[154,202,983,291]",item_carbon_enr_powder,1
transfer/46.png,"[154,202,983,291]",item_carbon_powder,1
transfer/46.png,"[154,202,983,291]",item_copper_bottle,1
transfer/46.png,"[154,202,983,291]",item_copper_enr,1
transfer/46.png,"[154,202,983,291]",item_copper_powder,1
transfer/46.png,"[154,202,983,291]",item_crystal_enr,1
transfer/46.png,"[154,202,983,291]",item_crystal_enr_powder,1
transfer/46.png,"[154,202,983,291]",item_crystal_powder,1
transfer/46.png,"[154,202,983,291]",item_drop_hscrane_1,1
transfer/46.png,"[154,202,983,291]",item_drop_hsmino_1,1
transfer/46.png,"[154,202,983,291]",item_drop_wgshoal_1,1
transfer/46.png,"[154,202,983,291]",item_drop_wgthorns_1,1
transfer/46.png,"[154,202,983,291]",item_equip_script_4_2,1
transfer/46.png,"[154,202,983,291]",item_fbottle_copper_grass_2,1
transfer/46.png,"[154,202,983,291]",item_fbottle_copper_xiranite_enr,1
transfer/46.png,"[154,202,983,291]",item_fbottle_copper_xiranite_poly,1
transfer/46.png,"[154,202,983,291]",item_fbottle_iron_grass_1,1
transfer/46.png,"[154,202,983,291]",item_fbottle_iron_grass_2,1
transfer/46.png,"[154,202,983,291]",item_fbottle_iron_sewage,1
transfer/46.png,"[154,202,983,291]",item_fbottle_iron_water,1
transfer/46.png,"[154,202,983,291]",item_fbottle_iron_xiranite,1
transfer/46.png,"[154,202,983,291]",item_fbottle_iron_xiranite_enr,1
transfer/46.png,"[154,202,983,291]",item_fbottle_iron_xiranite_lowpoly,1
transfer/46.png,"[154,202,983,291]",item_fbottle_iron_xiranite_poly,1
transfer/46.png,"[154,202,983,291]",item_hscrane_1_hsmob_1_grass_1_1,1
transfer/46.png,"[154,202,983,291]",item_iron_bottle,1
transfer/46.png,"[154,202,983,291]",item_iron_enr,1
transfer/46.png,"[154,202,983,291]",item_iron_enr_powder,1
transfer/46.png,"[154,202,983,291]",item_iron_powder,1
transfer/46.png,"[154,202,983,291]",item_originium_enr_powder,1
transfer/46.png,"[154,202,983,291]",item_originium_powder,1
transfer/46.png,"[154,202,983,291]",item_plant_crylplant_2_1,1
transfer/46.png,"[154,202,983,291]",item_plant_moss_powder_3,1
transfer/46.png,"[154,202,983,291]",item_plant_mushroom_2_1,1
transfer/46.png,"[154,202,983,291]",item_plant_spcstone_2_2,1
transfer/46.png,"[154,202,983,291]",item_port_power_diffuser_1,1
transfer/46.png,"[154,202,983,291]",item_port_power_diffuser_2,1
transfer/46.png,"[154,202,983,291]",item_port_power_pole_2,1
transfer/46.png,"[154,202,983,291]",item_port_power_pole_3,1
transfer/46.png,"[154,202,983,291]",item_port_power_sta_1,1
transfer/46.png,"[154,202,983,291]",item_port_travel_pole_2,1
transfer/46.png,"[154,202,983,291]",item_proc_bomb_1,1
transfer/46.png,"[154,202,983,291]",item_spaceship_cmpt_1,1
transfer/46.png,"[154,202,983,291]",item_spaceship_cmpt_2,1
transfer/46.png,"[154,202,983,291]",item_xiranite_enr_powder,1
transfer/46.png,"[154,202,983,291]",item_xiranite_poly,1
transfer/46.png,"[154,202,983,291]",item_xiranite_powder,1
transfer/47.png,"[154,202,983,291]",item_bottled_grass2spc_2,1
transfer/47.png,"[154,202,983,291]",item_bottled_insec1_2,1
transfer/47.png,"[154,202,983,291]",item_bottled_rec_hp_5,1
transfer/47.png,"[154,202,983,291]",item_crystal_powder,1
transfer/47.png,"[154,202,983,291]",item_device_balloon_recycle_3,1
transfer/47.png,"[154,202,983,291]",item_device_xiranite_nexus_3,1
transfer/47.png,"[154,202,983,291]",item_drop_klbuds_1,1
transfer/47.png,"[154,202,983,291]",item_drop_klcreatures_1,1
transfer/47.png,"[154,202,983,291]",item_equip_script_4_2,1
transfer/47.png,"[154,202,983,291]",item_equip_script_4_3,1
transfer/47.png,"[154,202,983,291]",item_fbottle_iron_water,3
transfer/47.png,"[154,202,983,291]",item_glass_bottle,1
transfer/47.png,"[154,202,983,291]",item_glass_enr_bottle,1
transfer/47.png,"[154,202,983,291]",item_hscrane_1_hsmob_1_grass_1_1,1
transfer/47.png,"[154,202,983,291]",item_iron_bottle,2
transfer/47.png,"[154,202,983,291]",item_iron_enr,1
transfer/47.png,"[154,202,983,291]",item_iron_enr_bottle,1
transfer/47.png,"[154,202,983,291]",item_iron_enr_powder,1
transfer/47.png,"[154,202,983,291]",item_iron_nugget,1
transfer/47.png,"[154,202,983,291]",item_iron_ore,1
transfer/47.png,"[154,202,983,291]",item_iron_powder,1
transfer/47.png,"[154,202,983,291]",item_originium_ore,1
transfer/47.png,"[154,202,983,291]",item_plant_bbflower_1,1
transfer/47.png,"[154,202,983,291]",item_plant_bbflower_powder_1,1
transfer/47.png,"[154,202,983,291]",item_plant_bbflower_seed_1,1
transfer/47.png,"[154,202,983,291]",item_plant_moss_1,1
transfer/47.png,"[154,202,983,291]",item_plant_moss_2,1
transfer/47.png,"[154,202,983,291]",item_plant_moss_3,1
transfer/47.png,"[154,202,983,291]",item_plant_moss_powder_3,1
transfer/47.png,"[154,202,983,291]",item_plant_moss_seed_1,1
transfer/47.png,"[154,202,983,291]",item_plant_moss_seed_2,1
transfer/47.png,"[154,202,983,291]",item_plant_moss_seed_3,1
transfer/47.png,"[154,202,983,291]",item_plant_moss_spc_1,1
transfer/47.png,"[154,202,983,291]",item_plant_moss_spc_2,1
transfer/47.png,"[154,202,983,291]",item_port_power_diffuser_1,1
transfer/47.png,"[154,202,983,291]",item_port_power_diffuser_2,1
transfer/47.png,"[154,202,983,291]",item_port_power_pole_2,1
transfer/47.png,"[154,202,983,291]",item_port_power_pole_3,1
transfer/47.png,"[154,202,983,291]",item_port_travel_pole_2,1
transfer/47.png,"[154,202,983,291]",item_proc_bomb_1,1
transfer/47.png,"[154,202,983,291]",item_quartz_enr,1
transfer/47.png,"[154,202,983,291]",item_quartz_enr_powder,1
transfer/47.png,"[154,202,983,291]",item_quartz_glass,1
transfer/47.png,"[154,202,983,291]",item_quartz_powder,1
transfer/47.png,"[154,202,983,291]",item_quartz_sand,1
transfer/47.png,"[154,202,983,291]",item_spaceship_cmpt_1,1
transfer/47.png,"[154,202,983,291]",item_spaceship_cmpt_2,1
transfer/47.png,"[154,202,983,291]",item_xiranite_enr_powder,1
transfer/47.png,"[154,202,983,291]",item_xiranite_powder,1
transfer/48.png,"[154,202,983,291]",item_bottled_grass2spc_2,1
transfer/48.png,"[154,202,983,291]",item_bottled_insec1_2,1
transfer/48.png,"[154,202,983,291]",item_carbon_enr,1
transfer/48.png,"[154,202,983,291]",item_carbon_enr_powder,1
transfer/48.png,"[154,202,983,291]",item_carbon_powder,1
transfer/48.png,"[154,202,983,291]",item_copper_bottle,1
transfer/48.png,"[154,202,983,291]",item_copper_enr,1
transfer/48.png,"[154,202,983,291]",item_copper_powder,1
transfer/48.png,"[154,202,983,291]",item_crystal_enr,1
transfer/48.png,"[154,202,983,291]",item_crystal_enr_powder,1
transfer/48.png,"[154,202,983,291]",item_crystal_powder,1
transfer/48.png,"[154,202,983,291]",item_drop_hscrane_1,1
transfer/48.png,"[154,202,983,291]",item_drop_hsmino_1,1
transfer/48.png,"[154,202,983,291]",item_drop_wgshoal_1,1
transfer/48.png,"[154,202,983,291]",item_drop_wgthorns_1,1
transfer/48.png,"[154,202,983,291]",item_equip_script_4_2,1
transfer/48.png,"[154,202,983,291]",item_fbottle_copper_grass_2,1
transfer/48.png,"[154,202,983,291]",item_fbottle_copper_xiranite_enr,1
transfer/48.png,"[154,202,983,291]",item_fbottle_copper_xiranite_poly,1
transfer/48.png,"[154,202,983,291]",item_fbottle_iron_grass_1,1
transfer/48.png,"[154,202,983,291]",item_fbottle_iron_grass_2,1
transfer/48.png,"[154,202,983,291]",item_fbottle_iron_sewage,1
transfer/48.png,"[154,202,983,291]",item_fbottle_iron_water,1
transfer/48.png,"[154,202,983,291]",item_fbottle_iron_xiranite,1
transfer/48.png,"[154,202,983,291]",item_fbottle_iron_xiranite_enr,1
transfer/48.png,"[154,202,983,291]",item_fbottle_iron_xiranite_lowpoly,1
transfer/48.png,"[154,202,983,291]",item_fbottle_iron_xiranite_poly,1
transfer/48.png,"[154,202,983,291]",item_hscrane_1_hsmob_1_grass_1_1,1
transfer/48.png,"[154,202,983,291]",item_iron_bottle,1
transfer/48.png,"[154,202,983,291]",item_iron_enr,1
transfer/48.png,"[154,202,983,291]",item_iron_enr_powder,1
transfer/48.png,"[154,202,983,291]",item_iron_powder,1
transfer/48.png,"[154,202,983,291]",item_originium_enr_powder,1
transfer/48.png,"[154,202,983,291]",item_originium_powder,1
transfer/48.png,"[154,202,983,291]",item_plant_crylplant_2_1,1
transfer/48.png,"[154,202,983,291]",item_plant_moss_powder_3,1
transfer/48.png,"[154,202,983,291]",item_plant_mushroom_2_1,1
transfer/48.png,"[154,202,983,291]",item_plant_spcstone_2_2,1
transfer/48.png,"[154,202,983,291]",item_port_power_diffuser_1,1
transfer/48.png,"[154,202,983,291]",item_port_power_diffuser_2,1
transfer/48.png,"[154,202,983,291]",item_port_power_pole_2,1
transfer/48.png,"[154,202,983,291]",item_port_power_pole_3,1
transfer/48.png,"[154,202,983,291]",item_port_power_sta_1,1
transfer/48.png,"[154,202,983,291]",item_port_travel_pole_2,1
transfer/48.png,"[154,202,983,291]",item_proc_bomb_1,1
transfer/48.png,"[154,202,983,291]",item_spaceship_cmpt_1,1
transfer/48.png,"[154,202,983,291]",item_spaceship_cmpt_2,1
transfer/48.png,"[154,202,983,291]",item_xiranite_enr_powder,1
transfer/48.png,"[154,202,983,291]",item_xiranite_poly,1
transfer/48.png,"[154,202,983,291]",item_xiranite_powder,1
transfer/49.png,"[154,202,983,291]",item_bottled_grass2spc_2,1
transfer/49.png,"[154,202,983,291]",item_bottled_insec1_2,1
transfer/49.png,"[154,202,983,291]",item_bottled_rec_hp_5,1
transfer/49.png,"[154,202,983,291]",item_crystal_powder,1
transfer/49.png,"[154,202,983,291]",item_device_balloon_recycle_3,1
transfer/49.png,"[154,202,983,291]",item_device_xiranite_nexus_3,1
transfer/49.png,"[154,202,983,291]",item_drop_klbuds_1,1
transfer/49.png,"[154,202,983,291]",item_drop_klcreatures_1,1
transfer/49.png,"[154,202,983,291]",item_equip_script_4_2,1
transfer/49.png,"[154,202,983,291]",item_equip_script_4_3,1
transfer/49.png,"[154,202,983,291]",item_fbottle_iron_water,3
transfer/49.png,"[154,202,983,291]",item_glass_bottle,1
transfer/49.png,"[154,202,983,291]",item_glass_enr_bottle,1
transfer/49.png,"[154,202,983,291]",item_hscrane_1_hsmob_1_grass_1_1,1
transfer/49.png,"[154,202,983,291]",item_iron_bottle,2
transfer/49.png,"[154,202,983,291]",item_iron_enr,1
transfer/49.png,"[154,202,983,291]",item_iron_enr_bottle,1
transfer/49.png,"[154,202,983,291]",item_iron_enr_powder,1
transfer/49.png,"[154,202,983,291]",item_iron_nugget,1
transfer/49.png,"[154,202,983,291]",item_iron_ore,1
transfer/49.png,"[154,202,983,291]",item_iron_powder,1
transfer/49.png,"[154,202,983,291]",item_originium_ore,1
transfer/49.png,"[154,202,983,291]",item_plant_bbflower_1,1
transfer/49.png,"[154,202,983,291]",item_plant_bbflower_powder_1,1
transfer/49.png,"[154,202,983,291]",item_plant_bbflower_seed_1,1
transfer/49.png,"[154,202,983,291]",item_plant_moss_1,1
transfer/49.png,"[154,202,983,291]",item_plant_moss_2,1
transfer/49.png,"[154,202,983,291]",item_plant_moss_3,1
transfer/49.png,"[154,202,983,291]",item_plant_moss_powder_3,1
transfer/49.png,"[154,202,983,291]",item_plant_moss_seed_1,1
transfer/49.png,"[154,202,983,291]",item_plant_moss_seed_2,1
transfer/49.png,"[154,202,983,291]",item_plant_moss_seed_3,1
transfer/49.png,"[154,202,983,291]",item_plant_moss_spc_1,1
transfer/49.png,"[154,202,983,291]",item_plant_moss_spc_2,1
transfer/49.png,"[154,202,983,291]",item_port_power_diffuser_1,1
transfer/49.png,"[154,202,983,291]",item_port_power_diffuser_2,1
transfer/49.png,"[154,202,983,291]",item_port_power_pole_2,1
transfer/49.png,"[154,202,983,291]",item_port_power_pole_3,1
transfer/49.png,"[154,202,983,291]",item_port_travel_pole_2,1
transfer/49.png,"[154,202,983,291]",item_proc_bomb_1,1
transfer/49.png,"[154,202,983,291]",item_quartz_enr,1
transfer/49.png,"[154,202,983,291]",item_quartz_enr_powder,1
transfer/49.png,"[154,202,983,291]",item_quartz_glass,1
transfer/49.png,"[154,202,983,291]",item_quartz_powder,1
transfer/49.png,"[154,202,983,291]",item_quartz_sand,1
transfer/49.png,"[154,202,983,291]",item_spaceship_cmpt_1,1
transfer/49.png,"[154,202,983,291]",item_spaceship_cmpt_2,1
transfer/49.png,"[154,202,983,291]",item_xiranite_enr_powder,1
transfer/49.png,"[154,202,983,291]",item_xiranite_powder,1
transfer/5.png,"[154,202,983,291]",item_bottled_grass2spc_2,1
transfer/5.png,"[154,202,983,291]",item_bottled_insec1_2,1
transfer/5.png,"[154,202,983,291]",item_bottled_rec_hp_5,1
transfer/5.png,"[154,202,983,291]",item_device_balloon_recycle_3,1
transfer/5.png,"[154,202,983,291]",item_device_xiranite_nexus_3,1
transfer/5.png,"[154,202,983,291]",item_drop_agdisk_1,1
transfer/5.png,"[154,202,983,291]",item_drop_ethillu_1,1
transfer/5.png,"[154,202,983,291]",item_drop_firebat_1,1
transfer/5.png,"[154,202,983,291]",item_drop_hscrane_1,1
transfer/5.png,"[154,202,983,291]",item_drop_hshog_1,1
transfer/5.png,"[154,202,983,291]",item_drop_hsmino_1,1
transfer/5.png,"[154,202,983,291]",item_drop_hstiger_1,1
transfer/5.png,"[154,202,983,291]",item_drop_hvybow_1,1
transfer/5.png,"[154,202,983,291]",item_drop_jzmonk_1,1
transfer/5.png,"[154,202,983,291]",item_drop_jzogre_1,1
transfer/5.png,"[154,202,983,291]",item_drop_klbuds_1,2
transfer/5.png,"[154,202,983,291]",item_drop_klcaps_1,1
transfer/5.png,"[154,202,983,291]",item_drop_klcreatures_1,2
transfer/5.png,"[154,202,983,291]",item_drop_lbroshan_1,1
transfer/5.png,"[154,202,983,291]",item_drop_lbshamman_1,1
transfer/5.png,"[154,202,983,291]",item_drop_lbtough_1,1
transfer/5.png,"[154,202,983,291]",item_drop_mimicw_1,1
transfer/5.png,"[154,202,983,291]",item_drop_sandb_1,1
transfer/5.png,"[154,202,983,291]",item_drop_wgabyss_1,1
transfer/5.png,"[154,202,983,291]",item_drop_wgshoal_1,1
transfer/5.png,"[154,202,983,291]",item_equip_script_4_2,1
transfer/5.png,"[154,202,983,291]",item_equip_script_4_3,1
transfer/5.png,"[154,202,983,291]",item_fbottle_iron_water,3
transfer/5.png,"[154,202,983,291]",item_hscrane_1_hsmob_1_grass_1_1,1
transfer/5.png,"[154,202,983,291]",item_iron_bottle,1
transfer/5.png,"[154,202,983,291]",item_plant_crylplant_1_1,1
transfer/5.png,"[154,202,983,291]",item_plant_crylplant_1_2,1
transfer/5.png,"[154,202,983,291]",item_plant_crylplant_1_3,1
transfer/5.png,"[154,202,983,291]",item_plant_crylplant_2_1,1
transfer/5.png,"[154,202,983,291]",item_plant_mushroom_1_1,1
transfer/5.png,"[154,202,983,291]",item_plant_mushroom_1_2,1
transfer/5.png,"[154,202,983,291]",item_plant_mushroom_1_3,1
transfer/5.png,"[154,202,983,291]",item_plant_mushroom_2_1,1
transfer/5.png,"[154,202,983,291]",item_plant_mushroom_2_2,1
transfer/5.png,"[154,202,983,291]",item_plant_mushroom_2_3,1
transfer/5.png,"[154,202,983,291]",item_port_power_diffuser_1,1
transfer/5.png,"[154,202,983,291]",item_port_power_diffuser_2,1
transfer/5.png,"[154,202,983,291]",item_port_power_pole_2,1
transfer/5.png,"[154,202,983,291]",item_port_power_pole_3,1
transfer/5.png,"[154,202,983,291]",item_port_travel_pole_2,1
transfer/5.png,"[154,202,983,291]",item_proc_bomb_1,1
transfer/5.png,"[154,202,983,291]",item_spaceship_cmpt_1,1
transfer/5.png,"[154,202,983,291]",item_spaceship_cmpt_2,1
transfer/50.png,"[154,202,983,291]",item_bottled_grass2spc_2,1
transfer/50.png,"[154,202,983,291]",item_bottled_insec1_2,1
transfer/50.png,"[154,202,983,291]",item_carbon_enr,1
transfer/50.png,"[154,202,983,291]",item_carbon_enr_powder,1
transfer/50.png,"[154,202,983,291]",item_carbon_powder,1
transfer/50.png,"[154,202,983,291]",item_copper_bottle,1
transfer/50.png,"[154,202,983,291]",item_copper_enr,1
transfer/50.png,"[154,202,983,291]",item_copper_powder,1
transfer/50.png,"[154,202,983,291]",item_crystal_enr,1
transfer/50.png,"[154,202,983,291]",item_crystal_enr_powder,1
transfer/50.png,"[154,202,983,291]",item_crystal_powder,1
transfer/50.png,"[154,202,983,291]",item_drop_hscrane_1,1
transfer/50.png,"[154,202,983,291]",item_drop_hsmino_1,1
transfer/50.png,"[154,202,983,291]",item_drop_wgshoal_1,1
transfer/50.png,"[154,202,983,291]",item_drop_wgthorns_1,1
transfer/50.png,"[154,202,983,291]",item_equip_script_4_2,1
transfer/50.png,"[154,202,983,291]",item_fbottle_copper_grass_2,1
transfer/50.png,"[154,202,983,291]",item_fbottle_copper_xiranite_enr,1
transfer/50.png,"[154,202,983,291]",item_fbottle_copper_xiranite_poly,1
transfer/50.png,"[154,202,983,291]",item_fbottle_iron_grass_1,1
transfer/50.png,"[154,202,983,291]",item_fbottle_iron_grass_2,1
transfer/50.png,"[154,202,983,291]",item_fbottle_iron_sewage,1
transfer/50.png,"[154,202,983,291]",item_fbottle_iron_water,1
transfer/50.png,"[154,202,983,291]",item_fbottle_iron_xiranite,1
transfer/50.png,"[154,202,983,291]",item_fbottle_iron_xiranite_enr,1
transfer/50.png,"[154,202,983,291]",item_fbottle_iron_xiranite_lowpoly,1
transfer/50.png,"[154,202,983,291]",item_fbottle_iron_xiranite_poly,1
transfer/50.png,"[154,202,983,291]",item_hscrane_1_hsmob_1_grass_1_1,1
transfer/50.png,"[154,202,983,291]",item_iron_bottle,1
transfer/50.png,"[154,202,983,291]",item_iron_enr,1
transfer/50.png,"[154,202,983,291]",item_iron_enr_powder,1
transfer/50.png,"[154,202,983,291]",item_iron_powder,1
transfer/50.png,"[154,202,983,291]",item_originium_enr_powder,1
transfer/50.png,"[154,202,983,291]",item_originium_powder,1
transfer/50.png,"[154,202,983,291]",item_plant_crylplant_2_1,1
transfer/50.png,"[154,202,983,291]",item_plant_moss_powder_3,1
transfer/50.png,"[154,202,983,291]",item_plant_mushroom_2_1,1
transfer/50.png,"[154,202,983,291]",item_plant_spcstone_2_2,1
transfer/50.png,"[154,202,983,291]",item_port_power_diffuser_1,1
transfer/50.png,"[154,202,983,291]",item_port_power_diffuser_2,1
transfer/50.png,"[154,202,983,291]",item_port_power_pole_2,1
transfer/50.png,"[154,202,983,291]",item_port_power_pole_3,1
transfer/50.png,"[154,202,983,291]",item_port_power_sta_1,1
transfer/50.png,"[154,202,983,291]",item_port_travel_pole_2,1
transfer/50.png,"[154,202,983,291]",item_proc_bomb_1,1
transfer/50.png,"[154,202,983,291]",item_spaceship_cmpt_1,1
transfer/50.png,"[154,202,983,291]",item_spaceship_cmpt_2,1
transfer/50.png,"[154,202,983,291]",item_xiranite_enr_powder,1
transfer/50.png,"[154,202,983,291]",item_xiranite_poly,1
transfer/50.png,"[154,202,983,291]",item_xiranite_powder,1
transfer/51.png,"[154,202,983,291]",item_bottled_grass2spc_2,1
transfer/51.png,"[154,202,983,291]",item_bottled_insec1_2,1
transfer/51.png,"[154,202,983,291]",item_bottled_rec_hp_5,1
transfer/51.png,"[154,202,983,291]",item_crystal_powder,1
transfer/51.png,"[154,202,983,291]",item_device_balloon_recycle_3,1
transfer/51.png,"[154,202,983,291]",item_device_xiranite_nexus_3,1
transfer/51.png,"[154,202,983,291]",item_drop_klbuds_1,1
transfer/51.png,"[154,202,983,291]",item_drop_klcreatures_1,1
transfer/51.png,"[154,202,983,291]",item_equip_script_4_2,1
transfer/51.png,"[154,202,983,291]",item_equip_script_4_3,1
transfer/51.png,"[154,202,983,291]",item_fbottle_iron_water,3
transfer/51.png,"[154,202,983,291]",item_glass_bottle,1
transfer/51.png,"[154,202,983,291]",item_glass_enr_bottle,1
transfer/51.png,"[154,202,983,291]",item_hscrane_1_hsmob_1_grass_1_1,1
transfer/51.png,"[154,202,983,291]",item_iron_bottle,2
transfer/51.png,"[154,202,983,291]",item_iron_enr,1
transfer/51.png,"[154,202,983,291]",item_iron_enr_bottle,1
transfer/51.png,"[154,202,983,291]",item_iron_enr_powder,1
transfer/51.png,"[154,202,983,291]",item_iron_nugget,1
transfer/51.png,"[154,202,983,291]",item_iron_ore,1
transfer/51.png,"[154,202,983,291]",item_iron_powder,1
transfer/51.png,"[154,202,983,291]",item_originium_ore,1
transfer/51.png,"[154,202,983,291]",item_plant_bbflower_1,1
transfer/51.png,"[154,202,983,291]",item_plant_bbflower_powder_1,1
transfer/51.png,"[154,202,983,291]",item_plant_bbflower_seed_1,1
transfer/51.png,"[154,202,983,291]",item_plant_moss_1,1
transfer/51.png,"[154,202,983,291]",item_plant_moss_2,1
transfer/51.png,"[154,202,983,291]",item_plant_moss_3,1
transfer/51.png,"[154,202,983,291]",item_plant_moss_powder_3,1
transfer/51.png,"[154,202,983,291]",item_plant_moss_seed_1,1
transfer/51.png,"[154,202,983,291]",item_plant_moss_seed_2,1
transfer/51.png,"[154,202,983,291]",item_plant_moss_seed_3,1
transfer/51.png,"[154,202,983,291]",item_plant_moss_spc_1,1
transfer/51.png,"[154,202,983,291]",item_plant_moss_spc_2,1
transfer/51.png,"[154,202,983,291]",item_port_power_diffuser_1,1
transfer/51.png,"[154,202,983,291]",item_port_power_diffuser_2,1
transfer/51.png,"[154,202,983,291]",item_port_power_pole_2,1
transfer/51.png,"[154,202,983,291]",item_port_power_pole_3,1
transfer/51.png,"[154,202,983,291]",item_port_travel_pole_2,1
transfer/51.png,"[154,202,983,291]",item_proc_bomb_1,1
transfer/51.png,"[154,202,983,291]",item_quartz_enr,1
transfer/51.png,"[154,202,983,291]",item_quartz_enr_powder,1
transfer/51.png,"[154,202,983,291]",item_quartz_glass,1
transfer/51.png,"[154,202,983,291]",item_quartz_powder,1
transfer/51.png,"[154,202,983,291]",item_quartz_sand,1
transfer/51.png,"[154,202,983,291]",item_spaceship_cmpt_1,1
transfer/51.png,"[154,202,983,291]",item_spaceship_cmpt_2,1
transfer/51.png,"[154,202,983,291]",item_xiranite_enr_powder,1
transfer/51.png,"[154,202,983,291]",item_xiranite_powder,1
transfer/52.png,"[154,202,983,291]",item_bottled_grass2spc_2,1
transfer/52.png,"[154,202,983,291]",item_bottled_insec1_2,1
transfer/52.png,"[154,202,983,291]",item_carbon_enr,1
transfer/52.png,"[154,202,983,291]",item_carbon_enr_powder,1
transfer/52.png,"[154,202,983,291]",item_carbon_powder,1
transfer/52.png,"[154,202,983,291]",item_copper_bottle,1
transfer/52.png,"[154,202,983,291]",item_copper_enr,1
transfer/52.png,"[154,202,983,291]",item_copper_powder,1
transfer/52.png,"[154,202,983,291]",item_crystal_enr,1
transfer/52.png,"[154,202,983,291]",item_crystal_enr_powder,1
transfer/52.png,"[154,202,983,291]",item_crystal_powder,1
transfer/52.png,"[154,202,983,291]",item_drop_hscrane_1,1
transfer/52.png,"[154,202,983,291]",item_drop_hsmino_1,1
transfer/52.png,"[154,202,983,291]",item_drop_wgshoal_1,1
transfer/52.png,"[154,202,983,291]",item_drop_wgthorns_1,1
transfer/52.png,"[154,202,983,291]",item_equip_script_4_2,1
transfer/52.png,"[154,202,983,291]",item_fbottle_copper_grass_2,1
transfer/52.png,"[154,202,983,291]",item_fbottle_copper_xiranite_enr,1
transfer/52.png,"[154,202,983,291]",item_fbottle_copper_xiranite_poly,1
transfer/52.png,"[154,202,983,291]",item_fbottle_iron_grass_1,1
transfer/52.png,"[154,202,983,291]",item_fbottle_iron_grass_2,1
transfer/52.png,"[154,202,983,291]",item_fbottle_iron_sewage,1
transfer/52.png,"[154,202,983,291]",item_fbottle_iron_water,1
transfer/52.png,"[154,202,983,291]",item_fbottle_iron_xiranite,1
transfer/52.png,"[154,202,983,291]",item_fbottle_iron_xiranite_enr,1
transfer/52.png,"[154,202,983,291]",item_fbottle_iron_xiranite_lowpoly,1
transfer/52.png,"[154,202,983,291]",item_fbottle_iron_xiranite_poly,1
transfer/52.png,"[154,202,983,291]",item_hscrane_1_hsmob_1_grass_1_1,1
transfer/52.png,"[154,202,983,291]",item_iron_bottle,1
transfer/52.png,"[154,202,983,291]",item_iron_enr,1
transfer/52.png,"[154,202,983,291]",item_iron_enr_powder,1
transfer/52.png,"[154,202,983,291]",item_iron_powder,1
transfer/52.png,"[154,202,983,291]",item_originium_enr_powder,1
transfer/52.png,"[154,202,983,291]",item_originium_powder,1
transfer/52.png,"[154,202,983,291]",item_plant_crylplant_2_1,1
transfer/52.png,"[154,202,983,291]",item_plant_moss_powder_3,1
transfer/52.png,"[154,202,983,291]",item_plant_mushroom_2_1,1
transfer/52.png,"[154,202,983,291]",item_plant_spcstone_2_2,1
transfer/52.png,"[154,202,983,291]",item_port_power_diffuser_1,1
transfer/52.png,"[154,202,983,291]",item_port_power_diffuser_2,1
transfer/52.png,"[154,202,983,291]",item_port_power_pole_2,1
transfer/52.png,"[154,202,983,291]",item_port_power_pole_3,1
transfer/52.png,"[154,202,983,291]",item_port_power_sta_1,1
transfer/52.png,"[154,202,983,291]",item_port_travel_pole_2,1
transfer/52.png,"[154,202,983,291]",item_proc_bomb_1,1
transfer/52.png,"[154,202,983,291]",item_spaceship_cmpt_1,1
transfer/52.png,"[154,202,983,291]",item_spaceship_cmpt_2,1
transfer/52.png,"[154,202,983,291]",item_xiranite_enr_powder,1
transfer/52.png,"[154,202,983,291]",item_xiranite_poly,1
transfer/52.png,"[154,202,983,291]",item_xiranite_powder,1
transfer/53.png,"[154,202,983,291]",item_bottled_grass2spc_2,1
transfer/53.png,"[154,202,983,291]",item_bottled_insec1_2,1
transfer/53.png,"[154,202,983,291]",item_bottled_rec_hp_5,1
transfer/53.png,"[154,202,983,291]",item_crystal_powder,1
transfer/53.png,"[154,202,983,291]",item_device_balloon_recycle_3,1
transfer/53.png,"[154,202,983,291]",item_device_xiranite_nexus_3,1
transfer/53.png,"[154,202,983,291]",item_drop_klbuds_1,1
transfer/53.png,"[154,202,983,291]",item_drop_klcreatures_1,1
transfer/53.png,"[154,202,983,291]",item_equip_script_4_2,1
transfer/53.png,"[154,202,983,291]",item_equip_script_4_3,1
transfer/53.png,"[154,202,983,291]",item_fbottle_iron_water,3
transfer/53.png,"[154,202,983,291]",item_glass_bottle,1
transfer/53.png,"[154,202,983,291]",item_glass_enr_bottle,1
transfer/53.png,"[154,202,983,291]",item_hscrane_1_hsmob_1_grass_1_1,1
transfer/53.png,"[154,202,983,291]",item_iron_bottle,2
transfer/53.png,"[154,202,983,291]",item_iron_enr,1
transfer/53.png,"[154,202,983,291]",item_iron_enr_bottle,1
transfer/53.png,"[154,202,983,291]",item_iron_enr_powder,1
transfer/53.png,"[154,202,983,291]",item_iron_nugget,1
transfer/53.png,"[154,202,983,291]",item_iron_ore,1
transfer/53.png,"[154,202,983,291]",item_iron_powder,1
transfer/53.png,"[154,202,983,291]",item_originium_ore,1
transfer/53.png,"[154,202,983,291]",item_plant_bbflower_1,1
transfer/53.png,"[154,202,983,291]",item_plant_bbflower_powder_1,1
transfer/53.png,"[154,202,983,291]",item_plant_bbflower_seed_1,1
transfer/53.png,"[154,202,983,291]",item_plant_moss_1,1
transfer/53.png,"[154,202,983,291]",item_plant_moss_2,1
transfer/53.png,"[154,202,983,291]",item_plant_moss_3,1
transfer/53.png,"[154,202,983,291]",item_plant_moss_powder_3,1
transfer/53.png,"[154,202,983,291]",item_plant_moss_seed_1,1
transfer/53.png,"[154,202,983,291]",item_plant_moss_seed_2,1
transfer/53.png,"[154,202,983,291]",item_plant_moss_seed_3,1
transfer/53.png,"[154,202,983,291]",item_plant_moss_spc_1,1
transfer/53.png,"[154,202,983,291]",item_plant_moss_spc_2,1
transfer/53.png,"[154,202,983,291]",item_port_power_diffuser_1,1
transfer/53.png,"[154,202,983,291]",item_port_power_diffuser_2,1
transfer/53.png,"[154,202,983,291]",item_port_power_pole_2,1
transfer/53.png,"[154,202,983,291]",item_port_power_pole_3,1
transfer/53.png,"[154,202,983,291]",item_port_travel_pole_2,1
transfer/53.png,"[154,202,983,291]",item_proc_bomb_1,1
transfer/53.png,"[154,202,983,291]",item_quartz_enr,1
transfer/53.png,"[154,202,983,291]",item_quartz_enr_powder,1
transfer/53.png,"[154,202,983,291]",item_quartz_glass,1
transfer/53.png,"[154,202,983,291]",item_quartz_powder,1
transfer/53.png,"[154,202,983,291]",item_quartz_sand,1
transfer/53.png,"[154,202,983,291]",item_spaceship_cmpt_1,1
transfer/53.png,"[154,202,983,291]",item_spaceship_cmpt_2,1
transfer/53.png,"[154,202,983,291]",item_xiranite_enr_powder,1
transfer/53.png,"[154,202,983,291]",item_xiranite_powder,1
transfer/54.png,"[154,202,983,291]",item_bottled_grass2spc_2,1
transfer/54.png,"[154,202,983,291]",item_bottled_insec1_2,1
transfer/54.png,"[154,202,983,291]",item_carbon_enr,1
transfer/54.png,"[154,202,983,291]",item_carbon_enr_powder,1
transfer/54.png,"[154,202,983,291]",item_carbon_powder,1
transfer/54.png,"[154,202,983,291]",item_copper_bottle,1
transfer/54.png,"[154,202,983,291]",item_copper_enr,1
transfer/54.png,"[154,202,983,291]",item_copper_powder,1
transfer/54.png,"[154,202,983,291]",item_crystal_enr,1
transfer/54.png,"[154,202,983,291]",item_crystal_enr_powder,1
transfer/54.png,"[154,202,983,291]",item_crystal_powder,1
transfer/54.png,"[154,202,983,291]",item_drop_hscrane_1,1
transfer/54.png,"[154,202,983,291]",item_drop_hsmino_1,1
transfer/54.png,"[154,202,983,291]",item_drop_wgshoal_1,1
transfer/54.png,"[154,202,983,291]",item_drop_wgthorns_1,1
transfer/54.png,"[154,202,983,291]",item_equip_script_4_2,1
transfer/54.png,"[154,202,983,291]",item_fbottle_copper_grass_2,1
transfer/54.png,"[154,202,983,291]",item_fbottle_copper_xiranite_enr,1
transfer/54.png,"[154,202,983,291]",item_fbottle_copper_xiranite_poly,1
transfer/54.png,"[154,202,983,291]",item_fbottle_iron_grass_1,1
transfer/54.png,"[154,202,983,291]",item_fbottle_iron_grass_2,1
transfer/54.png,"[154,202,983,291]",item_fbottle_iron_sewage,1
transfer/54.png,"[154,202,983,291]",item_fbottle_iron_water,1
transfer/54.png,"[154,202,983,291]",item_fbottle_iron_xiranite,1
transfer/54.png,"[154,202,983,291]",item_fbottle_iron_xiranite_enr,1
transfer/54.png,"[154,202,983,291]",item_fbottle_iron_xiranite_lowpoly,1
transfer/54.png,"[154,202,983,291]",item_fbottle_iron_xiranite_poly,1
transfer/54.png,"[154,202,983,291]",item_hscrane_1_hsmob_1_grass_1_1,1
transfer/54.png,"[154,202,983,291]",item_iron_bottle,1
transfer/54.png,"[154,202,983,291]",item_iron_enr,1
transfer/54.png,"[154,202,983,291]",item_iron_enr_powder,1
transfer/54.png,"[154,202,983,291]",item_iron_powder,1
transfer/54.png,"[154,202,983,291]",item_originium_enr_powder,1
transfer/54.png,"[154,202,983,291]",item_originium_powder,1
transfer/54.png,"[154,202,983,291]",item_plant_crylplant_2_1,1
transfer/54.png,"[154,202,983,291]",item_plant_moss_powder_3,1
transfer/54.png,"[154,202,983,291]",item_plant_mushroom_2_1,1
transfer/54.png,"[154,202,983,291]",item_plant_spcstone_2_2,1
transfer/54.png,"[154,202,983,291]",item_port_power_diffuser_1,1
transfer/54.png,"[154,202,983,291]",item_port_power_diffuser_2,1
transfer/54.png,"[154,202,983,291]",item_port_power_pole_2,1
transfer/54.png,"[154,202,983,291]",item_port_power_pole_3,1
transfer/54.png,"[154,202,983,291]",item_port_power_sta_1,1
transfer/54.png,"[154,202,983,291]",item_port_travel_pole_2,1
transfer/54.png,"[154,202,983,291]",item_proc_bomb_1,1
transfer/54.png,"[154,202,983,291]",item_spaceship_cmpt_1,1
transfer/54.png,"[154,202,983,291]",item_spaceship_cmpt_2,1
transfer/54.png,"[154,202,983,291]",item_xiranite_enr_powder,1
transfer/54.png,"[154,202,983,291]",item_xiranite_poly,1
transfer/54.png,"[154,202,983,291]",item_xiranite_powder,1
transfer/55.png,"[154,202,983,291]",item_bottled_grass2spc_2,1
transfer/55.png,"[154,202,983,291]",item_bottled_insec1_2,1
transfer/55.png,"[154,202,983,291]",item_bottled_rec_hp_5,1
transfer/55.png,"[154,202,983,291]",item_crystal_powder,1
transfer/55.png,"[154,202,983,291]",item_device_balloon_recycle_3,1
transfer/55.png,"[154,202,983,291]",item_device_xiranite_nexus_3,1
transfer/55.png,"[154,202,983,291]",item_drop_klbuds_1,1
transfer/55.png,"[154,202,983,291]",item_drop_klcreatures_1,1
transfer/55.png,"[154,202,983,291]",item_equip_script_4_2,1
transfer/55.png,"[154,202,983,291]",item_equip_script_4_3,1
transfer/55.png,"[154,202,983,291]",item_fbottle_iron_water,3
transfer/55.png,"[154,202,983,291]",item_glass_bottle,1
transfer/55.png,"[154,202,983,291]",item_glass_enr_bottle,1
transfer/55.png,"[154,202,983,291]",item_hscrane_1_hsmob_1_grass_1_1,1
transfer/55.png,"[154,202,983,291]",item_iron_bottle,2
transfer/55.png,"[154,202,983,291]",item_iron_enr,1
transfer/55.png,"[154,202,983,291]",item_iron_enr_bottle,1
transfer/55.png,"[154,202,983,291]",item_iron_enr_powder,1
transfer/55.png,"[154,202,983,291]",item_iron_nugget,1
transfer/55.png,"[154,202,983,291]",item_iron_ore,1
transfer/55.png,"[154,202,983,291]",item_iron_powder,1
transfer/55.png,"[154,202,983,291]",item_originium_ore,1
transfer/55.png,"[154,202,983,291]",item_plant_bbflower_1,1
transfer/55.png,"[154,202,983,291]",item_plant_bbflower_powder_1,1
transfer/55.png,"[154,202,983,291]",item_plant_bbflower_seed_1,1
transfer/55.png,"[154,202,983,291]",item_plant_moss_1,1
transfer/55.png,"[154,202,983,291]",item_plant_moss_2,1
transfer/55.png,"[154,202,983,291]",item_plant_moss_3,1
transfer/55.png,"[154,202,983,291]",item_plant_moss_powder_3,1
transfer/55.png,"[154,202,983,291]",item_plant_moss_seed_1,1
transfer/55.png,"[154,202,983,291]",item_plant_moss_seed_2,1
transfer/55.png,"[154,202,983,291]",item_plant_moss_seed_3,1
transfer/55.png,"[154,202,983,291]",item_plant_moss_spc_1,1
transfer/55.png,"[154,202,983,291]",item_plant_moss_spc_2,1
transfer/55.png,"[154,202,983,291]",item_port_power_diffuser_1,1
transfer/55.png,"[154,202,983,291]",item_port_power_diffuser_2,1
transfer/55.png,"[154,202,983,291]",item_port_power_pole_2,1
transfer/55.png,"[154,202,983,291]",item_port_power_pole_3,1
transfer/55.png,"[154,202,983,291]",item_port_travel_pole_2,1
transfer/55.png,"[154,202,983,291]",item_proc_bomb_1,1
transfer/55.png,"[154,202,983,291]",item_quartz_enr,1
transfer/55.png,"[154,202,983,291]",item_quartz_enr_powder,1
transfer/55.png,"[154,202,983,291]",item_quartz_glass,1
transfer/55.png,"[154,202,983,291]",item_quartz_powder,1
transfer/55.png,"[154,202,983,291]",item_quartz_sand,1
transfer/55.png,"[154,202,983,291]",item_spaceship_cmpt_1,1
transfer/55.png,"[154,202,983,291]",item_spaceship_cmpt_2,1
transfer/55.png,"[154,202,983,291]",item_xiranite_enr_powder,1
transfer/55.png,"[154,202,983,291]",item_xiranite_powder,1
transfer/56.png,"[154,202,983,291]",item_bottled_grass2spc_2,1
transfer/56.png,"[154,202,983,291]",item_bottled_insec1_2,1
transfer/56.png,"[154,202,983,291]",item_carbon_enr,1
transfer/56.png,"[154,202,983,291]",item_carbon_enr_powder,1
transfer/56.png,"[154,202,983,291]",item_carbon_powder,1
transfer/56.png,"[154,202,983,291]",item_copper_bottle,1
transfer/56.png,"[154,202,983,291]",item_copper_enr,1
transfer/56.png,"[154,202,983,291]",item_copper_powder,1
transfer/56.png,"[154,202,983,291]",item_crystal_enr,1
transfer/56.png,"[154,202,983,291]",item_crystal_enr_powder,1
transfer/56.png,"[154,202,983,291]",item_crystal_powder,1
transfer/56.png,"[154,202,983,291]",item_drop_hscrane_1,1
transfer/56.png,"[154,202,983,291]",item_drop_hsmino_1,1
transfer/56.png,"[154,202,983,291]",item_drop_wgshoal_1,1
transfer/56.png,"[154,202,983,291]",item_drop_wgthorns_1,1
transfer/56.png,"[154,202,983,291]",item_equip_script_4_2,1
transfer/56.png,"[154,202,983,291]",item_fbottle_copper_grass_2,1
transfer/56.png,"[154,202,983,291]",item_fbottle_copper_xiranite_enr,1
transfer/56.png,"[154,202,983,291]",item_fbottle_copper_xiranite_poly,1
transfer/56.png,"[154,202,983,291]",item_fbottle_iron_grass_1,1
transfer/56.png,"[154,202,983,291]",item_fbottle_iron_grass_2,1
transfer/56.png,"[154,202,983,291]",item_fbottle_iron_sewage,1
transfer/56.png,"[154,202,983,291]",item_fbottle_iron_water,1
transfer/56.png,"[154,202,983,291]",item_fbottle_iron_xiranite,1
transfer/56.png,"[154,202,983,291]",item_fbottle_iron_xiranite_enr,1
transfer/56.png,"[154,202,983,291]",item_fbottle_iron_xiranite_lowpoly,1
transfer/56.png,"[154,202,983,291]",item_fbottle_iron_xiranite_poly,1
transfer/56.png,"[154,202,983,291]",item_hscrane_1_hsmob_1_grass_1_1,1
transfer/56.png,"[154,202,983,291]",item_iron_bottle,1
transfer/56.png,"[154,202,983,291]",item_iron_enr,1
transfer/56.png,"[154,202,983,291]",item_iron_enr_powder,1
transfer/56.png,"[154,202,983,291]",item_iron_powder,1
transfer/56.png,"[154,202,983,291]",item_originium_enr_powder,1
transfer/56.png,"[154,202,983,291]",item_originium_powder,1
transfer/56.png,"[154,202,983,291]",item_plant_crylplant_2_1,1
transfer/56.png,"[154,202,983,291]",item_plant_moss_powder_3,1
transfer/56.png,"[154,202,983,291]",item_plant_mushroom_2_1,1
transfer/56.png,"[154,202,983,291]",item_plant_spcstone_2_2,1
transfer/56.png,"[154,202,983,291]",item_port_power_diffuser_1,1
transfer/56.png,"[154,202,983,291]",item_port_power_diffuser_2,1
transfer/56.png,"[154,202,983,291]",item_port_power_pole_2,1
transfer/56.png,"[154,202,983,291]",item_port_power_pole_3,1
transfer/56.png,"[154,202,983,291]",item_port_power_sta_1,1
transfer/56.png,"[154,202,983,291]",item_port_travel_pole_2,1
transfer/56.png,"[154,202,983,291]",item_proc_bomb_1,1
transfer/56.png,"[154,202,983,291]",item_spaceship_cmpt_1,1
transfer/56.png,"[154,202,983,291]",item_spaceship_cmpt_2,1
transfer/56.png,"[154,202,983,291]",item_xiranite_enr_powder,1
transfer/56.png,"[154,202,983,291]",item_xiranite_poly,1
transfer/56.png,"[154,202,983,291]",item_xiranite_powder,1
transfer/57.png,"[154,202,983,291]",item_bottled_grass2spc_2,1
transfer/57.png,"[154,202,983,291]",item_bottled_insec1_2,1
transfer/57.png,"[154,202,983,291]",item_bottled_rec_hp_5,1
transfer/57.png,"[154,202,983,291]",item_crystal_powder,1
transfer/57.png,"[154,202,983,291]",item_device_balloon_recycle_3,1
transfer/57.png,"[154,202,983,291]",item_device_xiranite_nexus_3,1
transfer/57.png,"[154,202,983,291]",item_drop_klbuds_1,1
transfer/57.png,"[154,202,983,291]",item_drop_klcreatures_1,1
transfer/57.png,"[154,202,983,291]",item_equip_script_4_2,1
transfer/57.png,"[154,202,983,291]",item_equip_script_4_3,1
transfer/57.png,"[154,202,983,291]",item_fbottle_iron_water,3
transfer/57.png,"[154,202,983,291]",item_glass_bottle,1
transfer/57.png,"[154,202,983,291]",item_glass_enr_bottle,1
transfer/57.png,"[154,202,983,291]",item_hscrane_1_hsmob_1_grass_1_1,1
transfer/57.png,"[154,202,983,291]",item_iron_bottle,2
transfer/57.png,"[154,202,983,291]",item_iron_enr,1
transfer/57.png,"[154,202,983,291]",item_iron_enr_bottle,1
transfer/57.png,"[154,202,983,291]",item_iron_enr_powder,1
transfer/57.png,"[154,202,983,291]",item_iron_nugget,1
transfer/57.png,"[154,202,983,291]",item_iron_ore,1
transfer/57.png,"[154,202,983,291]",item_iron_powder,1
transfer/57.png,"[154,202,983,291]",item_originium_ore,1
transfer/57.png,"[154,202,983,291]",item_plant_bbflower_1,1
transfer/57.png,"[154,202,983,291]",item_plant_bbflower_powder_1,1
transfer/57.png,"[154,202,983,291]",item_plant_bbflower_seed_1,1
transfer/57.png,"[154,202,983,291]",item_plant_moss_1,1
transfer/57.png,"[154,202,983,291]",item_plant_moss_2,1
transfer/57.png,"[154,202,983,291]",item_plant_moss_3,1
transfer/57.png,"[154,202,983,291]",item_plant_moss_powder_3,1
transfer/57.png,"[154,202,983,291]",item_plant_moss_seed_1,1
transfer/57.png,"[154,202,983,291]",item_plant_moss_seed_2,1
transfer/57.png,"[154,202,983,291]",item_plant_moss_seed_3,1
transfer/57.png,"[154,202,983,291]",item_plant_moss_spc_1,1
transfer/57.png,"[154,202,983,291]",item_plant_moss_spc_2,1
transfer/57.png,"[154,202,983,291]",item_port_power_diffuser_1,1
transfer/57.png,"[154,202,983,291]",item_port_power_diffuser_2,1
transfer/57.png,"[154,202,983,291]",item_port_power_pole_2,1
transfer/57.png,"[154,202,983,291]",item_port_power_pole_3,1
transfer/57.png,"[154,202,983,291]",item_port_travel_pole_2,1
transfer/57.png,"[154,202,983,291]",item_proc_bomb_1,1
transfer/57.png,"[154,202,983,291]",item_quartz_enr,1
transfer/57.png,"[154,202,983,291]",item_quartz_enr_powder,1
transfer/57.png,"[154,202,983,291]",item_quartz_glass,1
transfer/57.png,"[154,202,983,291]",item_quartz_powder,1
transfer/57.png,"[154,202,983,291]",item_quartz_sand,1
transfer/57.png,"[154,202,983,291]",item_spaceship_cmpt_1,1
transfer/57.png,"[154,202,983,291]",item_spaceship_cmpt_2,1
transfer/57.png,"[154,202,983,291]",item_xiranite_enr_powder,1
transfer/57.png,"[154,202,983,291]",item_xiranite_powder,1
transfer/58.png,"[154,202,983,291]",item_bottled_grass2spc_2,1
transfer/58.png,"[154,202,983,291]",item_bottled_insec1_2,1
transfer/58.png,"[154,202,983,291]",item_carbon_enr,1
transfer/58.png,"[154,202,983,291]",item_carbon_enr_powder,1
transfer/58.png,"[154,202,983,291]",item_carbon_powder,1
transfer/58.png,"[154,202,983,291]",item_copper_bottle,1
transfer/58.png,"[154,202,983,291]",item_copper_enr,1
transfer/58.png,"[154,202,983,291]",item_copper_powder,1
transfer/58.png,"[154,202,983,291]",item_crystal_enr,1
transfer/58.png,"[154,202,983,291]",item_crystal_enr_powder,1
transfer/58.png,"[154,202,983,291]",item_crystal_powder,1
transfer/58.png,"[154,202,983,291]",item_drop_hscrane_1,1
transfer/58.png,"[154,202,983,291]",item_drop_hsmino_1,1
transfer/58.png,"[154,202,983,291]",item_drop_wgshoal_1,1
transfer/58.png,"[154,202,983,291]",item_drop_wgthorns_1,1
transfer/58.png,"[154,202,983,291]",item_equip_script_4_2,1
transfer/58.png,"[154,202,983,291]",item_fbottle_copper_grass_2,1
transfer/58.png,"[154,202,983,291]",item_fbottle_copper_xiranite_enr,1
transfer/58.png,"[154,202,983,291]",item_fbottle_copper_xiranite_poly,1
transfer/58.png,"[154,202,983,291]",item_fbottle_iron_grass_1,1
transfer/58.png,"[154,202,983,291]",item_fbottle_iron_grass_2,1
transfer/58.png,"[154,202,983,291]",item_fbottle_iron_sewage,1
transfer/58.png,"[154,202,983,291]",item_fbottle_iron_water,1
transfer/58.png,"[154,202,983,291]",item_fbottle_iron_xiranite,1
transfer/58.png,"[154,202,983,291]",item_fbottle_iron_xiranite_enr,1
transfer/58.png,"[154,202,983,291]",item_fbottle_iron_xiranite_lowpoly,1
transfer/58.png,"[154,202,983,291]",item_fbottle_iron_xiranite_poly,1
transfer/58.png,"[154,202,983,291]",item_hscrane_1_hsmob_1_grass_1_1,1
transfer/58.png,"[154,202,983,291]",item_iron_bottle,1
transfer/58.png,"[154,202,983,291]",item_iron_enr,1
transfer/58.png,"[154,202,983,291]",item_iron_enr_powder,1
transfer/58.png,"[154,202,983,291]",item_iron_powder,1
transfer/58.png,"[154,202,983,291]",item_originium_enr_powder,1
transfer/58.png,"[154,202,983,291]",item_originium_powder,1
transfer/58.png,"[154,202,983,291]",item_plant_crylplant_2_1,1
transfer/58.png,"[154,202,983,291]",item_plant_moss_powder_3,1
transfer/58.png,"[154,202,983,291]",item_plant_mushroom_2_1,1
transfer/58.png,"[154,202,983,291]",item_plant_spcstone_2_2,1
transfer/58.png,"[154,202,983,291]",item_port_power_diffuser_1,1
transfer/58.png,"[154,202,983,291]",item_port_power_diffuser_2,1
transfer/58.png,"[154,202,983,291]",item_port_power_pole_2,1
transfer/58.png,"[154,202,983,291]",item_port_power_pole_3,1
transfer/58.png,"[154,202,983,291]",item_port_power_sta_1,1
transfer/58.png,"[154,202,983,291]",item_port_travel_pole_2,1
transfer/58.png,"[154,202,983,291]",item_proc_bomb_1,1
transfer/58.png,"[154,202,983,291]",item_spaceship_cmpt_1,1
transfer/58.png,"[154,202,983,291]",item_spaceship_cmpt_2,1
transfer/58.png,"[154,202,983,291]",item_xiranite_enr_powder,1
transfer/58.png,"[154,202,983,291]",item_xiranite_poly,1
transfer/58.png,"[154,202,983,291]",item_xiranite_powder,1
transfer/59.png,"[154,202,983,291]",item_bottled_food_1,1
transfer/59.png,"[154,202,983,291]",item_bottled_food_4,1
transfer/59.png,"[154,202,983,291]",item_bottled_grass2spc_2,1
transfer/59.png,"[154,202,983,291]",item_bottled_insec1_2,1
transfer/59.png,"[154,202,983,291]",item_bottled_rec_hp_3,1
transfer/59.png,"[154,202,983,291]",item_bottled_rec_hp_5,2
transfer/59.png,"[154,202,983,291]",item_copper_enr_cmpt,1
transfer/59.png,"[154,202,983,291]",item_copper_enr2_cmpt,1
transfer/59.png,"[154,202,983,291]",item_crystal_powder,1
transfer/59.png,"[154,202,983,291]",item_device_balloon_recycle_3,1
transfer/59.png,"[154,202,983,291]",item_device_xiranite_nexus_3,1
transfer/59.png,"[154,202,983,291]",item_drop_klbuds_1,1
transfer/59.png,"[154,202,983,291]",item_drop_klcreatures_1,1
transfer/59.png,"[154,202,983,291]",item_equip_script_3,1
transfer/59.png,"[154,202,983,291]",item_equip_script_4_2,1
transfer/59.png,"[154,202,983,291]",item_equip_script_4_3,1
transfer/59.png,"[154,202,983,291]",item_fbottle_iron_water,3
transfer/59.png,"[154,202,983,291]",item_glass_bottle,1
transfer/59.png,"[154,202,983,291]",item_glass_cmpt,1
transfer/59.png,"[154,202,983,291]",item_glass_enr_bottle,1
transfer/59.png,"[154,202,983,291]",item_glass_enr_cmpt,1
transfer/59.png,"[154,202,983,291]",item_hscrane_1_hsmob_1_grass_1_1,1
transfer/59.png,"[154,202,983,291]",item_iron_bottle,2
transfer/59.png,"[154,202,983,291]",item_iron_cmpt,1
transfer/59.png,"[154,202,983,291]",item_iron_enr,1
transfer/59.png,"[154,202,983,291]",item_iron_enr_bottle,1
transfer/59.png,"[154,202,983,291]",item_iron_enr_cmpt,1
transfer/59.png,"[154,202,983,291]",item_iron_enr_powder,1
transfer/59.png,"[154,202,983,291]",item_iron_nugget,1
transfer/59.png,"[154,202,983,291]",item_iron_powder,1
transfer/59.png,"[154,202,983,291]",item_plant_bbflower_powder_1,1
transfer/59.png,"[154,202,983,291]",item_plant_moss_powder_3,1
transfer/59.png,"[154,202,983,291]",item_port_power_diffuser_1,1
transfer/59.png,"[154,202,983,291]",item_port_power_diffuser_2,1
transfer/59.png,"[154,202,983,291]",item_port_power_pole_2,1
transfer/59.png,"[154,202,983,291]",item_port_power_pole_3,1
transfer/59.png,"[154,202,983,291]",item_port_thickener_1,1
transfer/59.png,"[154,202,983,291]",item_port_travel_pole_2,1
transfer/59.png,"[154,202,983,291]",item_proc_battery_3,1
transfer/59.png,"[154,202,983,291]",item_proc_battery_4,1
transfer/59.png,"[154,202,983,291]",item_proc_battery_5,1
transfer/59.png,"[154,202,983,291]",item_proc_bomb_1,2
transfer/59.png,"[154,202,983,291]",item_quartz_enr,1
transfer/59.png,"[154,202,983,291]",item_quartz_enr_powder,1
transfer/59.png,"[154,202,983,291]",item_quartz_glass,1
transfer/59.png,"[154,202,983,291]",item_quartz_powder,1
transfer/59.png,"[154,202,983,291]",item_xiranite_powder,1
transfer/6.png,"[154,202,983,291]",item_bottled_grass2spc_2,1
transfer/6.png,"[154,202,983,291]",item_bottled_insec1_2,1
transfer/6.png,"[154,202,983,291]",item_bottled_rec_hp_5,1
transfer/6.png,"[154,202,983,291]",item_device_balloon_recycle_3,1
transfer/6.png,"[154,202,983,291]",item_device_xiranite_nexus_3,1
transfer/6.png,"[154,202,983,291]",item_drop_agdisk_1,1
transfer/6.png,"[154,202,983,291]",item_drop_ethillu_1,1
transfer/6.png,"[154,202,983,291]",item_drop_firebat_1,1
transfer/6.png,"[154,202,983,291]",item_drop_hscrane_1,1
transfer/6.png,"[154,202,983,291]",item_drop_hshog_1,1
transfer/6.png,"[154,202,983,291]",item_drop_hsmino_1,1
transfer/6.png,"[154,202,983,291]",item_drop_hstiger_1,1
transfer/6.png,"[154,202,983,291]",item_drop_hvybow_1,1
transfer/6.png,"[154,202,983,291]",item_drop_jzmonk_1,1
transfer/6.png,"[154,202,983,291]",item_drop_jzogre_1,1
transfer/6.png,"[154,202,983,291]",item_drop_klbuds_1,2
transfer/6.png,"[154,202,983,291]",item_drop_klcaps_1,1
transfer/6.png,"[154,202,983,291]",item_drop_klcreatures_1,2
transfer/6.png,"[154,202,983,291]",item_drop_lbroshan_1,1
transfer/6.png,"[154,202,983,291]",item_drop_lbshamman_1,1
transfer/6.png,"[154,202,983,291]",item_drop_lbtough_1,1
transfer/6.png,"[154,202,983,291]",item_drop_mimicw_1,1
transfer/6.png,"[154,202,983,291]",item_drop_sandb_1,1
transfer/6.png,"[154,202,983,291]",item_drop_wgabyss_1,1
transfer/6.png,"[154,202,983,291]",item_drop_wgshoal_1,1
transfer/6.png,"[154,202,983,291]",item_equip_script_4_2,1
transfer/6.png,"[154,202,983,291]",item_equip_script_4_3,1
transfer/6.png,"[154,202,983,291]",item_fbottle_iron_water,3
transfer/6.png,"[154,202,983,291]",item_hscrane_1_hsmob_1_grass_1_1,1
transfer/6.png,"[154,202,983,291]",item_iron_bottle,1
transfer/6.png,"[154,202,983,291]",item_plant_crylplant_1_1,1
transfer/6.png,"[154,202,983,291]",item_plant_crylplant_1_2,1
transfer/6.png,"[154,202,983,291]",item_plant_crylplant_1_3,1
transfer/6.png,"[154,202,983,291]",item_plant_crylplant_2_1,1
transfer/6.png,"[154,202,983,291]",item_plant_mushroom_1_1,1
transfer/6.png,"[154,202,983,291]",item_plant_mushroom_1_2,1
transfer/6.png,"[154,202,983,291]",item_plant_mushroom_1_3,1
transfer/6.png,"[154,202,983,291]",item_plant_mushroom_2_1,1
transfer/6.png,"[154,202,983,291]",item_plant_mushroom_2_2,1
transfer/6.png,"[154,202,983,291]",item_plant_mushroom_2_3,1
transfer/6.png,"[154,202,983,291]",item_port_power_diffuser_1,1
transfer/6.png,"[154,202,983,291]",item_port_power_diffuser_2,1
transfer/6.png,"[154,202,983,291]",item_port_power_pole_2,1
transfer/6.png,"[154,202,983,291]",item_port_power_pole_3,1
transfer/6.png,"[154,202,983,291]",item_port_travel_pole_2,1
transfer/6.png,"[154,202,983,291]",item_proc_bomb_1,1
transfer/6.png,"[154,202,983,291]",item_spaceship_cmpt_1,1
transfer/6.png,"[154,202,983,291]",item_spaceship_cmpt_2,1
transfer/60.png,"[154,202,983,291]",item_bottled_grass2spc_2,1
transfer/60.png,"[154,202,983,291]",item_bottled_insec1_2,1
transfer/60.png,"[154,202,983,291]",item_carbon_enr,1
transfer/60.png,"[154,202,983,291]",item_carbon_enr_powder,1
transfer/60.png,"[154,202,983,291]",item_carbon_powder,1
transfer/60.png,"[154,202,983,291]",item_copper_bottle,1
transfer/60.png,"[154,202,983,291]",item_copper_enr,1
transfer/60.png,"[154,202,983,291]",item_copper_powder,1
transfer/60.png,"[154,202,983,291]",item_crystal_enr,1
transfer/60.png,"[154,202,983,291]",item_crystal_enr_powder,1
transfer/60.png,"[154,202,983,291]",item_crystal_powder,1
transfer/60.png,"[154,202,983,291]",item_drop_hscrane_1,1
transfer/60.png,"[154,202,983,291]",item_drop_hsmino_1,1
transfer/60.png,"[154,202,983,291]",item_drop_wgshoal_1,1
transfer/60.png,"[154,202,983,291]",item_drop_wgthorns_1,1
transfer/60.png,"[154,202,983,291]",item_equip_script_4_2,1
transfer/60.png,"[154,202,983,291]",item_fbottle_copper_grass_2,1
transfer/60.png,"[154,202,983,291]",item_fbottle_copper_xiranite_enr,1
transfer/60.png,"[154,202,983,291]",item_fbottle_copper_xiranite_poly,1
transfer/60.png,"[154,202,983,291]",item_fbottle_iron_grass_1,1
transfer/60.png,"[154,202,983,291]",item_fbottle_iron_grass_2,1
transfer/60.png,"[154,202,983,291]",item_fbottle_iron_sewage,1
transfer/60.png,"[154,202,983,291]",item_fbottle_iron_water,1
transfer/60.png,"[154,202,983,291]",item_fbottle_iron_xiranite,1
transfer/60.png,"[154,202,983,291]",item_fbottle_iron_xiranite_enr,1
transfer/60.png,"[154,202,983,291]",item_fbottle_iron_xiranite_lowpoly,1
transfer/60.png,"[154,202,983,291]",item_fbottle_iron_xiranite_poly,1
transfer/60.png,"[154,202,983,291]",item_hscrane_1_hsmob_1_grass_1_1,1
transfer/60.png,"[154,202,983,291]",item_iron_bottle,1
transfer/60.png,"[154,202,983,291]",item_iron_enr,1
transfer/60.png,"[154,202,983,291]",item_iron_enr_powder,1
transfer/60.png,"[154,202,983,291]",item_iron_powder,1
transfer/60.png,"[154,202,983,291]",item_originium_enr_powder,1
transfer/60.png,"[154,202,983,291]",item_originium_powder,1
transfer/60.png,"[154,202,983,291]",item_plant_crylplant_2_1,1
transfer/60.png,"[154,202,983,291]",item_plant_moss_powder_3,1
transfer/60.png,"[154,202,983,291]",item_plant_mushroom_2_1,1
transfer/60.png,"[154,202,983,291]",item_plant_spcstone_2_2,1
transfer/60.png,"[154,202,983,291]",item_port_power_diffuser_1,1
transfer/60.png,"[154,202,983,291]",item_port_power_diffuser_2,1
transfer/60.png,"[154,202,983,291]",item_port_power_pole_2,1
transfer/60.png,"[154,202,983,291]",item_port_power_pole_3,1
transfer/60.png,"[154,202,983,291]",item_port_power_sta_1,1
transfer/60.png,"[154,202,983,291]",item_port_travel_pole_2,1
transfer/60.png,"[154,202,983,291]",item_proc_bomb_1,1
transfer/60.png,"[154,202,983,291]",item_spaceship_cmpt_1,1
transfer/60.png,"[154,202,983,291]",item_spaceship_cmpt_2,1
transfer/60.png,"[154,202,983,291]",item_xiranite_enr_powder,1
transfer/60.png,"[154,202,983,291]",item_xiranite_poly,1
transfer/60.png,"[154,202,983,291]",item_xiranite_powder,1
transfer/61.png,"[154,202,983,291]",item_bottled_food_1,1
transfer/61.png,"[154,202,983,291]",item_bottled_food_4,1
transfer/61.png,"[154,202,983,291]",item_bottled_grass2spc_2,1
transfer/61.png,"[154,202,983,291]",item_bottled_insec1_2,1
transfer/61.png,"[154,202,983,291]",item_bottled_rec_hp_3,1
transfer/61.png,"[154,202,983,291]",item_bottled_rec_hp_5,2
transfer/61.png,"[154,202,983,291]",item_copper_enr_cmpt,1
transfer/61.png,"[154,202,983,291]",item_copper_enr2_cmpt,1
transfer/61.png,"[154,202,983,291]",item_crystal_powder,1
transfer/61.png,"[154,202,983,291]",item_device_balloon_recycle_3,1
transfer/61.png,"[154,202,983,291]",item_device_xiranite_nexus_3,1
transfer/61.png,"[154,202,983,291]",item_drop_klbuds_1,1
transfer/61.png,"[154,202,983,291]",item_drop_klcreatures_1,1
transfer/61.png,"[154,202,983,291]",item_equip_script_3,1
transfer/61.png,"[154,202,983,291]",item_equip_script_4_2,1
transfer/61.png,"[154,202,983,291]",item_equip_script_4_3,1
transfer/61.png,"[154,202,983,291]",item_fbottle_iron_water,3
transfer/61.png,"[154,202,983,291]",item_glass_bottle,1
transfer/61.png,"[154,202,983,291]",item_glass_cmpt,1
transfer/61.png,"[154,202,983,291]",item_glass_enr_bottle,1
transfer/61.png,"[154,202,983,291]",item_glass_enr_cmpt,1
transfer/61.png,"[154,202,983,291]",item_hscrane_1_hsmob_1_grass_1_1,1
transfer/61.png,"[154,202,983,291]",item_iron_bottle,2
transfer/61.png,"[154,202,983,291]",item_iron_cmpt,1
transfer/61.png,"[154,202,983,291]",item_iron_enr,1
transfer/61.png,"[154,202,983,291]",item_iron_enr_bottle,1
transfer/61.png,"[154,202,983,291]",item_iron_enr_cmpt,1
transfer/61.png,"[154,202,983,291]",item_iron_enr_powder,1
transfer/61.png,"[154,202,983,291]",item_iron_nugget,1
transfer/61.png,"[154,202,983,291]",item_iron_powder,1
transfer/61.png,"[154,202,983,291]",item_plant_bbflower_powder_1,1
transfer/61.png,"[154,202,983,291]",item_plant_moss_powder_3,1
transfer/61.png,"[154,202,983,291]",item_port_power_diffuser_1,1
transfer/61.png,"[154,202,983,291]",item_port_power_diffuser_2,1
transfer/61.png,"[154,202,983,291]",item_port_power_pole_2,1
transfer/61.png,"[154,202,983,291]",item_port_power_pole_3,1
transfer/61.png,"[154,202,983,291]",item_port_thickener_1,1
transfer/61.png,"[154,202,983,291]",item_port_travel_pole_2,1
transfer/61.png,"[154,202,983,291]",item_proc_battery_3,1
transfer/61.png,"[154,202,983,291]",item_proc_battery_4,1
transfer/61.png,"[154,202,983,291]",item_proc_battery_5,1
transfer/61.png,"[154,202,983,291]",item_proc_bomb_1,2
transfer/61.png,"[154,202,983,291]",item_quartz_enr,1
transfer/61.png,"[154,202,983,291]",item_quartz_enr_powder,1
transfer/61.png,"[154,202,983,291]",item_quartz_glass,1
transfer/61.png,"[154,202,983,291]",item_quartz_powder,1
transfer/61.png,"[154,202,983,291]",item_xiranite_powder,1
transfer/62.png,"[154,202,983,291]",item_bottled_grass2spc_2,1
transfer/62.png,"[154,202,983,291]",item_bottled_insec1_2,1
transfer/62.png,"[154,202,983,291]",item_drop_agdisk_1,1
transfer/62.png,"[154,202,983,291]",item_drop_firebat_1,1
transfer/62.png,"[154,202,983,291]",item_drop_hscrane_1,2
transfer/62.png,"[154,202,983,291]",item_drop_hshog_1,1
transfer/62.png,"[154,202,983,291]",item_drop_hsmino_1,2
transfer/62.png,"[154,202,983,291]",item_drop_hstiger_1,1
transfer/62.png,"[154,202,983,291]",item_drop_hvybow_1,1
transfer/62.png,"[154,202,983,291]",item_drop_jzmonk_1,1
transfer/62.png,"[154,202,983,291]",item_drop_jzogre_1,1
transfer/62.png,"[154,202,983,291]",item_drop_lbroshan_1,1
transfer/62.png,"[154,202,983,291]",item_drop_lbshamman_1,1
transfer/62.png,"[154,202,983,291]",item_drop_lbtough_1,1
transfer/62.png,"[154,202,983,291]",item_drop_sandb_1,1
transfer/62.png,"[154,202,983,291]",item_drop_wgabyss_1,1
transfer/62.png,"[154,202,983,291]",item_drop_wgshoal_1,2
transfer/62.png,"[154,202,983,291]",item_drop_wgthorns_1,1
transfer/62.png,"[154,202,983,291]",item_equip_script_4_2,1
transfer/62.png,"[154,202,983,291]",item_hscrane_1_hsmob_1_grass_1_1,1
transfer/62.png,"[154,202,983,291]",item_plant_crylplant_1_1,1
transfer/62.png,"[154,202,983,291]",item_plant_crylplant_1_2,1
transfer/62.png,"[154,202,983,291]",item_plant_crylplant_1_3,1
transfer/62.png,"[154,202,983,291]",item_plant_crylplant_2_1,2
transfer/62.png,"[154,202,983,291]",item_plant_crylplant_2_2,1
transfer/62.png,"[154,202,983,291]",item_plant_mushroom_1_1,1
transfer/62.png,"[154,202,983,291]",item_plant_mushroom_1_2,1
transfer/62.png,"[154,202,983,291]",item_plant_mushroom_1_3,1
transfer/62.png,"[154,202,983,291]",item_plant_mushroom_2_1,2
transfer/62.png,"[154,202,983,291]",item_plant_mushroom_2_2,1
transfer/62.png,"[154,202,983,291]",item_plant_spcstone_1_1,1
transfer/62.png,"[154,202,983,291]",item_plant_spcstone_1_2,1
transfer/62.png,"[154,202,983,291]",item_plant_spcstone_1_3,1
transfer/62.png,"[154,202,983,291]",item_plant_spcstone_2_1,1
transfer/62.png,"[154,202,983,291]",item_plant_spcstone_2_2,2
transfer/62.png,"[154,202,983,291]",item_port_power_diffuser_1,1
transfer/62.png,"[154,202,983,291]",item_port_power_diffuser_2,1
transfer/62.png,"[154,202,983,291]",item_port_power_pole_2,1
transfer/62.png,"[154,202,983,291]",item_port_power_pole_3,1
transfer/62.png,"[154,202,983,291]",item_port_power_sta_1,1
transfer/62.png,"[154,202,983,291]",item_port_travel_pole_2,1
transfer/62.png,"[154,202,983,291]",item_proc_bomb_1,1
transfer/62.png,"[154,202,983,291]",item_spaceship_cmpt_1,1
transfer/62.png,"[154,202,983,291]",item_spaceship_cmpt_2,1
transfer/63.png,"[154,202,983,291]",item_bottled_grass2spc_2,1
transfer/63.png,"[154,202,983,291]",item_bottled_insec1_2,1
transfer/63.png,"[154,202,983,291]",item_bottled_rec_hp_5,1
transfer/63.png,"[154,202,983,291]",item_copper_enr_cmpt,1
transfer/63.png,"[154,202,983,291]",item_copper_enr2_cmpt,1
transfer/63.png,"[154,202,983,291]",item_crystal_powder,1
transfer/63.png,"[154,202,983,291]",item_device_balloon_recycle_3,1
transfer/63.png,"[154,202,983,291]",item_device_xiranite_nexus_3,1
transfer/63.png,"[154,202,983,291]",item_drop_klbuds_1,1
transfer/63.png,"[154,202,983,291]",item_drop_klcreatures_1,1
transfer/63.png,"[154,202,983,291]",item_equip_script_3,1
transfer/63.png,"[154,202,983,291]",item_equip_script_4_2,1
transfer/63.png,"[154,202,983,291]",item_equip_script_4_3,1
transfer/63.png,"[154,202,983,291]",item_fbottle_iron_water,3
transfer/63.png,"[154,202,983,291]",item_glass_bottle,1
transfer/63.png,"[154,202,983,291]",item_glass_cmpt,1
transfer/63.png,"[154,202,983,291]",item_glass_enr_bottle,1
transfer/63.png,"[154,202,983,291]",item_glass_enr_cmpt,1
transfer/63.png,"[154,202,983,291]",item_hscrane_1_hsmob_1_grass_1_1,1
transfer/63.png,"[154,202,983,291]",item_iron_bottle,2
transfer/63.png,"[154,202,983,291]",item_iron_cmpt,1
transfer/63.png,"[154,202,983,291]",item_iron_enr,1
transfer/63.png,"[154,202,983,291]",item_iron_enr_bottle,1
transfer/63.png,"[154,202,983,291]",item_iron_enr_cmpt,1
transfer/63.png,"[154,202,983,291]",item_iron_enr_powder,1
transfer/63.png,"[154,202,983,291]",item_iron_nugget,1
transfer/63.png,"[154,202,983,291]",item_iron_powder,1
transfer/63.png,"[154,202,983,291]",item_plant_bbflower_powder_1,1
transfer/63.png,"[154,202,983,291]",item_plant_moss_powder_3,1
transfer/63.png,"[154,202,983,291]",item_port_power_diffuser_1,1
transfer/63.png,"[154,202,983,291]",item_port_power_diffuser_2,1
transfer/63.png,"[154,202,983,291]",item_port_power_pole_2,1
transfer/63.png,"[154,202,983,291]",item_port_power_pole_3,1
transfer/63.png,"[154,202,983,291]",item_port_travel_pole_2,1
transfer/63.png,"[154,202,983,291]",item_proc_battery_3,1
transfer/63.png,"[154,202,983,291]",item_proc_battery_4,1
transfer/63.png,"[154,202,983,291]",item_proc_battery_5,1
transfer/63.png,"[154,202,983,291]",item_proc_bomb_1,1
transfer/63.png,"[154,202,983,291]",item_quartz_enr,1
transfer/63.png,"[154,202,983,291]",item_quartz_enr_powder,1
transfer/63.png,"[154,202,983,291]",item_quartz_glass,1
transfer/63.png,"[154,202,983,291]",item_quartz_powder,1
transfer/63.png,"[154,202,983,291]",item_spaceship_cmpt_1,1
transfer/63.png,"[154,202,983,291]",item_spaceship_cmpt_2,1
transfer/63.png,"[154,202,983,291]",item_xiranite_enr_powder,1
transfer/63.png,"[154,202,983,291]",item_xiranite_powder,1
transfer/64.png,"[154,202,983,291]",item_bottled_grass2spc_2,1
transfer/64.png,"[154,202,983,291]",item_bottled_insec1_2,1
transfer/64.png,"[154,202,983,291]",item_drop_agdisk_1,1
transfer/64.png,"[154,202,983,291]",item_drop_firebat_1,1
transfer/64.png,"[154,202,983,291]",item_drop_hscrane_1,2
transfer/64.png,"[154,202,983,291]",item_drop_hshog_1,1
transfer/64.png,"[154,202,983,291]",item_drop_hsmino_1,2
transfer/64.png,"[154,202,983,291]",item_drop_hstiger_1,1
transfer/64.png,"[154,202,983,291]",item_drop_hvybow_1,1
transfer/64.png,"[154,202,983,291]",item_drop_jzmonk_1,1
transfer/64.png,"[154,202,983,291]",item_drop_jzogre_1,1
transfer/64.png,"[154,202,983,291]",item_drop_lbroshan_1,1
transfer/64.png,"[154,202,983,291]",item_drop_lbshamman_1,1
transfer/64.png,"[154,202,983,291]",item_drop_lbtough_1,1
transfer/64.png,"[154,202,983,291]",item_drop_sandb_1,1
transfer/64.png,"[154,202,983,291]",item_drop_wgabyss_1,1
transfer/64.png,"[154,202,983,291]",item_drop_wgshoal_1,2
transfer/64.png,"[154,202,983,291]",item_drop_wgthorns_1,1
transfer/64.png,"[154,202,983,291]",item_equip_script_4_2,1
transfer/64.png,"[154,202,983,291]",item_hscrane_1_hsmob_1_grass_1_1,1
transfer/64.png,"[154,202,983,291]",item_plant_crylplant_1_1,1
transfer/64.png,"[154,202,983,291]",item_plant_crylplant_1_2,1
transfer/64.png,"[154,202,983,291]",item_plant_crylplant_1_3,1
transfer/64.png,"[154,202,983,291]",item_plant_crylplant_2_1,2
transfer/64.png,"[154,202,983,291]",item_plant_crylplant_2_2,1
transfer/64.png,"[154,202,983,291]",item_plant_mushroom_1_1,1
transfer/64.png,"[154,202,983,291]",item_plant_mushroom_1_2,1
transfer/64.png,"[154,202,983,291]",item_plant_mushroom_1_3,1
transfer/64.png,"[154,202,983,291]",item_plant_mushroom_2_1,2
transfer/64.png,"[154,202,983,291]",item_plant_mushroom_2_2,1
transfer/64.png,"[154,202,983,291]",item_plant_spcstone_1_1,1
transfer/64.png,"[154,202,983,291]",item_plant_spcstone_1_2,1
transfer/64.png,"[154,202,983,291]",item_plant_spcstone_1_3,1
transfer/64.png,"[154,202,983,291]",item_plant_spcstone_2_1,1
transfer/64.png,"[154,202,983,291]",item_plant_spcstone_2_2,2
transfer/64.png,"[154,202,983,291]",item_port_power_diffuser_1,1
transfer/64.png,"[154,202,983,291]",item_port_power_diffuser_2,1
transfer/64.png,"[154,202,983,291]",item_port_power_pole_2,1
transfer/64.png,"[154,202,983,291]",item_port_power_pole_3,1
transfer/64.png,"[154,202,983,291]",item_port_power_sta_1,1
transfer/64.png,"[154,202,983,291]",item_port_travel_pole_2,1
transfer/64.png,"[154,202,983,291]",item_proc_bomb_1,1
transfer/64.png,"[154,202,983,291]",item_spaceship_cmpt_1,1
transfer/64.png,"[154,202,983,291]",item_spaceship_cmpt_2,1
transfer/65.png,"[154,202,983,291]",item_bottled_grass2spc_2,1
transfer/65.png,"[154,202,983,291]",item_bottled_insec1_2,1
transfer/65.png,"[154,202,983,291]",item_bottled_rec_hp_5,1
transfer/65.png,"[154,202,983,291]",item_copper_enr_cmpt,1
transfer/65.png,"[154,202,983,291]",item_copper_enr2_cmpt,1
transfer/65.png,"[154,202,983,291]",item_crystal_powder,1
transfer/65.png,"[154,202,983,291]",item_device_balloon_recycle_3,1
transfer/65.png,"[154,202,983,291]",item_device_xiranite_nexus_3,1
transfer/65.png,"[154,202,983,291]",item_drop_klbuds_1,1
transfer/65.png,"[154,202,983,291]",item_drop_klcreatures_1,1
transfer/65.png,"[154,202,983,291]",item_equip_script_3,1
transfer/65.png,"[154,202,983,291]",item_equip_script_4_2,1
transfer/65.png,"[154,202,983,291]",item_equip_script_4_3,1
transfer/65.png,"[154,202,983,291]",item_fbottle_iron_water,3
transfer/65.png,"[154,202,983,291]",item_glass_bottle,1
transfer/65.png,"[154,202,983,291]",item_glass_cmpt,1
transfer/65.png,"[154,202,983,291]",item_glass_enr_bottle,1
transfer/65.png,"[154,202,983,291]",item_glass_enr_cmpt,1
transfer/65.png,"[154,202,983,291]",item_hscrane_1_hsmob_1_grass_1_1,1
transfer/65.png,"[154,202,983,291]",item_iron_bottle,2
transfer/65.png,"[154,202,983,291]",item_iron_cmpt,1
transfer/65.png,"[154,202,983,291]",item_iron_enr,1
transfer/65.png,"[154,202,983,291]",item_iron_enr_bottle,1
transfer/65.png,"[154,202,983,291]",item_iron_enr_cmpt,1
transfer/65.png,"[154,202,983,291]",item_iron_enr_powder,1
transfer/65.png,"[154,202,983,291]",item_iron_nugget,1
transfer/65.png,"[154,202,983,291]",item_iron_powder,1
transfer/65.png,"[154,202,983,291]",item_plant_bbflower_powder_1,1
transfer/65.png,"[154,202,983,291]",item_plant_moss_powder_3,1
transfer/65.png,"[154,202,983,291]",item_port_power_diffuser_1,1
transfer/65.png,"[154,202,983,291]",item_port_power_diffuser_2,1
transfer/65.png,"[154,202,983,291]",item_port_power_pole_2,1
transfer/65.png,"[154,202,983,291]",item_port_power_pole_3,1
transfer/65.png,"[154,202,983,291]",item_port_travel_pole_2,1
transfer/65.png,"[154,202,983,291]",item_proc_battery_3,1
transfer/65.png,"[154,202,983,291]",item_proc_battery_4,1
transfer/65.png,"[154,202,983,291]",item_proc_battery_5,1
transfer/65.png,"[154,202,983,291]",item_proc_bomb_1,1
transfer/65.png,"[154,202,983,291]",item_quartz_enr,1
transfer/65.png,"[154,202,983,291]",item_quartz_enr_powder,1
transfer/65.png,"[154,202,983,291]",item_quartz_glass,1
transfer/65.png,"[154,202,983,291]",item_quartz_powder,1
transfer/65.png,"[154,202,983,291]",item_spaceship_cmpt_1,1
transfer/65.png,"[154,202,983,291]",item_spaceship_cmpt_2,1
transfer/65.png,"[154,202,983,291]",item_xiranite_enr_powder,1
transfer/65.png,"[154,202,983,291]",item_xiranite_powder,1
transfer/66.png,"[154,202,983,291]",item_bottled_grass2spc_2,1
transfer/66.png,"[154,202,983,291]",item_bottled_insec1_2,1
transfer/66.png,"[154,202,983,291]",item_drop_agdisk_1,1
transfer/66.png,"[154,202,983,291]",item_drop_firebat_1,1
transfer/66.png,"[154,202,983,291]",item_drop_hscrane_1,2
transfer/66.png,"[154,202,983,291]",item_drop_hshog_1,1
transfer/66.png,"[154,202,983,291]",item_drop_hsmino_1,2
transfer/66.png,"[154,202,983,291]",item_drop_hstiger_1,1
transfer/66.png,"[154,202,983,291]",item_drop_hvybow_1,1
transfer/66.png,"[154,202,983,291]",item_drop_jzmonk_1,1
transfer/66.png,"[154,202,983,291]",item_drop_jzogre_1,1
transfer/66.png,"[154,202,983,291]",item_drop_lbroshan_1,1
transfer/66.png,"[154,202,983,291]",item_drop_lbshamman_1,1
transfer/66.png,"[154,202,983,291]",item_drop_lbtough_1,1
transfer/66.png,"[154,202,983,291]",item_drop_sandb_1,1
transfer/66.png,"[154,202,983,291]",item_drop_wgabyss_1,1
transfer/66.png,"[154,202,983,291]",item_drop_wgshoal_1,1
transfer/66.png,"[154,202,983,291]",item_drop_wgthorns_1,1
transfer/66.png,"[154,202,983,291]",item_equip_script_4_2,1
transfer/66.png,"[154,202,983,291]",item_hscrane_1_hsmob_1_grass_1_1,1
transfer/66.png,"[154,202,983,291]",item_plant_crylplant_1_1,1
transfer/66.png,"[154,202,983,291]",item_plant_crylplant_1_2,1
transfer/66.png,"[154,202,983,291]",item_plant_crylplant_1_3,1
transfer/66.png,"[154,202,983,291]",item_plant_crylplant_2_1,2
transfer/66.png,"[154,202,983,291]",item_plant_crylplant_2_2,1
transfer/66.png,"[154,202,983,291]",item_plant_mushroom_1_1,1
transfer/66.png,"[154,202,983,291]",item_plant_mushroom_1_2,1
transfer/66.png,"[154,202,983,291]",item_plant_mushroom_1_3,1
transfer/66.png,"[154,202,983,291]",item_plant_mushroom_2_1,2
transfer/66.png,"[154,202,983,291]",item_plant_mushroom_2_2,1
transfer/66.png,"[154,202,983,291]",item_plant_spcstone_1_1,1
transfer/66.png,"[154,202,983,291]",item_plant_spcstone_1_2,1
transfer/66.png,"[154,202,983,291]",item_plant_spcstone_1_3,1
transfer/66.png,"[154,202,983,291]",item_plant_spcstone_2_1,1
transfer/66.png,"[154,202,983,291]",item_plant_spcstone_2_2,2
transfer/66.png,"[154,202,983,291]",item_port_power_diffuser_1,1
transfer/66.png,"[154,202,983,291]",item_port_power_diffuser_2,1
transfer/66.png,"[154,202,983,291]",item_port_power_pole_2,1
transfer/66.png,"[154,202,983,291]",item_port_power_pole_3,1
transfer/66.png,"[154,202,983,291]",item_port_power_sta_1,1
transfer/66.png,"[154,202,983,291]",item_port_travel_pole_2,1
transfer/66.png,"[154,202,983,291]",item_proc_bomb_1,1
transfer/66.png,"[154,202,983,291]",item_spaceship_cmpt_1,1
transfer/66.png,"[154,202,983,291]",item_spaceship_cmpt_2,1
transfer/67.png,"[154,202,983,291]",item_bottled_grass2spc_2,1
transfer/67.png,"[154,202,983,291]",item_bottled_insec1_2,1
transfer/67.png,"[154,202,983,291]",item_bottled_rec_hp_5,1
transfer/67.png,"[154,202,983,291]",item_copper_enr_cmpt,1
transfer/67.png,"[154,202,983,291]",item_copper_enr2_cmpt,1
transfer/67.png,"[154,202,983,291]",item_crystal_powder,1
transfer/67.png,"[154,202,983,291]",item_device_balloon_recycle_3,1
transfer/67.png,"[154,202,983,291]",item_device_xiranite_nexus_3,1
transfer/67.png,"[154,202,983,291]",item_drop_klbuds_1,1
transfer/67.png,"[154,202,983,291]",item_drop_klcreatures_1,1
transfer/67.png,"[154,202,983,291]",item_equip_script_3,1
transfer/67.png,"[154,202,983,291]",item_equip_script_4_2,1
transfer/67.png,"[154,202,983,291]",item_equip_script_4_3,1
transfer/67.png,"[154,202,983,291]",item_fbottle_iron_water,3
transfer/67.png,"[154,202,983,291]",item_glass_bottle,1
transfer/67.png,"[154,202,983,291]",item_glass_cmpt,1
transfer/67.png,"[154,202,983,291]",item_glass_enr_bottle,1
transfer/67.png,"[154,202,983,291]",item_glass_enr_cmpt,1
transfer/67.png,"[154,202,983,291]",item_hscrane_1_hsmob_1_grass_1_1,1
transfer/67.png,"[154,202,983,291]",item_iron_bottle,2
transfer/67.png,"[154,202,983,291]",item_iron_cmpt,1
transfer/67.png,"[154,202,983,291]",item_iron_enr,1
transfer/67.png,"[154,202,983,291]",item_iron_enr_bottle,1
transfer/67.png,"[154,202,983,291]",item_iron_enr_cmpt,1
transfer/67.png,"[154,202,983,291]",item_iron_enr_powder,1
transfer/67.png,"[154,202,983,291]",item_iron_nugget,1
transfer/67.png,"[154,202,983,291]",item_iron_powder,1
transfer/67.png,"[154,202,983,291]",item_plant_bbflower_powder_1,1
transfer/67.png,"[154,202,983,291]",item_plant_moss_powder_3,1
transfer/67.png,"[154,202,983,291]",item_port_power_diffuser_1,1
transfer/67.png,"[154,202,983,291]",item_port_power_diffuser_2,1
transfer/67.png,"[154,202,983,291]",item_port_power_pole_2,1
transfer/67.png,"[154,202,983,291]",item_port_power_pole_3,1
transfer/67.png,"[154,202,983,291]",item_port_travel_pole_2,1
transfer/67.png,"[154,202,983,291]",item_proc_battery_3,1
transfer/67.png,"[154,202,983,291]",item_proc_battery_4,1
transfer/67.png,"[154,202,983,291]",item_proc_battery_5,1
transfer/67.png,"[154,202,983,291]",item_proc_bomb_1,1
transfer/67.png,"[154,202,983,291]",item_quartz_enr,1
transfer/67.png,"[154,202,983,291]",item_quartz_enr_powder,1
transfer/67.png,"[154,202,983,291]",item_quartz_glass,1
transfer/67.png,"[154,202,983,291]",item_quartz_powder,1
transfer/67.png,"[154,202,983,291]",item_spaceship_cmpt_1,1
transfer/67.png,"[154,202,983,291]",item_spaceship_cmpt_2,1
transfer/67.png,"[154,202,983,291]",item_xiranite_enr_powder,1
transfer/67.png,"[154,202,983,291]",item_xiranite_powder,1
transfer/68.png,"[154,202,983,291]",item_bottled_grass2spc_2,1
transfer/68.png,"[154,202,983,291]",item_bottled_insec1_2,1
transfer/68.png,"[154,202,983,291]",item_drop_agdisk_1,1
transfer/68.png,"[154,202,983,291]",item_drop_firebat_1,1
transfer/68.png,"[154,202,983,291]",item_drop_hscrane_1,2
transfer/68.png,"[154,202,983,291]",item_drop_hshog_1,1
transfer/68.png,"[154,202,983,291]",item_drop_hsmino_1,2
transfer/68.png,"[154,202,983,291]",item_drop_hstiger_1,1
transfer/68.png,"[154,202,983,291]",item_drop_hvybow_1,1
transfer/68.png,"[154,202,983,291]",item_drop_jzmonk_1,1
transfer/68.png,"[154,202,983,291]",item_drop_jzogre_1,1
transfer/68.png,"[154,202,983,291]",item_drop_lbroshan_1,1
transfer/68.png,"[154,202,983,291]",item_drop_lbshamman_1,1
transfer/68.png,"[154,202,983,291]",item_drop_lbtough_1,1
transfer/68.png,"[154,202,983,291]",item_drop_sandb_1,1
transfer/68.png,"[154,202,983,291]",item_drop_wgabyss_1,1
transfer/68.png,"[154,202,983,291]",item_drop_wgshoal_1,2
transfer/68.png,"[154,202,983,291]",item_drop_wgthorns_1,1
transfer/68.png,"[154,202,983,291]",item_equip_script_4_2,1
transfer/68.png,"[154,202,983,291]",item_hscrane_1_hsmob_1_grass_1_1,1
transfer/68.png,"[154,202,983,291]",item_plant_crylplant_1_1,1
transfer/68.png,"[154,202,983,291]",item_plant_crylplant_1_2,1
transfer/68.png,"[154,202,983,291]",item_plant_crylplant_1_3,1
transfer/68.png,"[154,202,983,291]",item_plant_crylplant_2_1,2
transfer/68.png,"[154,202,983,291]",item_plant_crylplant_2_2,1
transfer/68.png,"[154,202,983,291]",item_plant_mushroom_1_1,1
transfer/68.png,"[154,202,983,291]",item_plant_mushroom_1_2,1
transfer/68.png,"[154,202,983,291]",item_plant_mushroom_1_3,1
transfer/68.png,"[154,202,983,291]",item_plant_mushroom_2_1,2
transfer/68.png,"[154,202,983,291]",item_plant_mushroom_2_2,1
transfer/68.png,"[154,202,983,291]",item_plant_spcstone_1_1,1
transfer/68.png,"[154,202,983,291]",item_plant_spcstone_1_2,1
transfer/68.png,"[154,202,983,291]",item_plant_spcstone_1_3,1
transfer/68.png,"[154,202,983,291]",item_plant_spcstone_2_1,1
transfer/68.png,"[154,202,983,291]",item_plant_spcstone_2_2,2
transfer/68.png,"[154,202,983,291]",item_port_power_diffuser_1,1
transfer/68.png,"[154,202,983,291]",item_port_power_diffuser_2,1
transfer/68.png,"[154,202,983,291]",item_port_power_pole_2,1
transfer/68.png,"[154,202,983,291]",item_port_power_pole_3,1
transfer/68.png,"[154,202,983,291]",item_port_power_sta_1,1
transfer/68.png,"[154,202,983,291]",item_port_travel_pole_2,1
transfer/68.png,"[154,202,983,291]",item_proc_bomb_1,1
transfer/68.png,"[154,202,983,291]",item_spaceship_cmpt_1,1
transfer/68.png,"[154,202,983,291]",item_spaceship_cmpt_2,1
transfer/69.png,"[154,202,983,291]",item_bottled_grass2spc_2,1
transfer/69.png,"[154,202,983,291]",item_bottled_insec1_2,1
transfer/69.png,"[154,202,983,291]",item_bottled_rec_hp_5,1
transfer/69.png,"[154,202,983,291]",item_device_balloon_recycle_3,1
transfer/69.png,"[154,202,983,291]",item_device_xiranite_nexus_3,1
transfer/69.png,"[154,202,983,291]",item_drop_agdisk_1,1
transfer/69.png,"[154,202,983,291]",item_drop_hsmino_1,1
transfer/69.png,"[154,202,983,291]",item_drop_hstiger_1,1
transfer/69.png,"[154,202,983,291]",item_drop_hvybow_1,1
transfer/69.png,"[154,202,983,291]",item_drop_jzmonk_1,1
transfer/69.png,"[154,202,983,291]",item_drop_jzogre_1,1
transfer/69.png,"[154,202,983,291]",item_drop_klbuds_1,2
transfer/69.png,"[154,202,983,291]",item_drop_klcaps_1,1
transfer/69.png,"[154,202,983,291]",item_drop_klcreatures_1,2
transfer/69.png,"[154,202,983,291]",item_drop_lbroshan_1,1
transfer/69.png,"[154,202,983,291]",item_drop_sandb_1,1
transfer/69.png,"[154,202,983,291]",item_drop_wgabyss_1,1
transfer/69.png,"[154,202,983,291]",item_equip_script_4_2,1
transfer/69.png,"[154,202,983,291]",item_equip_script_4_3,1
transfer/69.png,"[154,202,983,291]",item_fbottle_iron_water,3
transfer/69.png,"[154,202,983,291]",item_hscrane_1_hsmob_1_grass_1_1,1
transfer/69.png,"[154,202,983,291]",item_iron_bottle,1
transfer/69.png,"[154,202,983,291]",item_plant_crylplant_1_1,1
transfer/69.png,"[154,202,983,291]",item_plant_crylplant_1_2,1
transfer/69.png,"[154,202,983,291]",item_plant_crylplant_1_3,1
transfer/69.png,"[154,202,983,291]",item_plant_crylplant_2_1,1
transfer/69.png,"[154,202,983,291]",item_plant_crylplant_2_2,1
transfer/69.png,"[154,202,983,291]",item_plant_crylplant_2_3,1
transfer/69.png,"[154,202,983,291]",item_plant_mushroom_1_1,1
transfer/69.png,"[154,202,983,291]",item_plant_mushroom_1_2,1
transfer/69.png,"[154,202,983,291]",item_plant_mushroom_1_3,1
transfer/69.png,"[154,202,983,291]",item_plant_mushroom_2_1,1
transfer/69.png,"[154,202,983,291]",item_plant_mushroom_2_2,1
transfer/69.png,"[154,202,983,291]",item_plant_mushroom_2_3,1
transfer/69.png,"[154,202,983,291]",item_plant_spcstone_1_1,1
transfer/69.png,"[154,202,983,291]",item_plant_spcstone_1_2,1
transfer/69.png,"[154,202,983,291]",item_plant_spcstone_1_3,1
transfer/69.png,"[154,202,983,291]",item_plant_spcstone_2_1,1
transfer/69.png,"[154,202,983,291]",item_plant_spcstone_2_2,1
transfer/69.png,"[154,202,983,291]",item_plant_spcstone_2_3,1
transfer/69.png,"[154,202,983,291]",item_port_power_diffuser_1,1
transfer/69.png,"[154,202,983,291]",item_port_power_diffuser_2,1
transfer/69.png,"[154,202,983,291]",item_port_power_pole_2,1
transfer/69.png,"[154,202,983,291]",item_port_power_pole_3,1
transfer/69.png,"[154,202,983,291]",item_port_travel_pole_2,1
transfer/69.png,"[154,202,983,291]",item_proc_bomb_1,1
transfer/69.png,"[154,202,983,291]",item_spaceship_cmpt_1,1
transfer/69.png,"[154,202,983,291]",item_spaceship_cmpt_2,1
transfer/7.png,"[154,202,983,291]",item_bottled_rec_hp_5,1
transfer/7.png,"[154,202,983,291]",item_drop_agdisk_1,1
transfer/7.png,"[154,202,983,291]",item_drop_ethillu_1,1
transfer/7.png,"[154,202,983,291]",item_drop_firebat_1,1
transfer/7.png,"[154,202,983,291]",item_drop_hscrane_1,1
transfer/7.png,"[154,202,983,291]",item_drop_hshog_1,1
transfer/7.png,"[154,202,983,291]",item_drop_hsmino_1,1
transfer/7.png,"[154,202,983,291]",item_drop_hstiger_1,1
transfer/7.png,"[154,202,983,291]",item_drop_hvybow_1,1
transfer/7.png,"[154,202,983,291]",item_drop_jzmonk_1,1
transfer/7.png,"[154,202,983,291]",item_drop_jzogre_1,1
transfer/7.png,"[154,202,983,291]",item_drop_klbuds_1,2
transfer/7.png,"[154,202,983,291]",item_drop_klcaps_1,1
transfer/7.png,"[154,202,983,291]",item_drop_klcreatures_1,2
transfer/7.png,"[154,202,983,291]",item_drop_lbroshan_1,1
transfer/7.png,"[154,202,983,291]",item_drop_lbshamman_1,1
transfer/7.png,"[154,202,983,291]",item_drop_lbtough_1,1
transfer/7.png,"[154,202,983,291]",item_drop_mimicw_1,1
transfer/7.png,"[154,202,983,291]",item_drop_sandb_1,1
transfer/7.png,"[154,202,983,291]",item_drop_wgabyss_1,1
transfer/7.png,"[154,202,983,291]",item_drop_wgshoal_1,1
transfer/7.png,"[154,202,983,291]",item_equip_script_4_2,1
transfer/7.png,"[154,202,983,291]",item_equip_script_4_3,1
transfer/7.png,"[154,202,983,291]",item_fbottle_iron_water,3
transfer/7.png,"[154,202,983,291]",item_iron_bottle,1
transfer/7.png,"[154,202,983,291]",item_plant_crylplant_1_1,1
transfer/7.png,"[154,202,983,291]",item_plant_crylplant_1_2,1
transfer/7.png,"[154,202,983,291]",item_plant_crylplant_1_3,1
transfer/7.png,"[154,202,983,291]",item_plant_crylplant_2_1,1
transfer/7.png,"[154,202,983,291]",item_plant_mushroom_1_1,1
transfer/7.png,"[154,202,983,291]",item_plant_mushroom_1_2,1
transfer/7.png,"[154,202,983,291]",item_plant_mushroom_1_3,1
transfer/7.png,"[154,202,983,291]",item_plant_mushroom_2_1,1
transfer/7.png,"[154,202,983,291]",item_plant_mushroom_2_2,1
transfer/7.png,"[154,202,983,291]",item_plant_mushroom_2_3,1
transfer/7.png,"[154,202,983,291]",item_port_power_diffuser_1,1
transfer/7.png,"[154,202,983,291]",item_port_power_diffuser_2,1
transfer/7.png,"[154,202,983,291]",item_port_power_pole_2,1
transfer/7.png,"[154,202,983,291]",item_port_power_pole_3,1
transfer/7.png,"[154,202,983,291]",item_port_travel_pole_2,1
transfer/7.png,"[154,202,983,291]",item_proc_bomb_1,1
transfer/7.png,"[154,202,983,291]",item_spaceship_cmpt_1,1
transfer/7.png,"[154,202,983,291]",item_spaceship_cmpt_2,1
transfer/70.png,"[154,202,983,291]",item_bottled_grass2spc_2,1
transfer/70.png,"[154,202,983,291]",item_bottled_insec1_2,1
transfer/70.png,"[154,202,983,291]",item_drop_agdisk_1,1
transfer/70.png,"[154,202,983,291]",item_drop_firebat_1,1
transfer/70.png,"[154,202,983,291]",item_drop_hscrane_1,2
transfer/70.png,"[154,202,983,291]",item_drop_hshog_1,1
transfer/70.png,"[154,202,983,291]",item_drop_hsmino_1,2
transfer/70.png,"[154,202,983,291]",item_drop_hstiger_1,1
transfer/70.png,"[154,202,983,291]",item_drop_hvybow_1,1
transfer/70.png,"[154,202,983,291]",item_drop_jzmonk_1,1
transfer/70.png,"[154,202,983,291]",item_drop_jzogre_1,1
transfer/70.png,"[154,202,983,291]",item_drop_lbroshan_1,1
transfer/70.png,"[154,202,983,291]",item_drop_lbshamman_1,1
transfer/70.png,"[154,202,983,291]",item_drop_lbtough_1,1
transfer/70.png,"[154,202,983,291]",item_drop_sandb_1,1
transfer/70.png,"[154,202,983,291]",item_drop_wgabyss_1,1
transfer/70.png,"[154,202,983,291]",item_drop_wgshoal_1,2
transfer/70.png,"[154,202,983,291]",item_drop_wgthorns_1,1
transfer/70.png,"[154,202,983,291]",item_equip_script_4_2,1
transfer/70.png,"[154,202,983,291]",item_hscrane_1_hsmob_1_grass_1_1,1
transfer/70.png,"[154,202,983,291]",item_plant_crylplant_1_1,1
transfer/70.png,"[154,202,983,291]",item_plant_crylplant_1_2,1
transfer/70.png,"[154,202,983,291]",item_plant_crylplant_1_3,1
transfer/70.png,"[154,202,983,291]",item_plant_crylplant_2_1,2
transfer/70.png,"[154,202,983,291]",item_plant_crylplant_2_2,1
transfer/70.png,"[154,202,983,291]",item_plant_mushroom_1_1,1
transfer/70.png,"[154,202,983,291]",item_plant_mushroom_1_2,1
transfer/70.png,"[154,202,983,291]",item_plant_mushroom_1_3,1
transfer/70.png,"[154,202,983,291]",item_plant_mushroom_2_1,2
transfer/70.png,"[154,202,983,291]",item_plant_mushroom_2_2,1
transfer/70.png,"[154,202,983,291]",item_plant_spcstone_1_1,1
transfer/70.png,"[154,202,983,291]",item_plant_spcstone_1_2,1
transfer/70.png,"[154,202,983,291]",item_plant_spcstone_1_3,1
transfer/70.png,"[154,202,983,291]",item_plant_spcstone_2_1,1
transfer/70.png,"[154,202,983,291]",item_plant_spcstone_2_2,2
transfer/70.png,"[154,202,983,291]",item_port_power_diffuser_1,1
transfer/70.png,"[154,202,983,291]",item_port_power_diffuser_2,1
transfer/70.png,"[154,202,983,291]",item_port_power_pole_2,1
transfer/70.png,"[154,202,983,291]",item_port_power_pole_3,1
transfer/70.png,"[154,202,983,291]",item_port_power_sta_1,1
transfer/70.png,"[154,202,983,291]",item_port_travel_pole_2,1
transfer/70.png,"[154,202,983,291]",item_proc_bomb_1,1
transfer/70.png,"[154,202,983,291]",item_spaceship_cmpt_1,1
transfer/70.png,"[154,202,983,291]",item_spaceship_cmpt_2,1
transfer/71.png,"[154,202,983,291]",item_bottled_grass2spc_2,1
transfer/71.png,"[154,202,983,291]",item_bottled_insec1_2,1
transfer/71.png,"[154,202,983,291]",item_bottled_rec_hp_5,1
transfer/71.png,"[154,202,983,291]",item_device_balloon_recycle_3,1
transfer/71.png,"[154,202,983,291]",item_device_xiranite_nexus_3,1
transfer/71.png,"[154,202,983,291]",item_drop_agdisk_1,1
transfer/71.png,"[154,202,983,291]",item_drop_agfly_1,1
transfer/71.png,"[154,202,983,291]",item_drop_agmelee_1,1
transfer/71.png,"[154,202,983,291]",item_drop_agrange_1,1
transfer/71.png,"[154,202,983,291]",item_drop_dog_1,1
transfer/71.png,"[154,202,983,291]",item_drop_erhound_1,1
transfer/71.png,"[154,202,983,291]",item_drop_ethillu_1,1
transfer/71.png,"[154,202,983,291]",item_drop_firebat_1,1
transfer/71.png,"[154,202,983,291]",item_drop_hscrane_1,1
transfer/71.png,"[154,202,983,291]",item_drop_hsfly_1,1
transfer/71.png,"[154,202,983,291]",item_drop_hshog_1,1
transfer/71.png,"[154,202,983,291]",item_drop_hsmino_1,1
transfer/71.png,"[154,202,983,291]",item_drop_hsmob_1,1
transfer/71.png,"[154,202,983,291]",item_drop_hvybow_1,1
transfer/71.png,"[154,202,983,291]",item_drop_klbuds_1,1
transfer/71.png,"[154,202,983,291]",item_drop_klcreatures_1,1
transfer/71.png,"[154,202,983,291]",item_drop_lbmob_1,1
transfer/71.png,"[154,202,983,291]",item_drop_lbshamman_1,1
transfer/71.png,"[154,202,983,291]",item_drop_lbshield_1,1
transfer/71.png,"[154,202,983,291]",item_drop_lbtough_1,1
transfer/71.png,"[154,202,983,291]",item_drop_mimicw_1,1
transfer/71.png,"[154,202,983,291]",item_drop_sandb_1,1
transfer/71.png,"[154,202,983,291]",item_drop_slimeml_1,1
transfer/71.png,"[154,202,983,291]",item_drop_wgshoal_1,1
transfer/71.png,"[154,202,983,291]",item_drop_wgslime_1,1
transfer/71.png,"[154,202,983,291]",item_drop_wgthorns_1,1
transfer/71.png,"[154,202,983,291]",item_equip_script_4_2,1
transfer/71.png,"[154,202,983,291]",item_equip_script_4_3,1
transfer/71.png,"[154,202,983,291]",item_fbottle_iron_water,3
transfer/71.png,"[154,202,983,291]",item_hscrane_1_hsmob_1_grass_1_1,1
transfer/71.png,"[154,202,983,291]",item_iron_bottle,1
transfer/71.png,"[154,202,983,291]",item_muck_feces_1,1
transfer/71.png,"[154,202,983,291]",item_plant_tundra_insect_1,1
transfer/71.png,"[154,202,983,291]",item_plant_tundra_insect_2,1
transfer/71.png,"[154,202,983,291]",item_port_power_diffuser_1,1
transfer/71.png,"[154,202,983,291]",item_port_power_diffuser_2,1
transfer/71.png,"[154,202,983,291]",item_port_power_pole_2,1
transfer/71.png,"[154,202,983,291]",item_port_power_pole_3,1
transfer/71.png,"[154,202,983,291]",item_port_travel_pole_2,1
transfer/71.png,"[154,202,983,291]",item_proc_bomb_1,1
transfer/72.png,"[154,202,983,291]",item_bottled_grass2spc_2,1
transfer/72.png,"[154,202,983,291]",item_bottled_insec1_2,1
transfer/72.png,"[154,202,983,291]",item_drop_agdisk_1,1
transfer/72.png,"[154,202,983,291]",item_drop_firebat_1,1
transfer/72.png,"[154,202,983,291]",item_drop_hscrane_1,2
transfer/72.png,"[154,202,983,291]",item_drop_hshog_1,1
transfer/72.png,"[154,202,983,291]",item_drop_hsmino_1,2
transfer/72.png,"[154,202,983,291]",item_drop_hstiger_1,1
transfer/72.png,"[154,202,983,291]",item_drop_hvybow_1,1
transfer/72.png,"[154,202,983,291]",item_drop_jzmonk_1,1
transfer/72.png,"[154,202,983,291]",item_drop_jzogre_1,1
transfer/72.png,"[154,202,983,291]",item_drop_lbroshan_1,1
transfer/72.png,"[154,202,983,291]",item_drop_lbshamman_1,1
transfer/72.png,"[154,202,983,291]",item_drop_lbtough_1,1
transfer/72.png,"[154,202,983,291]",item_drop_sandb_1,1
transfer/72.png,"[154,202,983,291]",item_drop_wgabyss_1,1
transfer/72.png,"[154,202,983,291]",item_drop_wgshoal_1,2
transfer/72.png,"[154,202,983,291]",item_drop_wgthorns_1,1
transfer/72.png,"[154,202,983,291]",item_equip_script_4_2,1
transfer/72.png,"[154,202,983,291]",item_hscrane_1_hsmob_1_grass_1_1,1
transfer/72.png,"[154,202,983,291]",item_plant_crylplant_1_1,1
transfer/72.png,"[154,202,983,291]",item_plant_crylplant_1_2,1
transfer/72.png,"[154,202,983,291]",item_plant_crylplant_1_3,1
transfer/72.png,"[154,202,983,291]",item_plant_crylplant_2_1,2
transfer/72.png,"[154,202,983,291]",item_plant_crylplant_2_2,1
transfer/72.png,"[154,202,983,291]",item_plant_mushroom_1_1,1
transfer/72.png,"[154,202,983,291]",item_plant_mushroom_1_2,1
transfer/72.png,"[154,202,983,291]",item_plant_mushroom_1_3,1
transfer/72.png,"[154,202,983,291]",item_plant_mushroom_2_1,2
transfer/72.png,"[154,202,983,291]",item_plant_mushroom_2_2,1
transfer/72.png,"[154,202,983,291]",item_plant_spcstone_1_1,1
transfer/72.png,"[154,202,983,291]",item_plant_spcstone_1_2,1
transfer/72.png,"[154,202,983,291]",item_plant_spcstone_1_3,1
transfer/72.png,"[154,202,983,291]",item_plant_spcstone_2_1,1
transfer/72.png,"[154,202,983,291]",item_plant_spcstone_2_2,2
transfer/72.png,"[154,202,983,291]",item_port_power_diffuser_1,1
transfer/72.png,"[154,202,983,291]",item_port_power_diffuser_2,1
transfer/72.png,"[154,202,983,291]",item_port_power_pole_2,1
transfer/72.png,"[154,202,983,291]",item_port_power_pole_3,1
transfer/72.png,"[154,202,983,291]",item_port_power_sta_1,1
transfer/72.png,"[154,202,983,291]",item_port_travel_pole_2,1
transfer/72.png,"[154,202,983,291]",item_proc_bomb_1,1
transfer/72.png,"[154,202,983,291]",item_spaceship_cmpt_1,1
transfer/72.png,"[154,202,983,291]",item_spaceship_cmpt_2,1
transfer/73.png,"[154,202,983,291]",item_bottled_grass2spc_2,1
transfer/73.png,"[154,202,983,291]",item_bottled_insec1_2,1
transfer/73.png,"[154,202,983,291]",item_bottled_rec_hp_5,1
transfer/73.png,"[154,202,983,291]",item_carbon_enr,1
transfer/73.png,"[154,202,983,291]",item_carbon_enr_powder,1
transfer/73.png,"[154,202,983,291]",item_carbon_powder,1
transfer/73.png,"[154,202,983,291]",item_copper_bottle,1
transfer/73.png,"[154,202,983,291]",item_copper_enr,1
transfer/73.png,"[154,202,983,291]",item_copper_jar,1
transfer/73.png,"[154,202,983,291]",item_copper_nugget,1
transfer/73.png,"[154,202,983,291]",item_copper_powder,1
transfer/73.png,"[154,202,983,291]",item_crystal_enr,1
transfer/73.png,"[154,202,983,291]",item_crystal_enr_powder,1
transfer/73.png,"[154,202,983,291]",item_crystal_powder,1
transfer/73.png,"[154,202,983,291]",item_crystal_shell,1
transfer/73.png,"[154,202,983,291]",item_device_balloon_recycle_3,1
transfer/73.png,"[154,202,983,291]",item_device_xiranite_nexus_3,1
transfer/73.png,"[154,202,983,291]",item_drop_klbuds_1,1
transfer/73.png,"[154,202,983,291]",item_drop_klcreatures_1,1
transfer/73.png,"[154,202,983,291]",item_equip_script_4_2,1
transfer/73.png,"[154,202,983,291]",item_equip_script_4_3,1
transfer/73.png,"[154,202,983,291]",item_fbottle_copper_grass_2,1
transfer/73.png,"[154,202,983,291]",item_fbottle_copper_xiranite_enr,1
transfer/73.png,"[154,202,983,291]",item_fbottle_iron_grass_1,1
transfer/73.png,"[154,202,983,291]",item_fbottle_iron_grass_2,1
transfer/73.png,"[154,202,983,291]",item_fbottle_iron_sewage,1
transfer/73.png,"[154,202,983,291]",item_fbottle_iron_water,4
transfer/73.png,"[154,202,983,291]",item_fbottle_iron_xiranite,1
transfer/73.png,"[154,202,983,291]",item_fbottle_iron_xiranite_enr,1
transfer/73.png,"[154,202,983,291]",item_fbottle_iron_xiranite_lowpoly,1
transfer/73.png,"[154,202,983,291]",item_fbottle_iron_xiranite_poly,1
transfer/73.png,"[154,202,983,291]",item_gasjar_copper_gas_copper_enr,1
transfer/73.png,"[154,202,983,291]",item_hscrane_1_hsmob_1_grass_1_1,1
transfer/73.png,"[154,202,983,291]",item_iron_bottle,2
transfer/73.png,"[154,202,983,291]",item_iron_enr,1
transfer/73.png,"[154,202,983,291]",item_iron_enr_powder,1
transfer/73.png,"[154,202,983,291]",item_iron_nugget,1
transfer/73.png,"[154,202,983,291]",item_iron_powder,1
transfer/73.png,"[154,202,983,291]",item_originium_enr_powder,1
transfer/73.png,"[154,202,983,291]",item_originium_powder,1
transfer/73.png,"[154,202,983,291]",item_plant_moss_powder_3,1
transfer/73.png,"[154,202,983,291]",item_port_power_diffuser_1,1
transfer/73.png,"[154,202,983,291]",item_port_power_diffuser_2,1
transfer/73.png,"[154,202,983,291]",item_port_power_pole_2,1
transfer/73.png,"[154,202,983,291]",item_port_power_pole_3,1
transfer/73.png,"[154,202,983,291]",item_port_travel_pole_2,1
transfer/73.png,"[154,202,983,291]",item_proc_bomb_1,1
transfer/73.png,"[154,202,983,291]",item_quartz_glass,1
transfer/74.png,"[154,202,983,291]",item_bottled_grass2spc_2,1
transfer/74.png,"[154,202,983,291]",item_bottled_insec1_2,1
transfer/74.png,"[154,202,983,291]",item_drop_agdisk_1,1
transfer/74.png,"[154,202,983,291]",item_drop_firebat_1,1
transfer/74.png,"[154,202,983,291]",item_drop_hscrane_1,2
transfer/74.png,"[154,202,983,291]",item_drop_hshog_1,1
transfer/74.png,"[154,202,983,291]",item_drop_hsmino_1,2
transfer/74.png,"[154,202,983,291]",item_drop_hstiger_1,1
transfer/74.png,"[154,202,983,291]",item_drop_hvybow_1,1
transfer/74.png,"[154,202,983,291]",item_drop_jzmonk_1,1
transfer/74.png,"[154,202,983,291]",item_drop_jzogre_1,1
transfer/74.png,"[154,202,983,291]",item_drop_lbroshan_1,1
transfer/74.png,"[154,202,983,291]",item_drop_lbshamman_1,1
transfer/74.png,"[154,202,983,291]",item_drop_lbtough_1,1
transfer/74.png,"[154,202,983,291]",item_drop_sandb_1,1
transfer/74.png,"[154,202,983,291]",item_drop_wgabyss_1,1
transfer/74.png,"[154,202,983,291]",item_drop_wgshoal_1,2
transfer/74.png,"[154,202,983,291]",item_drop_wgthorns_1,1
transfer/74.png,"[154,202,983,291]",item_equip_script_4_2,1
transfer/74.png,"[154,202,983,291]",item_hscrane_1_hsmob_1_grass_1_1,1
transfer/74.png,"[154,202,983,291]",item_plant_crylplant_1_1,1
transfer/74.png,"[154,202,983,291]",item_plant_crylplant_1_2,1
transfer/74.png,"[154,202,983,291]",item_plant_crylplant_1_3,1
transfer/74.png,"[154,202,983,291]",item_plant_crylplant_2_1,2
transfer/74.png,"[154,202,983,291]",item_plant_crylplant_2_2,1
transfer/74.png,"[154,202,983,291]",item_plant_mushroom_1_1,1
transfer/74.png,"[154,202,983,291]",item_plant_mushroom_1_2,1
transfer/74.png,"[154,202,983,291]",item_plant_mushroom_1_3,1
transfer/74.png,"[154,202,983,291]",item_plant_mushroom_2_1,2
transfer/74.png,"[154,202,983,291]",item_plant_mushroom_2_2,1
transfer/74.png,"[154,202,983,291]",item_plant_spcstone_1_1,1
transfer/74.png,"[154,202,983,291]",item_plant_spcstone_1_2,1
transfer/74.png,"[154,202,983,291]",item_plant_spcstone_1_3,1
transfer/74.png,"[154,202,983,291]",item_plant_spcstone_2_1,1
transfer/74.png,"[154,202,983,291]",item_plant_spcstone_2_2,2
transfer/74.png,"[154,202,983,291]",item_port_power_diffuser_1,1
transfer/74.png,"[154,202,983,291]",item_port_power_diffuser_2,1
transfer/74.png,"[154,202,983,291]",item_port_power_pole_2,1
transfer/74.png,"[154,202,983,291]",item_port_power_pole_3,1
transfer/74.png,"[154,202,983,291]",item_port_power_sta_1,1
transfer/74.png,"[154,202,983,291]",item_port_travel_pole_2,1
transfer/74.png,"[154,202,983,291]",item_proc_bomb_1,1
transfer/74.png,"[154,202,983,291]",item_spaceship_cmpt_1,1
transfer/74.png,"[154,202,983,291]",item_spaceship_cmpt_2,1
transfer/75.png,"[154,202,983,291]",item_bottled_grass2spc_2,1
transfer/75.png,"[154,202,983,291]",item_bottled_insec1_2,1
transfer/75.png,"[154,202,983,291]",item_bottled_rec_hp_5,1
transfer/75.png,"[154,202,983,291]",item_device_balloon_recycle_3,1
transfer/75.png,"[154,202,983,291]",item_device_xiranite_nexus_3,1
transfer/75.png,"[154,202,983,291]",item_drop_klbuds_1,1
transfer/75.png,"[154,202,983,291]",item_drop_klcreatures_1,1
transfer/75.png,"[154,202,983,291]",item_equip_script_4_2,1
transfer/75.png,"[154,202,983,291]",item_equip_script_4_3,1
transfer/75.png,"[154,202,983,291]",item_fbottle_iron_water,3
transfer/75.png,"[154,202,983,291]",item_hscrane_1_hsmob_1_grass_1_1,1
transfer/75.png,"[154,202,983,291]",item_iron_bottle,1
transfer/75.png,"[154,202,983,291]",item_plant_bbflower_1,1
transfer/75.png,"[154,202,983,291]",item_plant_bbflower_seed_1,1
transfer/75.png,"[154,202,983,291]",item_plant_grass_1,1
transfer/75.png,"[154,202,983,291]",item_plant_grass_2,1
transfer/75.png,"[154,202,983,291]",item_plant_grass_seed_1,1
transfer/75.png,"[154,202,983,291]",item_plant_grass_seed_2,1
transfer/75.png,"[154,202,983,291]",item_plant_grass_spc_1,1
transfer/75.png,"[154,202,983,291]",item_plant_grass_spc_2,1
transfer/75.png,"[154,202,983,291]",item_plant_moss_1,1
transfer/75.png,"[154,202,983,291]",item_plant_moss_2,1
transfer/75.png,"[154,202,983,291]",item_plant_moss_3,1
transfer/75.png,"[154,202,983,291]",item_plant_moss_seed_3,1
transfer/75.png,"[154,202,983,291]",item_plant_moss_spc_1,1
transfer/75.png,"[154,202,983,291]",item_plant_moss_spc_2,1
transfer/75.png,"[154,202,983,291]",item_plant_sp_1,1
transfer/75.png,"[154,202,983,291]",item_plant_sp_2,1
transfer/75.png,"[154,202,983,291]",item_plant_sp_3,1
transfer/75.png,"[154,202,983,291]",item_plant_sp_4,1
transfer/75.png,"[154,202,983,291]",item_plant_tundra_wood,1
transfer/75.png,"[154,202,983,291]",item_port_power_diffuser_1,1
transfer/75.png,"[154,202,983,291]",item_port_power_diffuser_2,1
transfer/75.png,"[154,202,983,291]",item_port_power_pole_2,1
transfer/75.png,"[154,202,983,291]",item_port_power_pole_3,1
transfer/75.png,"[154,202,983,291]",item_port_travel_pole_2,1
transfer/75.png,"[154,202,983,291]",item_proc_bomb_1,1
transfer/76.png,"[154,202,983,291]",item_bottled_grass2spc_2,1
transfer/76.png,"[154,202,983,291]",item_bottled_insec1_2,1
transfer/76.png,"[154,202,983,291]",item_drop_agdisk_1,1
transfer/76.png,"[154,202,983,291]",item_drop_firebat_1,1
transfer/76.png,"[154,202,983,291]",item_drop_hscrane_1,2
transfer/76.png,"[154,202,983,291]",item_drop_hshog_1,1
transfer/76.png,"[154,202,983,291]",item_drop_hsmino_1,2
transfer/76.png,"[154,202,983,291]",item_drop_hstiger_1,1
transfer/76.png,"[154,202,983,291]",item_drop_hvybow_1,1
transfer/76.png,"[154,202,983,291]",item_drop_jzmonk_1,1
transfer/76.png,"[154,202,983,291]",item_drop_jzogre_1,1
transfer/76.png,"[154,202,983,291]",item_drop_lbroshan_1,1
transfer/76.png,"[154,202,983,291]",item_drop_lbshamman_1,1
transfer/76.png,"[154,202,983,291]",item_drop_lbtough_1,1
transfer/76.png,"[154,202,983,291]",item_drop_sandb_1,1
transfer/76.png,"[154,202,983,291]",item_drop_wgabyss_1,1
transfer/76.png,"[154,202,983,291]",item_drop_wgshoal_1,2
transfer/76.png,"[154,202,983,291]",item_drop_wgthorns_1,1
transfer/76.png,"[154,202,983,291]",item_equip_script_4_2,1
transfer/76.png,"[154,202,983,291]",item_hscrane_1_hsmob_1_grass_1_1,1
transfer/76.png,"[154,202,983,291]",item_plant_crylplant_1_1,1
transfer/76.png,"[154,202,983,291]",item_plant_crylplant_1_2,1
transfer/76.png,"[154,202,983,291]",item_plant_crylplant_1_3,1
transfer/76.png,"[154,202,983,291]",item_plant_crylplant_2_1,2
transfer/76.png,"[154,202,983,291]",item_plant_crylplant_2_2,1
transfer/76.png,"[154,202,983,291]",item_plant_mushroom_1_1,1
transfer/76.png,"[154,202,983,291]",item_plant_mushroom_1_2,1
transfer/76.png,"[154,202,983,291]",item_plant_mushroom_1_3,1
transfer/76.png,"[154,202,983,291]",item_plant_mushroom_2_1,2
transfer/76.png,"[154,202,983,291]",item_plant_mushroom_2_2,1
transfer/76.png,"[154,202,983,291]",item_plant_spcstone_1_1,1
transfer/76.png,"[154,202,983,291]",item_plant_spcstone_1_2,1
transfer/76.png,"[154,202,983,291]",item_plant_spcstone_1_3,1
transfer/76.png,"[154,202,983,291]",item_plant_spcstone_2_1,1
transfer/76.png,"[154,202,983,291]",item_plant_spcstone_2_2,2
transfer/76.png,"[154,202,983,291]",item_port_power_diffuser_1,1
transfer/76.png,"[154,202,983,291]",item_port_power_diffuser_2,1
transfer/76.png,"[154,202,983,291]",item_port_power_pole_2,1
transfer/76.png,"[154,202,983,291]",item_port_power_pole_3,1
transfer/76.png,"[154,202,983,291]",item_port_power_sta_1,1
transfer/76.png,"[154,202,983,291]",item_port_travel_pole_2,1
transfer/76.png,"[154,202,983,291]",item_proc_bomb_1,1
transfer/76.png,"[154,202,983,291]",item_spaceship_cmpt_1,1
transfer/76.png,"[154,202,983,291]",item_spaceship_cmpt_2,1
transfer/77.png,"[154,202,983,291]",item_bottled_grass2spc_2,1
transfer/77.png,"[154,202,983,291]",item_bottled_insec1_2,1
transfer/77.png,"[154,202,983,291]",item_bottled_rec_hp_5,1
transfer/77.png,"[154,202,983,291]",item_device_balloon_recycle_3,1
transfer/77.png,"[154,202,983,291]",item_device_xiranite_nexus_3,1
transfer/77.png,"[154,202,983,291]",item_drop_klbuds_1,1
transfer/77.png,"[154,202,983,291]",item_drop_klcreatures_1,1
transfer/77.png,"[154,202,983,291]",item_equip_script_4_2,1
transfer/77.png,"[154,202,983,291]",item_equip_script_4_3,1
transfer/77.png,"[154,202,983,291]",item_fbottle_iron_water,3
transfer/77.png,"[154,202,983,291]",item_hscrane_1_hsmob_1_grass_1_1,1
transfer/77.png,"[154,202,983,291]",item_iron_bottle,1
transfer/77.png,"[154,202,983,291]",item_port_battle_debuff_1,1
transfer/77.png,"[154,202,983,291]",item_port_battle_lightning_2,1
transfer/77.png,"[154,202,983,291]",item_port_battle_rocket_1,1
transfer/77.png,"[154,202,983,291]",item_port_battle_turret_3,1
transfer/77.png,"[154,202,983,291]",item_port_carrier_1,1
transfer/77.png,"[154,202,983,291]",item_port_cmpt_mc_1,1
transfer/77.png,"[154,202,983,291]",item_port_filling_pd_mc_1,1
transfer/77.png,"[154,202,983,291]",item_port_furnance_1,1
transfer/77.png,"[154,202,983,291]",item_port_gas_pump_1,1
transfer/77.png,"[154,202,983,291]",item_port_gas_storager_1,1
transfer/77.png,"[154,202,983,291]",item_port_grinder_1,1
transfer/77.png,"[154,202,983,291]",item_port_liquid_storager_1,1
transfer/77.png,"[154,202,983,291]",item_port_loader_1,1
transfer/77.png,"[154,202,983,291]",item_port_marker_1,1
transfer/77.png,"[154,202,983,291]",item_port_miner_2,1
transfer/77.png,"[154,202,983,291]",item_port_miner_3,1
transfer/77.png,"[154,202,983,291]",item_port_miner_4,1
transfer/77.png,"[154,202,983,291]",item_port_mix_pool_1,1
transfer/77.png,"[154,202,983,291]",item_port_mix_pool_2,1
transfer/77.png,"[154,202,983,291]",item_port_planter_1,1
transfer/77.png,"[154,202,983,291]",item_port_power_diffuser_1,2
transfer/77.png,"[154,202,983,291]",item_port_power_diffuser_2,1
transfer/77.png,"[154,202,983,291]",item_port_power_pole_2,2
transfer/77.png,"[154,202,983,291]",item_port_power_pole_3,1
transfer/77.png,"[154,202,983,291]",item_port_power_sta_1,1
transfer/77.png,"[154,202,983,291]",item_port_pump_1,1
transfer/77.png,"[154,202,983,291]",item_port_seedcol_1,1
transfer/77.png,"[154,202,983,291]",item_port_shaper_1,1
transfer/77.png,"[154,202,983,291]",item_port_storager_1,1
transfer/77.png,"[154,202,983,291]",item_port_thickener_1,1
transfer/77.png,"[154,202,983,291]",item_port_tools_asm_mc_1,1
transfer/77.png,"[154,202,983,291]",item_port_travel_pole_1,1
transfer/77.png,"[154,202,983,291]",item_port_travel_pole_2,1
transfer/77.png,"[154,202,983,291]",item_port_unloader_1,1
transfer/77.png,"[154,202,983,291]",item_port_winder_1,1
transfer/77.png,"[154,202,983,291]",item_proc_bomb_1,1
transfer/78.png,"[154,202,983,291]",item_bottled_grass2spc_2,1
transfer/78.png,"[154,202,983,291]",item_bottled_insec1_2,1
transfer/78.png,"[154,202,983,291]",item_drop_agdisk_1,1
transfer/78.png,"[154,202,983,291]",item_drop_firebat_1,1
transfer/78.png,"[154,202,983,291]",item_drop_hscrane_1,2
transfer/78.png,"[154,202,983,291]",item_drop_hshog_1,1
transfer/78.png,"[154,202,983,291]",item_drop_hsmino_1,2
transfer/78.png,"[154,202,983,291]",item_drop_hstiger_1,1
transfer/78.png,"[154,202,983,291]",item_drop_hvybow_1,1
transfer/78.png,"[154,202,983,291]",item_drop_jzmonk_1,1
transfer/78.png,"[154,202,983,291]",item_drop_jzogre_1,1
transfer/78.png,"[154,202,983,291]",item_drop_lbroshan_1,1
transfer/78.png,"[154,202,983,291]",item_drop_lbshamman_1,1
transfer/78.png,"[154,202,983,291]",item_drop_lbtough_1,1
transfer/78.png,"[154,202,983,291]",item_drop_sandb_1,1
transfer/78.png,"[154,202,983,291]",item_drop_wgabyss_1,1
transfer/78.png,"[154,202,983,291]",item_drop_wgshoal_1,2
transfer/78.png,"[154,202,983,291]",item_drop_wgthorns_1,1
transfer/78.png,"[154,202,983,291]",item_equip_script_4_2,1
transfer/78.png,"[154,202,983,291]",item_hscrane_1_hsmob_1_grass_1_1,1
transfer/78.png,"[154,202,983,291]",item_plant_crylplant_1_1,1
transfer/78.png,"[154,202,983,291]",item_plant_crylplant_1_2,1
transfer/78.png,"[154,202,983,291]",item_plant_crylplant_1_3,1
transfer/78.png,"[154,202,983,291]",item_plant_crylplant_2_1,2
transfer/78.png,"[154,202,983,291]",item_plant_crylplant_2_2,1
transfer/78.png,"[154,202,983,291]",item_plant_mushroom_1_1,1
transfer/78.png,"[154,202,983,291]",item_plant_mushroom_1_2,1
transfer/78.png,"[154,202,983,291]",item_plant_mushroom_1_3,1
transfer/78.png,"[154,202,983,291]",item_plant_mushroom_2_1,2
transfer/78.png,"[154,202,983,291]",item_plant_mushroom_2_2,1
transfer/78.png,"[154,202,983,291]",item_plant_spcstone_1_1,1
transfer/78.png,"[154,202,983,291]",item_plant_spcstone_1_2,1
transfer/78.png,"[154,202,983,291]",item_plant_spcstone_1_3,1
transfer/78.png,"[154,202,983,291]",item_plant_spcstone_2_1,1
transfer/78.png,"[154,202,983,291]",item_plant_spcstone_2_2,2
transfer/78.png,"[154,202,983,291]",item_port_power_diffuser_1,1
transfer/78.png,"[154,202,983,291]",item_port_power_diffuser_2,1
transfer/78.png,"[154,202,983,291]",item_port_power_pole_2,1
transfer/78.png,"[154,202,983,291]",item_port_power_pole_3,1
transfer/78.png,"[154,202,983,291]",item_port_power_sta_1,1
transfer/78.png,"[154,202,983,291]",item_port_travel_pole_2,1
transfer/78.png,"[154,202,983,291]",item_proc_bomb_1,1
transfer/78.png,"[154,202,983,291]",item_spaceship_cmpt_1,1
transfer/78.png,"[154,202,983,291]",item_spaceship_cmpt_2,1
transfer/79.png,"[154,202,983,291]",item_bottled_grass2spc_2,1
transfer/79.png,"[154,202,983,291]",item_bottled_insec1_2,1
transfer/79.png,"[154,202,983,291]",item_bottled_rec_hp_5,1
transfer/79.png,"[154,202,983,291]",item_device_balloon_recycle_3,1
transfer/79.png,"[154,202,983,291]",item_device_xiranite_nexus_3,1
transfer/79.png,"[154,202,983,291]",item_drop_klbuds_1,1
transfer/79.png,"[154,202,983,291]",item_drop_klcreatures_1,1
transfer/79.png,"[154,202,983,291]",item_equip_script_4_2,1
transfer/79.png,"[154,202,983,291]",item_equip_script_4_3,1
transfer/79.png,"[154,202,983,291]",item_fbottle_iron_water,3
transfer/79.png,"[154,202,983,291]",item_hscrane_1_hsmob_1_grass_1_1,1
transfer/79.png,"[154,202,983,291]",item_iron_bottle,1
transfer/79.png,"[154,202,983,291]",item_port_battle_cannon_2,1
transfer/79.png,"[154,202,983,291]",item_port_battle_debuff_1,1
transfer/79.png,"[154,202,983,291]",item_port_battle_fog_1,1
transfer/79.png,"[154,202,983,291]",item_port_battle_jet_1,1
transfer/79.png,"[154,202,983,291]",item_port_battle_laser_1,1
transfer/79.png,"[154,202,983,291]",item_port_battle_laser_2,1
transfer/79.png,"[154,202,983,291]",item_port_battle_lightning_1,1
transfer/79.png,"[154,202,983,291]",item_port_battle_lightning_2,1
transfer/79.png,"[154,202,983,291]",item_port_battle_rocket_1,1
transfer/79.png,"[154,202,983,291]",item_port_battle_sniper_1,1
transfer/79.png,"[154,202,983,291]",item_port_battle_trap_1,1
transfer/79.png,"[154,202,983,291]",item_port_battle_turret_3,1
transfer/79.png,"[154,202,983,291]",item_port_carrier_1,1
transfer/79.png,"[154,202,983,291]",item_port_cmpt_mc_1,1
transfer/79.png,"[154,202,983,291]",item_port_filling_pd_mc_1,1
transfer/79.png,"[154,202,983,291]",item_port_furnance_1,1
transfer/79.png,"[154,202,983,291]",item_port_gas_pump_1,1
transfer/79.png,"[154,202,983,291]",item_port_grinder_1,1
transfer/79.png,"[154,202,983,291]",item_port_marker_1,1
transfer/79.png,"[154,202,983,291]",item_port_miner_2,1
transfer/79.png,"[154,202,983,291]",item_port_miner_3,1
transfer/79.png,"[154,202,983,291]",item_port_miner_4,1
transfer/79.png,"[154,202,983,291]",item_port_power_diffuser_1,2
transfer/79.png,"[154,202,983,291]",item_port_power_diffuser_2,1
transfer/79.png,"[154,202,983,291]",item_port_power_pole_2,2
transfer/79.png,"[154,202,983,291]",item_port_power_pole_3,1
transfer/79.png,"[154,202,983,291]",item_port_power_sta_1,1
transfer/79.png,"[154,202,983,291]",item_port_pump_1,1
transfer/79.png,"[154,202,983,291]",item_port_seedcol_1,1
transfer/79.png,"[154,202,983,291]",item_port_shaper_1,1
transfer/79.png,"[154,202,983,291]",item_port_storager_1,1
transfer/79.png,"[154,202,983,291]",item_port_tools_asm_mc_1,1
transfer/79.png,"[154,202,983,291]",item_port_travel_pole_1,1
transfer/79.png,"[154,202,983,291]",item_port_travel_pole_2,1
transfer/79.png,"[154,202,983,291]",item_port_winder_1,1
transfer/79.png,"[154,202,983,291]",item_proc_bomb_1,1
transfer/8.png,"[154,202,983,291]",item_bottled_rec_hp_5,1
transfer/8.png,"[154,202,983,291]",item_drop_agdisk_1,1
transfer/8.png,"[154,202,983,291]",item_drop_ethillu_1,1
transfer/8.png,"[154,202,983,291]",item_drop_firebat_1,1
transfer/8.png,"[154,202,983,291]",item_drop_hscrane_1,2
transfer/8.png,"[154,202,983,291]",item_drop_hshog_1,1
transfer/8.png,"[154,202,983,291]",item_drop_hsmino_1,2
transfer/8.png,"[154,202,983,291]",item_drop_hsmob_1,1
transfer/8.png,"[154,202,983,291]",item_drop_hstiger_1,1
transfer/8.png,"[154,202,983,291]",item_drop_hvybow_1,1
transfer/8.png,"[154,202,983,291]",item_drop_jzmonk_1,1
transfer/8.png,"[154,202,983,291]",item_drop_jzogre_1,1
transfer/8.png,"[154,202,983,291]",item_drop_klbuds_1,2
transfer/8.png,"[154,202,983,291]",item_drop_klcaps_1,1
transfer/8.png,"[154,202,983,291]",item_drop_klcreatures_1,2
transfer/8.png,"[154,202,983,291]",item_drop_lbroshan_1,1
transfer/8.png,"[154,202,983,291]",item_drop_lbshamman_1,1
transfer/8.png,"[154,202,983,291]",item_drop_lbtough_1,1
transfer/8.png,"[154,202,983,291]",item_drop_mimicw_1,1
transfer/8.png,"[154,202,983,291]",item_drop_sandb_1,1
transfer/8.png,"[154,202,983,291]",item_drop_wgabyss_1,1
transfer/8.png,"[154,202,983,291]",item_drop_wgshoal_1,1
transfer/8.png,"[154,202,983,291]",item_equip_script_4_2,1
transfer/8.png,"[154,202,983,291]",item_equip_script_4_3,1
transfer/8.png,"[154,202,983,291]",item_fbottle_iron_water,3
transfer/8.png,"[154,202,983,291]",item_iron_bottle,1
transfer/8.png,"[154,202,983,291]",item_plant_crylplant_1_1,1
transfer/8.png,"[154,202,983,291]",item_plant_crylplant_1_2,1
transfer/8.png,"[154,202,983,291]",item_plant_crylplant_1_3,1
transfer/8.png,"[154,202,983,291]",item_plant_crylplant_2_1,1
transfer/8.png,"[154,202,983,291]",item_plant_mushroom_1_1,1
transfer/8.png,"[154,202,983,291]",item_plant_mushroom_1_2,1
transfer/8.png,"[154,202,983,291]",item_plant_mushroom_1_3,1
transfer/8.png,"[154,202,983,291]",item_plant_mushroom_2_1,1
transfer/8.png,"[154,202,983,291]",item_plant_mushroom_2_2,1
transfer/8.png,"[154,202,983,291]",item_plant_mushroom_2_3,1
transfer/8.png,"[154,202,983,291]",item_port_power_diffuser_1,1
transfer/8.png,"[154,202,983,291]",item_port_power_diffuser_2,1
transfer/8.png,"[154,202,983,291]",item_port_power_pole_2,1
transfer/8.png,"[154,202,983,291]",item_port_power_pole_3,1
transfer/8.png,"[154,202,983,291]",item_port_travel_pole_2,1
transfer/8.png,"[154,202,983,291]",item_proc_bomb_1,1
transfer/8.png,"[154,202,983,291]",item_spaceship_cmpt_1,1
transfer/8.png,"[154,202,983,291]",item_spaceship_cmpt_2,1
transfer/80.png,"[154,202,983,291]",item_bottled_grass2spc_2,1
transfer/80.png,"[154,202,983,291]",item_bottled_insec1_2,1
transfer/80.png,"[154,202,983,291]",item_drop_agdisk_1,1
transfer/80.png,"[154,202,983,291]",item_drop_firebat_1,1
transfer/80.png,"[154,202,983,291]",item_drop_hscrane_1,2
transfer/80.png,"[154,202,983,291]",item_drop_hshog_1,1
transfer/80.png,"[154,202,983,291]",item_drop_hsmino_1,2
transfer/80.png,"[154,202,983,291]",item_drop_hstiger_1,1
transfer/80.png,"[154,202,983,291]",item_drop_hvybow_1,1
transfer/80.png,"[154,202,983,291]",item_drop_jzmonk_1,1
transfer/80.png,"[154,202,983,291]",item_drop_jzogre_1,1
transfer/80.png,"[154,202,983,291]",item_drop_lbroshan_1,1
transfer/80.png,"[154,202,983,291]",item_drop_lbshamman_1,1
transfer/80.png,"[154,202,983,291]",item_drop_lbtough_1,1
transfer/80.png,"[154,202,983,291]",item_drop_sandb_1,1
transfer/80.png,"[154,202,983,291]",item_drop_wgabyss_1,1
transfer/80.png,"[154,202,983,291]",item_drop_wgshoal_1,2
transfer/80.png,"[154,202,983,291]",item_drop_wgthorns_1,1
transfer/80.png,"[154,202,983,291]",item_equip_script_4_2,1
transfer/80.png,"[154,202,983,291]",item_hscrane_1_hsmob_1_grass_1_1,1
transfer/80.png,"[154,202,983,291]",item_plant_crylplant_1_1,1
transfer/80.png,"[154,202,983,291]",item_plant_crylplant_1_2,1
transfer/80.png,"[154,202,983,291]",item_plant_crylplant_1_3,1
transfer/80.png,"[154,202,983,291]",item_plant_crylplant_2_1,2
transfer/80.png,"[154,202,983,291]",item_plant_crylplant_2_2,1
transfer/80.png,"[154,202,983,291]",item_plant_mushroom_1_1,1
transfer/80.png,"[154,202,983,291]",item_plant_mushroom_1_2,1
transfer/80.png,"[154,202,983,291]",item_plant_mushroom_1_3,1
transfer/80.png,"[154,202,983,291]",item_plant_mushroom_2_1,2
transfer/80.png,"[154,202,983,291]",item_plant_mushroom_2_2,1
transfer/80.png,"[154,202,983,291]",item_plant_spcstone_1_1,1
transfer/80.png,"[154,202,983,291]",item_plant_spcstone_1_2,1
transfer/80.png,"[154,202,983,291]",item_plant_spcstone_1_3,1
transfer/80.png,"[154,202,983,291]",item_plant_spcstone_2_1,1
transfer/80.png,"[154,202,983,291]",item_plant_spcstone_2_2,2
transfer/80.png,"[154,202,983,291]",item_port_power_diffuser_1,1
transfer/80.png,"[154,202,983,291]",item_port_power_diffuser_2,1
transfer/80.png,"[154,202,983,291]",item_port_power_pole_2,1
transfer/80.png,"[154,202,983,291]",item_port_power_pole_3,1
transfer/80.png,"[154,202,983,291]",item_port_power_sta_1,1
transfer/80.png,"[154,202,983,291]",item_port_travel_pole_2,1
transfer/80.png,"[154,202,983,291]",item_proc_bomb_1,1
transfer/80.png,"[154,202,983,291]",item_spaceship_cmpt_1,1
transfer/80.png,"[154,202,983,291]",item_spaceship_cmpt_2,1
transfer/81.png,"[154,202,983,291]",item_bottled_rec_hp_5,1
transfer/81.png,"[154,202,983,291]",item_drop_hscrane_1,1
transfer/81.png,"[154,202,983,291]",item_drop_hsmino_1,1
transfer/81.png,"[154,202,983,291]",item_drop_hsmob_1,1
transfer/81.png,"[154,202,983,291]",item_drop_klbuds_1,1
transfer/81.png,"[154,202,983,291]",item_drop_klcreatures_1,1
transfer/81.png,"[154,202,983,291]",item_equip_script_4_2,1
transfer/81.png,"[154,202,983,291]",item_equip_script_4_3,1
transfer/81.png,"[154,202,983,291]",item_fbottle_iron_water,3
transfer/81.png,"[154,202,983,291]",item_iron_bottle,1
transfer/81.png,"[154,202,983,291]",item_port_battle_cannon_2,1
transfer/81.png,"[154,202,983,291]",item_port_battle_debuff_1,1
transfer/81.png,"[154,202,983,291]",item_port_battle_fog_1,1
transfer/81.png,"[154,202,983,291]",item_port_battle_jet_1,1
transfer/81.png,"[154,202,983,291]",item_port_battle_laser_1,1
transfer/81.png,"[154,202,983,291]",item_port_battle_laser_2,1
transfer/81.png,"[154,202,983,291]",item_port_battle_lightning_1,1
transfer/81.png,"[154,202,983,291]",item_port_battle_lightning_2,1
transfer/81.png,"[154,202,983,291]",item_port_battle_rocket_1,1
transfer/81.png,"[154,202,983,291]",item_port_battle_sniper_1,1
transfer/81.png,"[154,202,983,291]",item_port_battle_trap_1,1
transfer/81.png,"[154,202,983,291]",item_port_battle_turret_3,1
transfer/81.png,"[154,202,983,291]",item_port_carrier_1,1
transfer/81.png,"[154,202,983,291]",item_port_cmpt_mc_1,1
transfer/81.png,"[154,202,983,291]",item_port_filling_pd_mc_1,1
transfer/81.png,"[154,202,983,291]",item_port_furnance_1,1
transfer/81.png,"[154,202,983,291]",item_port_gas_pump_1,1
transfer/81.png,"[154,202,983,291]",item_port_grinder_1,1
transfer/81.png,"[154,202,983,291]",item_port_marker_1,1
transfer/81.png,"[154,202,983,291]",item_port_miner_2,1
transfer/81.png,"[154,202,983,291]",item_port_miner_3,1
transfer/81.png,"[154,202,983,291]",item_port_miner_4,1
transfer/81.png,"[154,202,983,291]",item_port_power_diffuser_1,1
transfer/81.png,"[154,202,983,291]",item_port_power_pole_2,1
transfer/81.png,"[154,202,983,291]",item_port_power_sta_1,1
transfer/81.png,"[154,202,983,291]",item_port_pump_1,1
transfer/81.png,"[154,202,983,291]",item_port_seedcol_1,1
transfer/81.png,"[154,202,983,291]",item_port_shaper_1,1
transfer/81.png,"[154,202,983,291]",item_port_storager_1,1
transfer/81.png,"[154,202,983,291]",item_port_tools_asm_mc_1,1
transfer/81.png,"[154,202,983,291]",item_port_travel_pole_1,1
transfer/81.png,"[154,202,983,291]",item_port_travel_pole_2,1
transfer/81.png,"[154,202,983,291]",item_port_winder_1,1
transfer/82.png,"[154,202,983,291]",item_bottled_grass2spc_2,1
transfer/82.png,"[154,202,983,291]",item_bottled_insec1_2,1
transfer/82.png,"[154,202,983,291]",item_drop_agdisk_1,1
transfer/82.png,"[154,202,983,291]",item_drop_firebat_1,1
transfer/82.png,"[154,202,983,291]",item_drop_hscrane_1,2
transfer/82.png,"[154,202,983,291]",item_drop_hshog_1,1
transfer/82.png,"[154,202,983,291]",item_drop_hsmino_1,2
transfer/82.png,"[154,202,983,291]",item_drop_hstiger_1,1
transfer/82.png,"[154,202,983,291]",item_drop_hvybow_1,1
transfer/82.png,"[154,202,983,291]",item_drop_jzmonk_1,1
transfer/82.png,"[154,202,983,291]",item_drop_jzogre_1,1
transfer/82.png,"[154,202,983,291]",item_drop_lbroshan_1,1
transfer/82.png,"[154,202,983,291]",item_drop_lbshamman_1,1
transfer/82.png,"[154,202,983,291]",item_drop_lbtough_1,1
transfer/82.png,"[154,202,983,291]",item_drop_sandb_1,1
transfer/82.png,"[154,202,983,291]",item_drop_wgabyss_1,1
transfer/82.png,"[154,202,983,291]",item_drop_wgshoal_1,2
transfer/82.png,"[154,202,983,291]",item_drop_wgthorns_1,1
transfer/82.png,"[154,202,983,291]",item_equip_script_4_2,1
transfer/82.png,"[154,202,983,291]",item_hscrane_1_hsmob_1_grass_1_1,1
transfer/82.png,"[154,202,983,291]",item_plant_crylplant_1_1,1
transfer/82.png,"[154,202,983,291]",item_plant_crylplant_1_2,1
transfer/82.png,"[154,202,983,291]",item_plant_crylplant_1_3,1
transfer/82.png,"[154,202,983,291]",item_plant_crylplant_2_1,2
transfer/82.png,"[154,202,983,291]",item_plant_crylplant_2_2,1
transfer/82.png,"[154,202,983,291]",item_plant_mushroom_1_1,1
transfer/82.png,"[154,202,983,291]",item_plant_mushroom_1_2,1
transfer/82.png,"[154,202,983,291]",item_plant_mushroom_1_3,1
transfer/82.png,"[154,202,983,291]",item_plant_mushroom_2_1,2
transfer/82.png,"[154,202,983,291]",item_plant_mushroom_2_2,1
transfer/82.png,"[154,202,983,291]",item_plant_spcstone_1_1,1
transfer/82.png,"[154,202,983,291]",item_plant_spcstone_1_2,1
transfer/82.png,"[154,202,983,291]",item_plant_spcstone_1_3,1
transfer/82.png,"[154,202,983,291]",item_plant_spcstone_2_1,1
transfer/82.png,"[154,202,983,291]",item_plant_spcstone_2_2,2
transfer/82.png,"[154,202,983,291]",item_port_power_diffuser_1,1
transfer/82.png,"[154,202,983,291]",item_port_power_diffuser_2,1
transfer/82.png,"[154,202,983,291]",item_port_power_pole_2,1
transfer/82.png,"[154,202,983,291]",item_port_power_pole_3,1
transfer/82.png,"[154,202,983,291]",item_port_power_sta_1,1
transfer/82.png,"[154,202,983,291]",item_port_travel_pole_2,1
transfer/82.png,"[154,202,983,291]",item_proc_bomb_1,1
transfer/82.png,"[154,202,983,291]",item_spaceship_cmpt_1,1
transfer/82.png,"[154,202,983,291]",item_spaceship_cmpt_2,1
transfer/83.png,"[154,202,983,291]",item_bottled_rec_hp_5,1
transfer/83.png,"[154,202,983,291]",item_drop_hscrane_1,1
transfer/83.png,"[154,202,983,291]",item_drop_hsmino_1,1
transfer/83.png,"[154,202,983,291]",item_drop_hsmob_1,1
transfer/83.png,"[154,202,983,291]",item_drop_klbuds_1,1
transfer/83.png,"[154,202,983,291]",item_drop_klcreatures_1,1
transfer/83.png,"[154,202,983,291]",item_equip_script_4_2,1
transfer/83.png,"[154,202,983,291]",item_equip_script_4_3,1
transfer/83.png,"[154,202,983,291]",item_fbottle_iron_water,3
transfer/83.png,"[154,202,983,291]",item_iron_bottle,1
transfer/83.png,"[154,202,983,291]",item_port_battle_cannon_1,1
transfer/83.png,"[154,202,983,291]",item_port_battle_cannon_2,1
transfer/83.png,"[154,202,983,291]",item_port_battle_debuff_1,1
transfer/83.png,"[154,202,983,291]",item_port_battle_fog_1,1
transfer/83.png,"[154,202,983,291]",item_port_battle_frost_1,1
transfer/83.png,"[154,202,983,291]",item_port_battle_jet_1,1
transfer/83.png,"[154,202,983,291]",item_port_battle_laser_1,1
transfer/83.png,"[154,202,983,291]",item_port_battle_laser_2,1
transfer/83.png,"[154,202,983,291]",item_port_battle_lightning_1,1
transfer/83.png,"[154,202,983,291]",item_port_battle_lightning_2,1
transfer/83.png,"[154,202,983,291]",item_port_battle_medic_1,1
transfer/83.png,"[154,202,983,291]",item_port_battle_rocket_1,1
transfer/83.png,"[154,202,983,291]",item_port_battle_shockwave_1,1
transfer/83.png,"[154,202,983,291]",item_port_battle_sniper_1,1
transfer/83.png,"[154,202,983,291]",item_port_battle_trap_1,1
transfer/83.png,"[154,202,983,291]",item_port_battle_turret_1,1
transfer/83.png,"[154,202,983,291]",item_port_battle_turret_2,1
transfer/83.png,"[154,202,983,291]",item_port_battle_turret_3,1
transfer/83.png,"[154,202,983,291]",item_port_miner_2,1
transfer/83.png,"[154,202,983,291]",item_port_miner_3,1
transfer/83.png,"[154,202,983,291]",item_port_miner_4,1
transfer/83.png,"[154,202,983,291]",item_port_pump_1,1
transfer/83.png,"[154,202,983,291]",item_port_soil_sp_3,1
transfer/83.png,"[154,202,983,291]",item_port_soil_sp_4,1
transfer/83.png,"[154,202,983,291]",item_port_travel_pole_2,1
transfer/84.png,"[154,202,983,291]",item_bottled_grass2spc_2,1
transfer/84.png,"[154,202,983,291]",item_bottled_insec1_2,1
transfer/84.png,"[154,202,983,291]",item_carbon_enr,1
transfer/84.png,"[154,202,983,291]",item_carbon_enr_powder,1
transfer/84.png,"[154,202,983,291]",item_carbon_powder,1
transfer/84.png,"[154,202,983,291]",item_copper_bottle,1
transfer/84.png,"[154,202,983,291]",item_copper_enr,1
transfer/84.png,"[154,202,983,291]",item_copper_powder,1
transfer/84.png,"[154,202,983,291]",item_crystal_enr,1
transfer/84.png,"[154,202,983,291]",item_crystal_enr_powder,1
transfer/84.png,"[154,202,983,291]",item_crystal_powder,1
transfer/84.png,"[154,202,983,291]",item_drop_hscrane_1,1
transfer/84.png,"[154,202,983,291]",item_drop_hsmino_1,1
transfer/84.png,"[154,202,983,291]",item_drop_wgshoal_1,1
transfer/84.png,"[154,202,983,291]",item_drop_wgthorns_1,1
transfer/84.png,"[154,202,983,291]",item_equip_script_4_2,1
transfer/84.png,"[154,202,983,291]",item_fbottle_copper_grass_2,1
transfer/84.png,"[154,202,983,291]",item_fbottle_copper_xiranite_enr,1
transfer/84.png,"[154,202,983,291]",item_fbottle_copper_xiranite_poly,1
transfer/84.png,"[154,202,983,291]",item_fbottle_iron_grass_1,1
transfer/84.png,"[154,202,983,291]",item_fbottle_iron_grass_2,1
transfer/84.png,"[154,202,983,291]",item_fbottle_iron_sewage,1
transfer/84.png,"[154,202,983,291]",item_fbottle_iron_water,1
transfer/84.png,"[154,202,983,291]",item_fbottle_iron_xiranite,1
transfer/84.png,"[154,202,983,291]",item_fbottle_iron_xiranite_enr,1
transfer/84.png,"[154,202,983,291]",item_fbottle_iron_xiranite_lowpoly,1
transfer/84.png,"[154,202,983,291]",item_fbottle_iron_xiranite_poly,1
transfer/84.png,"[154,202,983,291]",item_hscrane_1_hsmob_1_grass_1_1,1
transfer/84.png,"[154,202,983,291]",item_iron_bottle,1
transfer/84.png,"[154,202,983,291]",item_iron_enr,1
transfer/84.png,"[154,202,983,291]",item_iron_enr_powder,1
transfer/84.png,"[154,202,983,291]",item_iron_powder,1
transfer/84.png,"[154,202,983,291]",item_originium_enr_powder,1
transfer/84.png,"[154,202,983,291]",item_originium_powder,1
transfer/84.png,"[154,202,983,291]",item_plant_crylplant_2_1,1
transfer/84.png,"[154,202,983,291]",item_plant_moss_powder_3,1
transfer/84.png,"[154,202,983,291]",item_plant_mushroom_2_1,1
transfer/84.png,"[154,202,983,291]",item_plant_spcstone_2_2,1
transfer/84.png,"[154,202,983,291]",item_port_power_diffuser_1,1
transfer/84.png,"[154,202,983,291]",item_port_power_diffuser_2,1
transfer/84.png,"[154,202,983,291]",item_port_power_pole_2,1
transfer/84.png,"[154,202,983,291]",item_port_power_pole_3,1
transfer/84.png,"[154,202,983,291]",item_port_power_sta_1,1
transfer/84.png,"[154,202,983,291]",item_port_travel_pole_2,1
transfer/84.png,"[154,202,983,291]",item_proc_bomb_1,1
transfer/84.png,"[154,202,983,291]",item_spaceship_cmpt_1,1
transfer/84.png,"[154,202,983,291]",item_spaceship_cmpt_2,1
transfer/84.png,"[154,202,983,291]",item_xiranite_enr_powder,1
transfer/84.png,"[154,202,983,291]",item_xiranite_poly,1
transfer/84.png,"[154,202,983,291]",item_xiranite_powder,1
transfer/85.png,"[154,202,983,291]",item_bottled_rec_hp_5,1
transfer/85.png,"[154,202,983,291]",item_drop_hscrane_1,1
transfer/85.png,"[154,202,983,291]",item_drop_hsmino_1,1
transfer/85.png,"[154,202,983,291]",item_drop_hsmob_1,1
transfer/85.png,"[154,202,983,291]",item_drop_klbuds_1,1
transfer/85.png,"[154,202,983,291]",item_drop_klcreatures_1,1
transfer/85.png,"[154,202,983,291]",item_equip_script_4_2,1
transfer/85.png,"[154,202,983,291]",item_equip_script_4_3,1
transfer/85.png,"[154,202,983,291]",item_fbottle_iron_water,3
transfer/85.png,"[154,202,983,291]",item_iron_bottle,1
transfer/85.png,"[154,202,983,291]",item_port_battle_cannon_1,1
transfer/85.png,"[154,202,983,291]",item_port_battle_cannon_2,1
transfer/85.png,"[154,202,983,291]",item_port_battle_debuff_1,1
transfer/85.png,"[154,202,983,291]",item_port_battle_fog_1,1
transfer/85.png,"[154,202,983,291]",item_port_battle_frost_1,1
transfer/85.png,"[154,202,983,291]",item_port_battle_jet_1,1
transfer/85.png,"[154,202,983,291]",item_port_battle_laser_1,1
transfer/85.png,"[154,202,983,291]",item_port_battle_laser_2,1
transfer/85.png,"[154,202,983,291]",item_port_battle_lightning_1,1
transfer/85.png,"[154,202,983,291]",item_port_battle_lightning_2,1
transfer/85.png,"[154,202,983,291]",item_port_battle_medic_1,1
transfer/85.png,"[154,202,983,291]",item_port_battle_rocket_1,1
transfer/85.png,"[154,202,983,291]",item_port_battle_shockwave_1,1
transfer/85.png,"[154,202,983,291]",item_port_battle_sniper_1,1
transfer/85.png,"[154,202,983,291]",item_port_battle_trap_1,1
transfer/85.png,"[154,202,983,291]",item_port_battle_turret_1,1
transfer/85.png,"[154,202,983,291]",item_port_battle_turret_2,1
transfer/85.png,"[154,202,983,291]",item_port_battle_turret_3,1
transfer/85.png,"[154,202,983,291]",item_port_miner_2,1
transfer/85.png,"[154,202,983,291]",item_port_miner_3,1
transfer/85.png,"[154,202,983,291]",item_port_miner_4,1
transfer/85.png,"[154,202,983,291]",item_port_pump_1,1
transfer/85.png,"[154,202,983,291]",item_port_soil_grass_2,1
transfer/85.png,"[154,202,983,291]",item_port_soil_sp_3,1
transfer/85.png,"[154,202,983,291]",item_port_soil_sp_4,1
transfer/85.png,"[154,202,983,291]",item_port_travel_pole_2,1
transfer/86.png,"[154,202,983,291]",item_bottled_grass2spc_2,1
transfer/86.png,"[154,202,983,291]",item_bottled_insec1_2,1
transfer/86.png,"[154,202,983,291]",item_carbon_enr,1
transfer/86.png,"[154,202,983,291]",item_carbon_enr_powder,1
transfer/86.png,"[154,202,983,291]",item_carbon_powder,1
transfer/86.png,"[154,202,983,291]",item_copper_bottle,1
transfer/86.png,"[154,202,983,291]",item_copper_enr,1
transfer/86.png,"[154,202,983,291]",item_copper_powder,1
transfer/86.png,"[154,202,983,291]",item_crystal_enr,1
transfer/86.png,"[154,202,983,291]",item_crystal_enr_powder,1
transfer/86.png,"[154,202,983,291]",item_crystal_powder,1
transfer/86.png,"[154,202,983,291]",item_drop_hscrane_1,1
transfer/86.png,"[154,202,983,291]",item_drop_hsmino_1,1
transfer/86.png,"[154,202,983,291]",item_drop_wgshoal_1,1
transfer/86.png,"[154,202,983,291]",item_drop_wgthorns_1,1
transfer/86.png,"[154,202,983,291]",item_equip_script_4_2,1
transfer/86.png,"[154,202,983,291]",item_fbottle_copper_grass_2,1
transfer/86.png,"[154,202,983,291]",item_fbottle_copper_xiranite_enr,1
transfer/86.png,"[154,202,983,291]",item_fbottle_copper_xiranite_poly,1
transfer/86.png,"[154,202,983,291]",item_fbottle_iron_grass_1,1
transfer/86.png,"[154,202,983,291]",item_fbottle_iron_grass_2,1
transfer/86.png,"[154,202,983,291]",item_fbottle_iron_sewage,1
transfer/86.png,"[154,202,983,291]",item_fbottle_iron_water,1
transfer/86.png,"[154,202,983,291]",item_fbottle_iron_xiranite,1
transfer/86.png,"[154,202,983,291]",item_fbottle_iron_xiranite_enr,1
transfer/86.png,"[154,202,983,291]",item_fbottle_iron_xiranite_lowpoly,1
transfer/86.png,"[154,202,983,291]",item_fbottle_iron_xiranite_poly,1
transfer/86.png,"[154,202,983,291]",item_hscrane_1_hsmob_1_grass_1_1,1
transfer/86.png,"[154,202,983,291]",item_iron_bottle,1
transfer/86.png,"[154,202,983,291]",item_iron_enr,1
transfer/86.png,"[154,202,983,291]",item_iron_enr_powder,1
transfer/86.png,"[154,202,983,291]",item_iron_powder,1
transfer/86.png,"[154,202,983,291]",item_originium_enr_powder,1
transfer/86.png,"[154,202,983,291]",item_originium_powder,1
transfer/86.png,"[154,202,983,291]",item_plant_crylplant_2_1,1
transfer/86.png,"[154,202,983,291]",item_plant_moss_powder_3,1
transfer/86.png,"[154,202,983,291]",item_plant_mushroom_2_1,1
transfer/86.png,"[154,202,983,291]",item_plant_spcstone_2_2,1
transfer/86.png,"[154,202,983,291]",item_port_power_diffuser_1,1
transfer/86.png,"[154,202,983,291]",item_port_power_diffuser_2,1
transfer/86.png,"[154,202,983,291]",item_port_power_pole_2,1
transfer/86.png,"[154,202,983,291]",item_port_power_pole_3,1
transfer/86.png,"[154,202,983,291]",item_port_power_sta_1,1
transfer/86.png,"[154,202,983,291]",item_port_travel_pole_2,1
transfer/86.png,"[154,202,983,291]",item_proc_bomb_1,1
transfer/86.png,"[154,202,983,291]",item_spaceship_cmpt_1,1
transfer/86.png,"[154,202,983,291]",item_spaceship_cmpt_2,1
transfer/86.png,"[154,202,983,291]",item_xiranite_enr_powder,1
transfer/86.png,"[154,202,983,291]",item_xiranite_poly,1
transfer/86.png,"[154,202,983,291]",item_xiranite_powder,1
transfer/87.png,"[154,202,983,291]",item_bottled_grass2spc_2,1
transfer/87.png,"[154,202,983,291]",item_bottled_insec1_2,1
transfer/87.png,"[154,202,983,291]",item_bottled_rec_hp_5,1
transfer/87.png,"[154,202,983,291]",item_carbon_enr,1
transfer/87.png,"[154,202,983,291]",item_carbon_enr_powder,1
transfer/87.png,"[154,202,983,291]",item_carbon_mtl,1
transfer/87.png,"[154,202,983,291]",item_carbon_powder,1
transfer/87.png,"[154,202,983,291]",item_copper_cmpt,1
transfer/87.png,"[154,202,983,291]",item_copper_enr_cmpt,1
transfer/87.png,"[154,202,983,291]",item_copper_enr2_cmpt,1
transfer/87.png,"[154,202,983,291]",item_copper_nugget,1
transfer/87.png,"[154,202,983,291]",item_copper_powder,1
transfer/87.png,"[154,202,983,291]",item_crystal_enr,1
transfer/87.png,"[154,202,983,291]",item_crystal_enr_powder,1
transfer/87.png,"[154,202,983,291]",item_crystal_powder,1
transfer/87.png,"[154,202,983,291]",item_crystal_shell,1
transfer/87.png,"[154,202,983,291]",item_device_balloon_recycle_3,1
transfer/87.png,"[154,202,983,291]",item_device_xiranite_nexus_3,1
transfer/87.png,"[154,202,983,291]",item_drop_klbuds_1,1
transfer/87.png,"[154,202,983,291]",item_drop_klcreatures_1,1
transfer/87.png,"[154,202,983,291]",item_equip_script_4,1
transfer/87.png,"[154,202,983,291]",item_equip_script_4_1,1
transfer/87.png,"[154,202,983,291]",item_equip_script_4_2,2
transfer/87.png,"[154,202,983,291]",item_equip_script_4_3,2
transfer/87.png,"[154,202,983,291]",item_fbottle_iron_water,3
transfer/87.png,"[154,202,983,291]",item_glass_cmpt,1
transfer/87.png,"[154,202,983,291]",item_hscrane_1_hsmob_1_grass_1_1,1
transfer/87.png,"[154,202,983,291]",item_iron_bottle,1
transfer/87.png,"[154,202,983,291]",item_iron_cmpt,1
transfer/87.png,"[154,202,983,291]",item_iron_enr_cmpt,1
transfer/87.png,"[154,202,983,291]",item_iron_enr_powder,1
transfer/87.png,"[154,202,983,291]",item_iron_nugget,1
transfer/87.png,"[154,202,983,291]",item_iron_powder,1
transfer/87.png,"[154,202,983,291]",item_originium_enr_powder,1
transfer/87.png,"[154,202,983,291]",item_originium_powder,1
transfer/87.png,"[154,202,983,291]",item_plant_moss_powder_3,1
transfer/87.png,"[154,202,983,291]",item_port_power_diffuser_1,1
transfer/87.png,"[154,202,983,291]",item_port_power_diffuser_2,1
transfer/87.png,"[154,202,983,291]",item_port_power_pole_2,1
transfer/87.png,"[154,202,983,291]",item_port_power_pole_3,1
transfer/87.png,"[154,202,983,291]",item_port_travel_pole_2,1
transfer/87.png,"[154,202,983,291]",item_proc_battery_4,1
transfer/87.png,"[154,202,983,291]",item_proc_battery_5,1
transfer/87.png,"[154,202,983,291]",item_proc_bomb_1,1
transfer/87.png,"[154,202,983,291]",item_quartz_glass,1
transfer/88.png,"[154,202,983,291]",item_bottled_grass2spc_2,1
transfer/88.png,"[154,202,983,291]",item_bottled_insec1_2,1
transfer/88.png,"[154,202,983,291]",item_crystal_powder,1
transfer/88.png,"[154,202,983,291]",item_drop_hscrane_1,1
transfer/88.png,"[154,202,983,291]",item_drop_hsmino_1,1
transfer/88.png,"[154,202,983,291]",item_drop_wgshoal_1,1
transfer/88.png,"[154,202,983,291]",item_drop_wgthorns_1,1
transfer/88.png,"[154,202,983,291]",item_equip_script_4_2,1
transfer/88.png,"[154,202,983,291]",item_glass_bottle,1
transfer/88.png,"[154,202,983,291]",item_glass_enr_bottle,1
transfer/88.png,"[154,202,983,291]",item_hscrane_1_hsmob_1_grass_1_1,1
transfer/88.png,"[154,202,983,291]",item_iron_bottle,1
transfer/88.png,"[154,202,983,291]",item_iron_enr,1
transfer/88.png,"[154,202,983,291]",item_iron_enr_bottle,1
transfer/88.png,"[154,202,983,291]",item_iron_enr_powder,1
transfer/88.png,"[154,202,983,291]",item_iron_nugget,1
transfer/88.png,"[154,202,983,291]",item_iron_ore,1
transfer/88.png,"[154,202,983,291]",item_iron_powder,1
transfer/88.png,"[154,202,983,291]",item_originium_ore,1
transfer/88.png,"[154,202,983,291]",item_plant_bbflower_1,1
transfer/88.png,"[154,202,983,291]",item_plant_bbflower_powder_1,1
transfer/88.png,"[154,202,983,291]",item_plant_bbflower_seed_1,1
transfer/88.png,"[154,202,983,291]",item_plant_crylplant_2_1,1
transfer/88.png,"[154,202,983,291]",item_plant_moss_1,1
transfer/88.png,"[154,202,983,291]",item_plant_moss_2,1
transfer/88.png,"[154,202,983,291]",item_plant_moss_3,1
transfer/88.png,"[154,202,983,291]",item_plant_moss_powder_3,1
transfer/88.png,"[154,202,983,291]",item_plant_moss_seed_1,1
transfer/88.png,"[154,202,983,291]",item_plant_moss_seed_2,1
transfer/88.png,"[154,202,983,291]",item_plant_moss_seed_3,1
transfer/88.png,"[154,202,983,291]",item_plant_moss_spc_1,1
transfer/88.png,"[154,202,983,291]",item_plant_moss_spc_2,1
transfer/88.png,"[154,202,983,291]",item_plant_mushroom_2_1,1
transfer/88.png,"[154,202,983,291]",item_plant_spcstone_2_2,1
transfer/88.png,"[154,202,983,291]",item_port_power_diffuser_1,1
transfer/88.png,"[154,202,983,291]",item_port_power_diffuser_2,1
transfer/88.png,"[154,202,983,291]",item_port_power_pole_2,1
transfer/88.png,"[154,202,983,291]",item_port_power_pole_3,1
transfer/88.png,"[154,202,983,291]",item_port_power_sta_1,1
transfer/88.png,"[154,202,983,291]",item_port_travel_pole_2,1
transfer/88.png,"[154,202,983,291]",item_proc_bomb_1,1
transfer/88.png,"[154,202,983,291]",item_quartz_enr,1
transfer/88.png,"[154,202,983,291]",item_quartz_enr_powder,1
transfer/88.png,"[154,202,983,291]",item_quartz_glass,1
transfer/88.png,"[154,202,983,291]",item_quartz_powder,1
transfer/88.png,"[154,202,983,291]",item_quartz_sand,1
transfer/88.png,"[154,202,983,291]",item_spaceship_cmpt_1,1
transfer/88.png,"[154,202,983,291]",item_spaceship_cmpt_2,1
transfer/88.png,"[154,202,983,291]",item_xiranite_enr_powder,1
transfer/88.png,"[154,202,983,291]",item_xiranite_powder,1
transfer/89.png,"[154,202,983,291]",item_bottled_grass2spc_2,1
transfer/89.png,"[154,202,983,291]",item_bottled_insec1_2,1
transfer/89.png,"[154,202,983,291]",item_bottled_rec_hp_5,1
transfer/89.png,"[154,202,983,291]",item_carbon_enr,1
transfer/89.png,"[154,202,983,291]",item_carbon_enr_powder,1
transfer/89.png,"[154,202,983,291]",item_carbon_mtl,1
transfer/89.png,"[154,202,983,291]",item_carbon_powder,1
transfer/89.png,"[154,202,983,291]",item_copper_cmpt,1
transfer/89.png,"[154,202,983,291]",item_copper_enr_cmpt,1
transfer/89.png,"[154,202,983,291]",item_copper_enr2_cmpt,1
transfer/89.png,"[154,202,983,291]",item_copper_nugget,1
transfer/89.png,"[154,202,983,291]",item_copper_powder,1
transfer/89.png,"[154,202,983,291]",item_crystal_enr,1
transfer/89.png,"[154,202,983,291]",item_crystal_enr_powder,1
transfer/89.png,"[154,202,983,291]",item_crystal_powder,1
transfer/89.png,"[154,202,983,291]",item_crystal_shell,1
transfer/89.png,"[154,202,983,291]",item_device_balloon_recycle_3,1
transfer/89.png,"[154,202,983,291]",item_device_xiranite_nexus_3,1
transfer/89.png,"[154,202,983,291]",item_drop_klbuds_1,1
transfer/89.png,"[154,202,983,291]",item_drop_klcreatures_1,1
transfer/89.png,"[154,202,983,291]",item_equip_script_4,1
transfer/89.png,"[154,202,983,291]",item_equip_script_4_1,1
transfer/89.png,"[154,202,983,291]",item_equip_script_4_2,2
transfer/89.png,"[154,202,983,291]",item_equip_script_4_3,2
transfer/89.png,"[154,202,983,291]",item_fbottle_iron_water,3
transfer/89.png,"[154,202,983,291]",item_glass_cmpt,1
transfer/89.png,"[154,202,983,291]",item_hscrane_1_hsmob_1_grass_1_1,1
transfer/89.png,"[154,202,983,291]",item_iron_bottle,1
transfer/89.png,"[154,202,983,291]",item_iron_cmpt,1
transfer/89.png,"[154,202,983,291]",item_iron_enr_cmpt,1
transfer/89.png,"[154,202,983,291]",item_iron_enr_powder,1
transfer/89.png,"[154,202,983,291]",item_iron_nugget,1
transfer/89.png,"[154,202,983,291]",item_iron_powder,1
transfer/89.png,"[154,202,983,291]",item_originium_enr_powder,1
transfer/89.png,"[154,202,983,291]",item_originium_powder,1
transfer/89.png,"[154,202,983,291]",item_plant_moss_powder_3,1
transfer/89.png,"[154,202,983,291]",item_port_power_diffuser_1,1
transfer/89.png,"[154,202,983,291]",item_port_power_diffuser_2,1
transfer/89.png,"[154,202,983,291]",item_port_power_pole_2,1
transfer/89.png,"[154,202,983,291]",item_port_power_pole_3,1
transfer/89.png,"[154,202,983,291]",item_port_travel_pole_2,1
transfer/89.png,"[154,202,983,291]",item_proc_battery_4,1
transfer/89.png,"[154,202,983,291]",item_proc_battery_5,1
transfer/89.png,"[154,202,983,291]",item_proc_bomb_1,1
transfer/89.png,"[154,202,983,291]",item_quartz_glass,1
transfer/9.png,"[154,202,983,291]",item_bottled_rec_hp_5,1
transfer/9.png,"[154,202,983,291]",item_drop_agdisk_1,1
transfer/9.png,"[154,202,983,291]",item_drop_ethillu_1,1
transfer/9.png,"[154,202,983,291]",item_drop_firebat_1,1
transfer/9.png,"[154,202,983,291]",item_drop_hscrane_1,2
transfer/9.png,"[154,202,983,291]",item_drop_hshog_1,1
transfer/9.png,"[154,202,983,291]",item_drop_hsmino_1,2
transfer/9.png,"[154,202,983,291]",item_drop_hsmob_1,1
transfer/9.png,"[154,202,983,291]",item_drop_hstiger_1,1
transfer/9.png,"[154,202,983,291]",item_drop_hvybow_1,1
transfer/9.png,"[154,202,983,291]",item_drop_jzmonk_1,1
transfer/9.png,"[154,202,983,291]",item_drop_jzogre_1,1
transfer/9.png,"[154,202,983,291]",item_drop_klbuds_1,2
transfer/9.png,"[154,202,983,291]",item_drop_klcaps_1,1
transfer/9.png,"[154,202,983,291]",item_drop_klcreatures_1,2
transfer/9.png,"[154,202,983,291]",item_drop_lbroshan_1,1
transfer/9.png,"[154,202,983,291]",item_drop_lbshamman_1,1
transfer/9.png,"[154,202,983,291]",item_drop_lbtough_1,1
transfer/9.png,"[154,202,983,291]",item_drop_mimicw_1,1
transfer/9.png,"[154,202,983,291]",item_drop_sandb_1,1
transfer/9.png,"[154,202,983,291]",item_drop_wgabyss_1,1
transfer/9.png,"[154,202,983,291]",item_drop_wgshoal_1,1
transfer/9.png,"[154,202,983,291]",item_equip_script_4_2,1
transfer/9.png,"[154,202,983,291]",item_equip_script_4_3,1
transfer/9.png,"[154,202,983,291]",item_fbottle_iron_water,3
transfer/9.png,"[154,202,983,291]",item_iron_bottle,1
transfer/9.png,"[154,202,983,291]",item_plant_crylplant_1_1,1
transfer/9.png,"[154,202,983,291]",item_plant_crylplant_1_2,1
transfer/9.png,"[154,202,983,291]",item_plant_crylplant_1_3,1
transfer/9.png,"[154,202,983,291]",item_plant_crylplant_2_1,1
transfer/9.png,"[154,202,983,291]",item_plant_mushroom_1_1,1
transfer/9.png,"[154,202,983,291]",item_plant_mushroom_1_2,1
transfer/9.png,"[154,202,983,291]",item_plant_mushroom_1_3,1
transfer/9.png,"[154,202,983,291]",item_plant_mushroom_2_1,1
transfer/9.png,"[154,202,983,291]",item_plant_mushroom_2_2,1
transfer/9.png,"[154,202,983,291]",item_plant_mushroom_2_3,1
transfer/9.png,"[154,202,983,291]",item_port_power_diffuser_1,1
transfer/9.png,"[154,202,983,291]",item_port_power_diffuser_2,1
transfer/9.png,"[154,202,983,291]",item_port_power_pole_2,1
transfer/9.png,"[154,202,983,291]",item_port_power_pole_3,1
transfer/9.png,"[154,202,983,291]",item_port_travel_pole_2,1
transfer/9.png,"[154,202,983,291]",item_proc_bomb_1,1
transfer/9.png,"[154,202,983,291]",item_spaceship_cmpt_1,1
transfer/9.png,"[154,202,983,291]",item_spaceship_cmpt_2,1
transfer/90.png,"[154,202,983,291]",item_bottled_grass2spc_2,1
transfer/90.png,"[154,202,983,291]",item_bottled_insec1_2,1
transfer/90.png,"[154,202,983,291]",item_crystal_powder,1
transfer/90.png,"[154,202,983,291]",item_drop_hscrane_1,1
transfer/90.png,"[154,202,983,291]",item_drop_hsmino_1,1
transfer/90.png,"[154,202,983,291]",item_drop_wgshoal_1,1
transfer/90.png,"[154,202,983,291]",item_drop_wgthorns_1,1
transfer/90.png,"[154,202,983,291]",item_equip_script_4_2,1
transfer/90.png,"[154,202,983,291]",item_glass_bottle,1
transfer/90.png,"[154,202,983,291]",item_glass_enr_bottle,1
transfer/90.png,"[154,202,983,291]",item_hscrane_1_hsmob_1_grass_1_1,1
transfer/90.png,"[154,202,983,291]",item_iron_bottle,1
transfer/90.png,"[154,202,983,291]",item_iron_enr,1
transfer/90.png,"[154,202,983,291]",item_iron_enr_bottle,1
transfer/90.png,"[154,202,983,291]",item_iron_enr_powder,1
transfer/90.png,"[154,202,983,291]",item_iron_nugget,1
transfer/90.png,"[154,202,983,291]",item_iron_ore,1
transfer/90.png,"[154,202,983,291]",item_iron_powder,1
transfer/90.png,"[154,202,983,291]",item_originium_ore,1
transfer/90.png,"[154,202,983,291]",item_plant_bbflower_1,1
transfer/90.png,"[154,202,983,291]",item_plant_bbflower_powder_1,1
transfer/90.png,"[154,202,983,291]",item_plant_bbflower_seed_1,1
transfer/90.png,"[154,202,983,291]",item_plant_crylplant_2_1,1
transfer/90.png,"[154,202,983,291]",item_plant_moss_1,1
transfer/90.png,"[154,202,983,291]",item_plant_moss_2,1
transfer/90.png,"[154,202,983,291]",item_plant_moss_3,1
transfer/90.png,"[154,202,983,291]",item_plant_moss_powder_3,1
transfer/90.png,"[154,202,983,291]",item_plant_moss_seed_1,1
transfer/90.png,"[154,202,983,291]",item_plant_moss_seed_2,1
transfer/90.png,"[154,202,983,291]",item_plant_moss_seed_3,1
transfer/90.png,"[154,202,983,291]",item_plant_moss_spc_1,1
transfer/90.png,"[154,202,983,291]",item_plant_moss_spc_2,1
transfer/90.png,"[154,202,983,291]",item_plant_mushroom_2_1,1
transfer/90.png,"[154,202,983,291]",item_plant_spcstone_2_2,1
transfer/90.png,"[154,202,983,291]",item_port_power_diffuser_1,1
transfer/90.png,"[154,202,983,291]",item_port_power_diffuser_2,1
transfer/90.png,"[154,202,983,291]",item_port_power_pole_2,1
transfer/90.png,"[154,202,983,291]",item_port_power_pole_3,1
transfer/90.png,"[154,202,983,291]",item_port_power_sta_1,1
transfer/90.png,"[154,202,983,291]",item_port_travel_pole_2,1
transfer/90.png,"[154,202,983,291]",item_proc_bomb_1,1
transfer/90.png,"[154,202,983,291]",item_quartz_enr,1
transfer/90.png,"[154,202,983,291]",item_quartz_enr_powder,1
transfer/90.png,"[154,202,983,291]",item_quartz_glass,1
transfer/90.png,"[154,202,983,291]",item_quartz_powder,1
transfer/90.png,"[154,202,983,291]",item_quartz_sand,1
transfer/90.png,"[154,202,983,291]",item_spaceship_cmpt_1,1
transfer/90.png,"[154,202,983,291]",item_spaceship_cmpt_2,1
transfer/90.png,"[154,202,983,291]",item_xiranite_enr_powder,1
transfer/90.png,"[154,202,983,291]",item_xiranite_powder,1
transfer/91.png,"[154,202,983,291]",item_bottled_grass2spc_2,1
transfer/91.png,"[154,202,983,291]",item_bottled_insec1_2,1
transfer/91.png,"[154,202,983,291]",item_bottled_rec_hp_5,1
transfer/91.png,"[154,202,983,291]",item_carbon_enr,1
transfer/91.png,"[154,202,983,291]",item_carbon_enr_powder,1
transfer/91.png,"[154,202,983,291]",item_copper_bottle,1
transfer/91.png,"[154,202,983,291]",item_copper_enr,1
transfer/91.png,"[154,202,983,291]",item_copper_enr2,1
transfer/91.png,"[154,202,983,291]",item_copper_jar,1
transfer/91.png,"[154,202,983,291]",item_copper_powder,1
transfer/91.png,"[154,202,983,291]",item_crystal_enr,1
transfer/91.png,"[154,202,983,291]",item_crystal_enr_powder,1
transfer/91.png,"[154,202,983,291]",item_device_balloon_recycle_3,1
transfer/91.png,"[154,202,983,291]",item_device_xiranite_nexus_3,1
transfer/91.png,"[154,202,983,291]",item_drop_klbuds_1,1
transfer/91.png,"[154,202,983,291]",item_drop_klcreatures_1,1
transfer/91.png,"[154,202,983,291]",item_equip_script_4_2,1
transfer/91.png,"[154,202,983,291]",item_equip_script_4_3,1
transfer/91.png,"[154,202,983,291]",item_fbottle_copper_grass_2,1
transfer/91.png,"[154,202,983,291]",item_fbottle_copper_xiranite_enr,1
transfer/91.png,"[154,202,983,291]",item_fbottle_iron_grass_1,1
transfer/91.png,"[154,202,983,291]",item_fbottle_iron_grass_2,1
transfer/91.png,"[154,202,983,291]",item_fbottle_iron_sewage,1
transfer/91.png,"[154,202,983,291]",item_fbottle_iron_water,4
transfer/91.png,"[154,202,983,291]",item_fbottle_iron_xiranite,1
transfer/91.png,"[154,202,983,291]",item_fbottle_iron_xiranite_enr,1
transfer/91.png,"[154,202,983,291]",item_fbottle_iron_xiranite_lowpoly,1
transfer/91.png,"[154,202,983,291]",item_fbottle_iron_xiranite_poly,1
transfer/91.png,"[154,202,983,291]",item_filter_core,1
transfer/91.png,"[154,202,983,291]",item_gasjar_copper_gas_copper_enr,1
transfer/91.png,"[154,202,983,291]",item_gasjar_copper_gas_xiranite,1
transfer/91.png,"[154,202,983,291]",item_hscrane_1_hsmob_1_grass_1_1,1
transfer/91.png,"[154,202,983,291]",item_iron_bottle,2
transfer/91.png,"[154,202,983,291]",item_iron_enr,1
transfer/91.png,"[154,202,983,291]",item_iron_enr_powder,1
transfer/91.png,"[154,202,983,291]",item_originium_enr_powder,1
transfer/91.png,"[154,202,983,291]",item_plant_moss_powder_3,1
transfer/91.png,"[154,202,983,291]",item_port_power_diffuser_1,1
transfer/91.png,"[154,202,983,291]",item_port_power_diffuser_2,1
transfer/91.png,"[154,202,983,291]",item_port_power_pole_2,1
transfer/91.png,"[154,202,983,291]",item_port_power_pole_3,1
transfer/91.png,"[154,202,983,291]",item_port_travel_pole_2,1
transfer/91.png,"[154,202,983,291]",item_proc_bomb_1,1
transfer/91.png,"[154,202,983,291]",item_spaceship_cmpt_1,1
transfer/91.png,"[154,202,983,291]",item_spaceship_cmpt_2,1
transfer/91.png,"[154,202,983,291]",item_xiranite_enr_powder,1
transfer/91.png,"[154,202,983,291]",item_xiranite_poly,1
transfer/91.png,"[154,202,983,291]",item_xiranite_powder,1
transfer/92.png,"[154,202,983,291]",item_bottled_grass2spc_2,1
transfer/92.png,"[154,202,983,291]",item_bottled_insec1_2,1
transfer/92.png,"[154,202,983,291]",item_copper_enr_cmpt,1
transfer/92.png,"[154,202,983,291]",item_crystal_powder,1
transfer/92.png,"[154,202,983,291]",item_drop_hscrane_1,1
transfer/92.png,"[154,202,983,291]",item_drop_hsmino_1,1
transfer/92.png,"[154,202,983,291]",item_drop_wgshoal_1,1
transfer/92.png,"[154,202,983,291]",item_drop_wgthorns_1,1
transfer/92.png,"[154,202,983,291]",item_equip_script_3,1
transfer/92.png,"[154,202,983,291]",item_equip_script_4_2,1
transfer/92.png,"[154,202,983,291]",item_glass_bottle,1
transfer/92.png,"[154,202,983,291]",item_glass_cmpt,1
transfer/92.png,"[154,202,983,291]",item_glass_enr_bottle,1
transfer/92.png,"[154,202,983,291]",item_glass_enr_cmpt,1
transfer/92.png,"[154,202,983,291]",item_hscrane_1_hsmob_1_grass_1_1,1
transfer/92.png,"[154,202,983,291]",item_iron_bottle,1
transfer/92.png,"[154,202,983,291]",item_iron_cmpt,1
transfer/92.png,"[154,202,983,291]",item_iron_enr,1
transfer/92.png,"[154,202,983,291]",item_iron_enr_bottle,1
transfer/92.png,"[154,202,983,291]",item_iron_enr_cmpt,1
transfer/92.png,"[154,202,983,291]",item_iron_enr_powder,1
transfer/92.png,"[154,202,983,291]",item_iron_nugget,1
transfer/92.png,"[154,202,983,291]",item_iron_powder,1
transfer/92.png,"[154,202,983,291]",item_plant_bbflower_powder_1,1
transfer/92.png,"[154,202,983,291]",item_plant_crylplant_2_1,1
transfer/92.png,"[154,202,983,291]",item_plant_moss_powder_3,1
transfer/92.png,"[154,202,983,291]",item_plant_mushroom_2_1,1
transfer/92.png,"[154,202,983,291]",item_plant_spcstone_2_2,1
transfer/92.png,"[154,202,983,291]",item_port_power_diffuser_1,1
transfer/92.png,"[154,202,983,291]",item_port_power_diffuser_2,1
transfer/92.png,"[154,202,983,291]",item_port_power_pole_2,1
transfer/92.png,"[154,202,983,291]",item_port_power_pole_3,1
transfer/92.png,"[154,202,983,291]",item_port_power_sta_1,1
transfer/92.png,"[154,202,983,291]",item_port_travel_pole_2,1
transfer/92.png,"[154,202,983,291]",item_proc_battery_3,1
transfer/92.png,"[154,202,983,291]",item_proc_battery_4,1
transfer/92.png,"[154,202,983,291]",item_proc_battery_5,1
transfer/92.png,"[154,202,983,291]",item_proc_bomb_1,1
transfer/92.png,"[154,202,983,291]",item_quartz_enr,1
transfer/92.png,"[154,202,983,291]",item_quartz_enr_powder,1
transfer/92.png,"[154,202,983,291]",item_quartz_glass,1
transfer/92.png,"[154,202,983,291]",item_quartz_powder,1
transfer/92.png,"[154,202,983,291]",item_spaceship_cmpt_1,1
transfer/92.png,"[154,202,983,291]",item_spaceship_cmpt_2,1
transfer/92.png,"[154,202,983,291]",item_xiranite_enr_powder,1
transfer/92.png,"[154,202,983,291]",item_xiranite_powder,1
transfer/93.png,"[154,202,983,291]",item_bottled_grass2spc_2,1
transfer/93.png,"[154,202,983,291]",item_bottled_insec1_2,1
transfer/93.png,"[154,202,983,291]",item_bottled_rec_hp_5,1
transfer/93.png,"[154,202,983,291]",item_carbon_enr,1
transfer/93.png,"[154,202,983,291]",item_carbon_enr_powder,1
transfer/93.png,"[154,202,983,291]",item_copper_bottle,1
transfer/93.png,"[154,202,983,291]",item_copper_enr,1
transfer/93.png,"[154,202,983,291]",item_copper_enr2,1
transfer/93.png,"[154,202,983,291]",item_copper_jar,1
transfer/93.png,"[154,202,983,291]",item_copper_powder,1
transfer/93.png,"[154,202,983,291]",item_crystal_enr,1
transfer/93.png,"[154,202,983,291]",item_crystal_enr_powder,1
transfer/93.png,"[154,202,983,291]",item_device_balloon_recycle_3,1
transfer/93.png,"[154,202,983,291]",item_device_xiranite_nexus_3,1
transfer/93.png,"[154,202,983,291]",item_drop_klbuds_1,1
transfer/93.png,"[154,202,983,291]",item_drop_klcreatures_1,1
transfer/93.png,"[154,202,983,291]",item_equip_script_4_2,1
transfer/93.png,"[154,202,983,291]",item_equip_script_4_3,1
transfer/93.png,"[154,202,983,291]",item_fbottle_copper_grass_2,1
transfer/93.png,"[154,202,983,291]",item_fbottle_copper_xiranite_enr,1
transfer/93.png,"[154,202,983,291]",item_fbottle_iron_grass_1,1
transfer/93.png,"[154,202,983,291]",item_fbottle_iron_grass_2,1
transfer/93.png,"[154,202,983,291]",item_fbottle_iron_sewage,1
transfer/93.png,"[154,202,983,291]",item_fbottle_iron_water,4
transfer/93.png,"[154,202,983,291]",item_fbottle_iron_xiranite,1
transfer/93.png,"[154,202,983,291]",item_fbottle_iron_xiranite_enr,1
transfer/93.png,"[154,202,983,291]",item_fbottle_iron_xiranite_lowpoly,1
transfer/93.png,"[154,202,983,291]",item_fbottle_iron_xiranite_poly,1
transfer/93.png,"[154,202,983,291]",item_filter_core,1
transfer/93.png,"[154,202,983,291]",item_gasjar_copper_gas_copper_enr,1
transfer/93.png,"[154,202,983,291]",item_gasjar_copper_gas_xiranite,1
transfer/93.png,"[154,202,983,291]",item_hscrane_1_hsmob_1_grass_1_1,1
transfer/93.png,"[154,202,983,291]",item_iron_bottle,2
transfer/93.png,"[154,202,983,291]",item_iron_enr,1
transfer/93.png,"[154,202,983,291]",item_iron_enr_powder,1
transfer/93.png,"[154,202,983,291]",item_originium_enr_powder,1
transfer/93.png,"[154,202,983,291]",item_plant_moss_powder_3,1
transfer/93.png,"[154,202,983,291]",item_port_power_diffuser_1,1
transfer/93.png,"[154,202,983,291]",item_port_power_diffuser_2,1
transfer/93.png,"[154,202,983,291]",item_port_power_pole_2,1
transfer/93.png,"[154,202,983,291]",item_port_power_pole_3,1
transfer/93.png,"[154,202,983,291]",item_port_travel_pole_2,1
transfer/93.png,"[154,202,983,291]",item_proc_bomb_1,1
transfer/93.png,"[154,202,983,291]",item_spaceship_cmpt_1,1
transfer/93.png,"[154,202,983,291]",item_spaceship_cmpt_2,1
transfer/93.png,"[154,202,983,291]",item_xiranite_enr_powder,1
transfer/93.png,"[154,202,983,291]",item_xiranite_poly,1
transfer/93.png,"[154,202,983,291]",item_xiranite_powder,1
transfer/94.png,"[154,202,983,291]",item_bottled_grass2spc_2,1
transfer/94.png,"[154,202,983,291]",item_bottled_insec1_2,1
transfer/94.png,"[154,202,983,291]",item_copper_enr_cmpt,1
transfer/94.png,"[154,202,983,291]",item_crystal_powder,1
transfer/94.png,"[154,202,983,291]",item_drop_hscrane_1,1
transfer/94.png,"[154,202,983,291]",item_drop_hsmino_1,1
transfer/94.png,"[154,202,983,291]",item_drop_wgshoal_1,1
transfer/94.png,"[154,202,983,291]",item_drop_wgthorns_1,1
transfer/94.png,"[154,202,983,291]",item_equip_script_3,1
transfer/94.png,"[154,202,983,291]",item_equip_script_4_2,1
transfer/94.png,"[154,202,983,291]",item_glass_bottle,1
transfer/94.png,"[154,202,983,291]",item_glass_cmpt,1
transfer/94.png,"[154,202,983,291]",item_glass_enr_bottle,1
transfer/94.png,"[154,202,983,291]",item_glass_enr_cmpt,1
transfer/94.png,"[154,202,983,291]",item_hscrane_1_hsmob_1_grass_1_1,1
transfer/94.png,"[154,202,983,291]",item_iron_bottle,1
transfer/94.png,"[154,202,983,291]",item_iron_cmpt,1
transfer/94.png,"[154,202,983,291]",item_iron_enr,1
transfer/94.png,"[154,202,983,291]",item_iron_enr_bottle,1
transfer/94.png,"[154,202,983,291]",item_iron_enr_cmpt,1
transfer/94.png,"[154,202,983,291]",item_iron_enr_powder,1
transfer/94.png,"[154,202,983,291]",item_iron_nugget,1
transfer/94.png,"[154,202,983,291]",item_iron_powder,1
transfer/94.png,"[154,202,983,291]",item_plant_bbflower_powder_1,1
transfer/94.png,"[154,202,983,291]",item_plant_crylplant_2_1,1
transfer/94.png,"[154,202,983,291]",item_plant_moss_powder_3,1
transfer/94.png,"[154,202,983,291]",item_plant_mushroom_2_1,1
transfer/94.png,"[154,202,983,291]",item_plant_spcstone_2_2,1
transfer/94.png,"[154,202,983,291]",item_port_power_diffuser_1,1
transfer/94.png,"[154,202,983,291]",item_port_power_diffuser_2,1
transfer/94.png,"[154,202,983,291]",item_port_power_pole_2,1
transfer/94.png,"[154,202,983,291]",item_port_power_pole_3,1
transfer/94.png,"[154,202,983,291]",item_port_power_sta_1,1
transfer/94.png,"[154,202,983,291]",item_port_travel_pole_2,1
transfer/94.png,"[154,202,983,291]",item_proc_battery_3,1
transfer/94.png,"[154,202,983,291]",item_proc_battery_4,1
transfer/94.png,"[154,202,983,291]",item_proc_battery_5,1
transfer/94.png,"[154,202,983,291]",item_proc_bomb_1,1
transfer/94.png,"[154,202,983,291]",item_quartz_enr,1
transfer/94.png,"[154,202,983,291]",item_quartz_enr_powder,1
transfer/94.png,"[154,202,983,291]",item_quartz_glass,1
transfer/94.png,"[154,202,983,291]",item_quartz_powder,1
transfer/94.png,"[154,202,983,291]",item_spaceship_cmpt_1,1
transfer/94.png,"[154,202,983,291]",item_spaceship_cmpt_2,1
transfer/94.png,"[154,202,983,291]",item_xiranite_enr_powder,1
transfer/94.png,"[154,202,983,291]",item_xiranite_powder,1
transfer/95.png,"[154,202,983,291]",item_bottled_grass2spc_2,1
transfer/95.png,"[154,202,983,291]",item_bottled_insec1_2,1
transfer/95.png,"[154,202,983,291]",item_bottled_rec_hp_5,1
transfer/95.png,"[154,202,983,291]",item_carbon_enr,1
transfer/95.png,"[154,202,983,291]",item_carbon_enr_powder,1
transfer/95.png,"[154,202,983,291]",item_copper_bottle,1
transfer/95.png,"[154,202,983,291]",item_copper_enr,1
transfer/95.png,"[154,202,983,291]",item_copper_enr2,1
transfer/95.png,"[154,202,983,291]",item_copper_jar,1
transfer/95.png,"[154,202,983,291]",item_copper_powder,1
transfer/95.png,"[154,202,983,291]",item_crystal_enr,1
transfer/95.png,"[154,202,983,291]",item_crystal_enr_powder,1
transfer/95.png,"[154,202,983,291]",item_device_balloon_recycle_3,1
transfer/95.png,"[154,202,983,291]",item_device_xiranite_nexus_3,1
transfer/95.png,"[154,202,983,291]",item_drop_klbuds_1,1
transfer/95.png,"[154,202,983,291]",item_drop_klcreatures_1,1
transfer/95.png,"[154,202,983,291]",item_equip_script_4_2,1
transfer/95.png,"[154,202,983,291]",item_equip_script_4_3,1
transfer/95.png,"[154,202,983,291]",item_fbottle_copper_grass_2,1
transfer/95.png,"[154,202,983,291]",item_fbottle_copper_xiranite_enr,1
transfer/95.png,"[154,202,983,291]",item_fbottle_iron_grass_1,1
transfer/95.png,"[154,202,983,291]",item_fbottle_iron_grass_2,1
transfer/95.png,"[154,202,983,291]",item_fbottle_iron_sewage,1
transfer/95.png,"[154,202,983,291]",item_fbottle_iron_water,4
transfer/95.png,"[154,202,983,291]",item_fbottle_iron_xiranite,1
transfer/95.png,"[154,202,983,291]",item_fbottle_iron_xiranite_enr,1
transfer/95.png,"[154,202,983,291]",item_fbottle_iron_xiranite_lowpoly,1
transfer/95.png,"[154,202,983,291]",item_fbottle_iron_xiranite_poly,1
transfer/95.png,"[154,202,983,291]",item_filter_core,1
transfer/95.png,"[154,202,983,291]",item_gasjar_copper_gas_copper_enr,1
transfer/95.png,"[154,202,983,291]",item_gasjar_copper_gas_xiranite,1
transfer/95.png,"[154,202,983,291]",item_hscrane_1_hsmob_1_grass_1_1,1
transfer/95.png,"[154,202,983,291]",item_iron_bottle,2
transfer/95.png,"[154,202,983,291]",item_iron_enr,1
transfer/95.png,"[154,202,983,291]",item_iron_enr_powder,1
transfer/95.png,"[154,202,983,291]",item_originium_enr_powder,1
transfer/95.png,"[154,202,983,291]",item_plant_moss_powder_3,1
transfer/95.png,"[154,202,983,291]",item_port_power_diffuser_1,1
transfer/95.png,"[154,202,983,291]",item_port_power_diffuser_2,1
transfer/95.png,"[154,202,983,291]",item_port_power_pole_2,1
transfer/95.png,"[154,202,983,291]",item_port_power_pole_3,1
transfer/95.png,"[154,202,983,291]",item_port_travel_pole_2,1
transfer/95.png,"[154,202,983,291]",item_proc_bomb_1,1
transfer/95.png,"[154,202,983,291]",item_spaceship_cmpt_1,1
transfer/95.png,"[154,202,983,291]",item_spaceship_cmpt_2,1
transfer/95.png,"[154,202,983,291]",item_xiranite_enr_powder,1
transfer/95.png,"[154,202,983,291]",item_xiranite_poly,1
transfer/95.png,"[154,202,983,291]",item_xiranite_powder,1
transfer/96.png,"[154,202,983,291]",item_bottled_grass2spc_2,1
transfer/96.png,"[154,202,983,291]",item_bottled_insec1_2,1
transfer/96.png,"[154,202,983,291]",item_copper_enr_cmpt,1
transfer/96.png,"[154,202,983,291]",item_crystal_powder,1
transfer/96.png,"[154,202,983,291]",item_drop_hscrane_1,1
transfer/96.png,"[154,202,983,291]",item_drop_hsmino_1,1
transfer/96.png,"[154,202,983,291]",item_drop_wgshoal_1,1
transfer/96.png,"[154,202,983,291]",item_drop_wgthorns_1,1
transfer/96.png,"[154,202,983,291]",item_equip_script_3,1
transfer/96.png,"[154,202,983,291]",item_equip_script_4_2,1
transfer/96.png,"[154,202,983,291]",item_glass_bottle,1
transfer/96.png,"[154,202,983,291]",item_glass_cmpt,1
transfer/96.png,"[154,202,983,291]",item_glass_enr_bottle,1
transfer/96.png,"[154,202,983,291]",item_glass_enr_cmpt,1
transfer/96.png,"[154,202,983,291]",item_hscrane_1_hsmob_1_grass_1_1,1
transfer/96.png,"[154,202,983,291]",item_iron_bottle,1
transfer/96.png,"[154,202,983,291]",item_iron_cmpt,1
transfer/96.png,"[154,202,983,291]",item_iron_enr,1
transfer/96.png,"[154,202,983,291]",item_iron_enr_bottle,1
transfer/96.png,"[154,202,983,291]",item_iron_enr_cmpt,1
transfer/96.png,"[154,202,983,291]",item_iron_enr_powder,1
transfer/96.png,"[154,202,983,291]",item_iron_nugget,1
transfer/96.png,"[154,202,983,291]",item_iron_powder,1
transfer/96.png,"[154,202,983,291]",item_plant_bbflower_powder_1,1
transfer/96.png,"[154,202,983,291]",item_plant_crylplant_2_1,1
transfer/96.png,"[154,202,983,291]",item_plant_moss_powder_3,1
transfer/96.png,"[154,202,983,291]",item_plant_mushroom_2_1,1
transfer/96.png,"[154,202,983,291]",item_plant_spcstone_2_2,1
transfer/96.png,"[154,202,983,291]",item_port_power_diffuser_1,1
transfer/96.png,"[154,202,983,291]",item_port_power_diffuser_2,1
transfer/96.png,"[154,202,983,291]",item_port_power_pole_2,1
transfer/96.png,"[154,202,983,291]",item_port_power_pole_3,1
transfer/96.png,"[154,202,983,291]",item_port_power_sta_1,1
transfer/96.png,"[154,202,983,291]",item_port_travel_pole_2,1
transfer/96.png,"[154,202,983,291]",item_proc_battery_3,1
transfer/96.png,"[154,202,983,291]",item_proc_battery_4,1
transfer/96.png,"[154,202,983,291]",item_proc_battery_5,1
transfer/96.png,"[154,202,983,291]",item_proc_bomb_1,1
transfer/96.png,"[154,202,983,291]",item_quartz_enr,1
transfer/96.png,"[154,202,983,291]",item_quartz_enr_powder,1
transfer/96.png,"[154,202,983,291]",item_quartz_glass,1
transfer/96.png,"[154,202,983,291]",item_quartz_powder,1
transfer/96.png,"[154,202,983,291]",item_spaceship_cmpt_1,1
transfer/96.png,"[154,202,983,291]",item_spaceship_cmpt_2,1
transfer/96.png,"[154,202,983,291]",item_xiranite_enr_powder,1
transfer/96.png,"[154,202,983,291]",item_xiranite_powder,1
transfer/97.png,"[154,202,983,291]",item_bottled_grass2spc_2,1
transfer/97.png,"[154,202,983,291]",item_bottled_insec1_2,1
transfer/97.png,"[154,202,983,291]",item_bottled_rec_hp_5,1
transfer/97.png,"[154,202,983,291]",item_device_balloon_recycle_3,1
transfer/97.png,"[154,202,983,291]",item_device_xiranite_nexus_3,1
transfer/97.png,"[154,202,983,291]",item_drop_klbuds_1,1
transfer/97.png,"[154,202,983,291]",item_drop_klcreatures_1,1
transfer/97.png,"[154,202,983,291]",item_equip_script_4_2,1
transfer/97.png,"[154,202,983,291]",item_equip_script_4_3,1
transfer/97.png,"[154,202,983,291]",item_fbottle_iron_water,3
transfer/97.png,"[154,202,983,291]",item_hscrane_1_hsmob_1_grass_1_1,1
transfer/97.png,"[154,202,983,291]",item_iron_bottle,1
transfer/97.png,"[154,202,983,291]",item_plant_crylplant_1_1,1
transfer/97.png,"[154,202,983,291]",item_plant_crylplant_1_2,1
transfer/97.png,"[154,202,983,291]",item_plant_crylplant_1_3,1
transfer/97.png,"[154,202,983,291]",item_plant_crylplant_2_1,1
transfer/97.png,"[154,202,983,291]",item_plant_crylplant_2_2,1
transfer/97.png,"[154,202,983,291]",item_plant_crylplant_2_3,1
transfer/97.png,"[154,202,983,291]",item_plant_mushroom_1_1,1
transfer/97.png,"[154,202,983,291]",item_plant_mushroom_1_2,1
transfer/97.png,"[154,202,983,291]",item_plant_mushroom_1_3,1
transfer/97.png,"[154,202,983,291]",item_plant_mushroom_2_1,1
transfer/97.png,"[154,202,983,291]",item_plant_mushroom_2_2,1
transfer/97.png,"[154,202,983,291]",item_plant_mushroom_2_3,1
transfer/97.png,"[154,202,983,291]",item_plant_spcstone_1_1,1
transfer/97.png,"[154,202,983,291]",item_plant_spcstone_1_2,1
transfer/97.png,"[154,202,983,291]",item_plant_spcstone_1_3,1
transfer/97.png,"[154,202,983,291]",item_plant_spcstone_2_1,1
transfer/97.png,"[154,202,983,291]",item_plant_spcstone_2_2,1
transfer/97.png,"[154,202,983,291]",item_plant_spcstone_2_3,1
transfer/97.png,"[154,202,983,291]",item_port_power_diffuser_1,1
transfer/97.png,"[154,202,983,291]",item_port_power_diffuser_2,1
transfer/97.png,"[154,202,983,291]",item_port_power_pole_2,1
transfer/97.png,"[154,202,983,291]",item_port_power_pole_3,1
transfer/97.png,"[154,202,983,291]",item_port_travel_pole_2,1
transfer/97.png,"[154,202,983,291]",item_proc_bomb_1,1
transfer/98.png,"[154,202,983,291]",item_bottled_grass2spc_2,1
transfer/98.png,"[154,202,983,291]",item_bottled_insec1_2,1
transfer/98.png,"[154,202,983,291]",item_copper_enr_cmpt,1
transfer/98.png,"[154,202,983,291]",item_crystal_powder,1
transfer/98.png,"[154,202,983,291]",item_drop_hscrane_1,1
transfer/98.png,"[154,202,983,291]",item_drop_hsmino_1,1
transfer/98.png,"[154,202,983,291]",item_drop_wgshoal_1,1
transfer/98.png,"[154,202,983,291]",item_drop_wgthorns_1,1
transfer/98.png,"[154,202,983,291]",item_equip_script_3,1
transfer/98.png,"[154,202,983,291]",item_equip_script_4_2,1
transfer/98.png,"[154,202,983,291]",item_glass_bottle,1
transfer/98.png,"[154,202,983,291]",item_glass_cmpt,1
transfer/98.png,"[154,202,983,291]",item_glass_enr_bottle,1
transfer/98.png,"[154,202,983,291]",item_glass_enr_cmpt,1
transfer/98.png,"[154,202,983,291]",item_hscrane_1_hsmob_1_grass_1_1,1
transfer/98.png,"[154,202,983,291]",item_iron_bottle,1
transfer/98.png,"[154,202,983,291]",item_iron_cmpt,1
transfer/98.png,"[154,202,983,291]",item_iron_enr,1
transfer/98.png,"[154,202,983,291]",item_iron_enr_bottle,1
transfer/98.png,"[154,202,983,291]",item_iron_enr_cmpt,1
transfer/98.png,"[154,202,983,291]",item_iron_enr_powder,1
transfer/98.png,"[154,202,983,291]",item_iron_nugget,1
transfer/98.png,"[154,202,983,291]",item_iron_powder,1
transfer/98.png,"[154,202,983,291]",item_plant_bbflower_powder_1,1
transfer/98.png,"[154,202,983,291]",item_plant_crylplant_2_1,1
transfer/98.png,"[154,202,983,291]",item_plant_moss_powder_3,1
transfer/98.png,"[154,202,983,291]",item_plant_mushroom_2_1,1
transfer/98.png,"[154,202,983,291]",item_plant_spcstone_2_2,1
transfer/98.png,"[154,202,983,291]",item_port_power_diffuser_1,1
transfer/98.png,"[154,202,983,291]",item_port_power_diffuser_2,1
transfer/98.png,"[154,202,983,291]",item_port_power_pole_2,1
transfer/98.png,"[154,202,983,291]",item_port_power_pole_3,1
transfer/98.png,"[154,202,983,291]",item_port_power_sta_1,1
transfer/98.png,"[154,202,983,291]",item_port_travel_pole_2,1
transfer/98.png,"[154,202,983,291]",item_proc_battery_3,1
transfer/98.png,"[154,202,983,291]",item_proc_battery_4,1
transfer/98.png,"[154,202,983,291]",item_proc_battery_5,1
transfer/98.png,"[154,202,983,291]",item_proc_bomb_1,1
transfer/98.png,"[154,202,983,291]",item_quartz_enr,1
transfer/98.png,"[154,202,983,291]",item_quartz_enr_powder,1
transfer/98.png,"[154,202,983,291]",item_quartz_glass,1
transfer/98.png,"[154,202,983,291]",item_quartz_powder,1
transfer/98.png,"[154,202,983,291]",item_spaceship_cmpt_1,1
transfer/98.png,"[154,202,983,291]",item_spaceship_cmpt_2,1
transfer/98.png,"[154,202,983,291]",item_xiranite_enr_powder,1
transfer/98.png,"[154,202,983,291]",item_xiranite_powder,1
transfer/99.png,"[154,202,983,291]",item_bottled_grass2spc_2,1
transfer/99.png,"[154,202,983,291]",item_bottled_insec1_2,1
transfer/99.png,"[154,202,983,291]",item_bottled_rec_hp_5,1
transfer/99.png,"[154,202,983,291]",item_device_balloon_recycle_3,1
transfer/99.png,"[154,202,983,291]",item_device_xiranite_nexus_3,1
transfer/99.png,"[154,202,983,291]",item_drop_klbuds_1,1
transfer/99.png,"[154,202,983,291]",item_drop_klcreatures_1,1
transfer/99.png,"[154,202,983,291]",item_equip_script_4_2,1
transfer/99.png,"[154,202,983,291]",item_equip_script_4_3,1
transfer/99.png,"[154,202,983,291]",item_fbottle_iron_water,3
transfer/99.png,"[154,202,983,291]",item_hscrane_1_hsmob_1_grass_1_1,1
transfer/99.png,"[154,202,983,291]",item_iron_bottle,1
transfer/99.png,"[154,202,983,291]",item_plant_crylplant_1_1,1
transfer/99.png,"[154,202,983,291]",item_plant_crylplant_1_2,1
transfer/99.png,"[154,202,983,291]",item_plant_crylplant_1_3,1
transfer/99.png,"[154,202,983,291]",item_plant_crylplant_2_1,1
transfer/99.png,"[154,202,983,291]",item_plant_crylplant_2_2,1
transfer/99.png,"[154,202,983,291]",item_plant_crylplant_2_3,1
transfer/99.png,"[154,202,983,291]",item_plant_mushroom_1_1,1
transfer/99.png,"[154,202,983,291]",item_plant_mushroom_1_2,1
transfer/99.png,"[154,202,983,291]",item_plant_mushroom_1_3,1
transfer/99.png,"[154,202,983,291]",item_plant_mushroom_2_1,1
transfer/99.png,"[154,202,983,291]",item_plant_mushroom_2_2,1
transfer/99.png,"[154,202,983,291]",item_plant_mushroom_2_3,1
transfer/99.png,"[154,202,983,291]",item_plant_spcstone_1_1,1
transfer/99.png,"[154,202,983,291]",item_plant_spcstone_1_2,1
transfer/99.png,"[154,202,983,291]",item_plant_spcstone_1_3,1
transfer/99.png,"[154,202,983,291]",item_plant_spcstone_2_1,1
transfer/99.png,"[154,202,983,291]",item_plant_spcstone_2_2,1
transfer/99.png,"[154,202,983,291]",item_plant_spcstone_2_3,1
transfer/99.png,"[154,202,983,291]",item_port_power_diffuser_1,1
transfer/99.png,"[154,202,983,291]",item_port_power_diffuser_2,1
transfer/99.png,"[154,202,983,291]",item_port_power_pole_2,1
transfer/99.png,"[154,202,983,291]",item_port_power_pole_3,1
transfer/99.png,"[154,202,983,291]",item_port_travel_pole_2,1
transfer/99.png,"[154,202,983,291]",item_proc_bomb_1,1
valuables/1.png,"[24,76,950,570]",ap_supply_lt_abs1,1
valuables/1.png,"[24,76,950,570]",ap_supply_lt_n,2
valuables/1.png,"[24,76,950,570]",item_ap_feed_in,1
valuables/1.png,"[24,76,950,570]",item_ap_supply_springfes_1,1
valuables/1.png,"[24,76,950,570]",item_ap_supply_springfes_2,1
valuables/1.png,"[24,76,950,570]",item_ap_supply_springfes_3,1
valuables/1.png,"[24,76,950,570]",item_ap_supply_universe,1
valuables/1.png,"[24,76,950,570]",item_ap_take_out,1
valuables/1.png,"[24,76,950,570]",item_birthday_ap_supply_2026,1
valuables/1.png,"[24,76,950,570]",item_bp_double_reward,1
valuables/1.png,"[24,76,950,570]",item_case_wpn_selfselect_gacha_beginner,1
valuables/1.png,"[24,76,950,570]",item_char_ap_supply_aglina,1
valuables/1.png,"[24,76,950,570]",item_char_ap_supply_camille,1
valuables/1.png,"[24,76,950,570]",item_char_ap_supply_laevat,1
valuables/1.png,"[24,76,950,570]",item_char_ap_supply_liino,1
valuables/1.png,"[24,76,950,570]",item_char_ap_supply_lizhiyan,1
valuables/1.png,"[24,76,950,570]",item_char_ap_supply_mifu,1
valuables/1.png,"[24,76,950,570]",item_char_ap_supply_tangtang,1
valuables/1.png,"[24,76,950,570]",item_char_ap_supply_wulfa,1
valuables/1.png,"[24,76,950,570]",item_char_ap_supply_yvonne,1
valuables/1.png,"[24,76,950,570]",item_char_ap_supply_zhuangfy,1
valuables/1.png,"[24,76,950,570]",item_gem_stable_energy_point_tundra,1
valuables/1.png,"[24,76,950,570]",item_gemcustomization_tundra_4,1
valuables/1.png,"[24,76,950,570]",item_springbox_01,1
valuables/1.png,"[24,76,950,570]",item_springbox_02,1
valuables/1.png,"[24,76,950,570]",item_tundra_detector_coin_3,1
valuables/1.png,"[24,76,950,570]",item_tundra_detector_trchest_3,1
valuables/1.png,"[24,76,950,570]",item_weekraid_collection_4_1_d,1
valuables/1.png,"[24,76,950,570]",item_weekraid_collection_4_3_d,1
valuables/1.png,"[24,76,950,570]",item_weekraid_collection_5_1_d,1
valuables/1.png,"[24,76,950,570]",item_weekraid_collection_5_3_d,1
valuables/1.png,"[24,76,950,570]",item_weekraid_collection_5_5_d,1
valuables/1.png,"[24,76,950,570]",item_weekraid_collection_6_1_d,1
valuables/1.png,"[24,76,950,570]",item_weekraid_collection_6_3_d,1
valuables/1.png,"[24,76,950,570]",item_weekraid_collection_6_5_d,1
valuables/10.png,"[24,76,950,570]",,0
valuables/11.png,"[24,76,950,570]",,0
valuables/12.png,"[24,76,950,570]",wpn_claym_0004,1
valuables/12.png,"[24,76,950,570]",wpn_claym_0006,1
valuables/12.png,"[24,76,950,570]",wpn_claym_0008,1
valuables/12.png,"[24,76,950,570]",wpn_claym_0012,7
valuables/12.png,"[24,76,950,570]",wpn_claym_0013,1
valuables/12.png,"[24,76,950,570]",wpn_claym_0014,1
valuables/12.png,"[24,76,950,570]",wpn_claym_0015,4
valuables/12.png,"[24,76,950,570]",wpn_funnel_0004,1
valuables/12.png,"[24,76,950,570]",wpn_funnel_0005,1
valuables/12.png,"[24,76,950,570]",wpn_funnel_0006,1
valuables/12.png,"[24,76,950,570]",wpn_funnel_0007,1
valuables/12.png,"[24,76,950,570]",wpn_funnel_0008,1
valuables/12.png,"[24,76,950,570]",wpn_funnel_0009,1
valuables/12.png,"[24,76,950,570]",wpn_funnel_0011,1
valuables/12.png,"[24,76,950,570]",wpn_funnel_0016,1
valuables/12.png,"[24,76,950,570]",wpn_lance_0010,1
valuables/12.png,"[24,76,950,570]",wpn_lance_0011,1
valuables/12.png,"[24,76,950,570]",wpn_lance_0013,1
valuables/12.png,"[24,76,950,570]",wpn_pistol_0004,1
valuables/12.png,"[24,76,950,570]",wpn_pistol_0010,1
valuables/12.png,"[24,76,950,570]",wpn_sword_0006,1
valuables/12.png,"[24,76,950,570]",wpn_sword_0011,1
valuables/12.png,"[24,76,950,570]",wpn_sword_0012,1
valuables/12.png,"[24,76,950,570]",wpn_sword_0013,1
valuables/12.png,"[24,76,950,570]",wpn_sword_0014,1
valuables/12.png,"[24,76,950,570]",wpn_sword_0021,1
valuables/12.png,"[24,76,950,570]",wpn_sword_0026,1
valuables/13.png,"[24,76,950,570]",wpn_claym_0004,1
valuables/13.png,"[24,76,950,570]",wpn_claym_0006,1
valuables/13.png,"[24,76,950,570]",wpn_claym_0008,1
valuables/13.png,"[24,76,950,570]",wpn_claym_0012,7
valuables/13.png,"[24,76,950,570]",wpn_claym_0013,1
valuables/13.png,"[24,76,950,570]",wpn_claym_0014,3
valuables/13.png,"[24,76,950,570]",wpn_claym_0015,4
valuables/13.png,"[24,76,950,570]",wpn_funnel_0004,1
valuables/13.png,"[24,76,950,570]",wpn_funnel_0005,1
valuables/13.png,"[24,76,950,570]",wpn_funnel_0006,1
valuables/13.png,"[24,76,950,570]",wpn_funnel_0007,1
valuables/13.png,"[24,76,950,570]",wpn_funnel_0008,1
valuables/13.png,"[24,76,950,570]",wpn_funnel_0009,1
valuables/13.png,"[24,76,950,570]",wpn_funnel_0011,1
valuables/13.png,"[24,76,950,570]",wpn_funnel_0016,1
valuables/13.png,"[24,76,950,570]",wpn_lance_0010,1
valuables/13.png,"[24,76,950,570]",wpn_lance_0011,1
valuables/13.png,"[24,76,950,570]",wpn_lance_0013,1
valuables/13.png,"[24,76,950,570]",wpn_pistol_0004,5
valuables/13.png,"[24,76,950,570]",wpn_pistol_0010,1
valuables/13.png,"[24,76,950,570]",wpn_pistol_0012,3
valuables/13.png,"[24,76,950,570]",wpn_sword_0006,1
valuables/13.png,"[24,76,950,570]",wpn_sword_0011,1
valuables/13.png,"[24,76,950,570]",wpn_sword_0012,1
valuables/13.png,"[24,76,950,570]",wpn_sword_0013,1
valuables/13.png,"[24,76,950,570]",wpn_sword_0014,1
valuables/13.png,"[24,76,950,570]",wpn_sword_0021,1
valuables/13.png,"[24,76,950,570]",wpn_sword_0026,1
valuables/14.png,"[24,76,950,570]",wpn_claym_0004,1
valuables/14.png,"[24,76,950,570]",wpn_claym_0006,1
valuables/14.png,"[24,76,950,570]",wpn_claym_0008,1
valuables/14.png,"[24,76,950,570]",wpn_claym_0012,7
valuables/14.png,"[24,76,950,570]",wpn_claym_0013,1
valuables/14.png,"[24,76,950,570]",wpn_claym_0014,3
valuables/14.png,"[24,76,950,570]",wpn_claym_0015,4
valuables/14.png,"[24,76,950,570]",wpn_funnel_0004,1
valuables/14.png,"[24,76,950,570]",wpn_funnel_0005,1
valuables/14.png,"[24,76,950,570]",wpn_funnel_0006,1
valuables/14.png,"[24,76,950,570]",wpn_funnel_0007,1
valuables/14.png,"[24,76,950,570]",wpn_funnel_0008,1
valuables/14.png,"[24,76,950,570]",wpn_funnel_0009,1
valuables/14.png,"[24,76,950,570]",wpn_funnel_0011,1
valuables/14.png,"[24,76,950,570]",wpn_funnel_0016,1
valuables/14.png,"[24,76,950,570]",wpn_lance_0010,1
valuables/14.png,"[24,76,950,570]",wpn_lance_0011,1
valuables/14.png,"[24,76,950,570]",wpn_lance_0013,1
valuables/14.png,"[24,76,950,570]",wpn_pistol_0004,5
valuables/14.png,"[24,76,950,570]",wpn_pistol_0010,1
valuables/14.png,"[24,76,950,570]",wpn_pistol_0012,3
valuables/14.png,"[24,76,950,570]",wpn_sword_0006,1
valuables/14.png,"[24,76,950,570]",wpn_sword_0011,1
valuables/14.png,"[24,76,950,570]",wpn_sword_0012,1
valuables/14.png,"[24,76,950,570]",wpn_sword_0013,1
valuables/14.png,"[24,76,950,570]",wpn_sword_0014,1
valuables/14.png,"[24,76,950,570]",wpn_sword_0021,1
valuables/14.png,"[24,76,950,570]",wpn_sword_0026,1
valuables/15.png,"[24,76,950,570]",ap_supply_lt_abs1,1
valuables/15.png,"[24,76,950,570]",ap_supply_lt_n,2
valuables/15.png,"[24,76,950,570]",item_ap_feed_in,1
valuables/15.png,"[24,76,950,570]",item_ap_supply_springfes_1,1
valuables/15.png,"[24,76,950,570]",item_ap_supply_springfes_2,1
valuables/15.png,"[24,76,950,570]",item_ap_supply_springfes_3,1
valuables/15.png,"[24,76,950,570]",item_ap_supply_universe,1
valuables/15.png,"[24,76,950,570]",item_ap_take_out,1
valuables/15.png,"[24,76,950,570]",item_birthday_ap_supply_2026,1
valuables/15.png,"[24,76,950,570]",item_bp_double_reward,1
valuables/15.png,"[24,76,950,570]",item_case_bp_selfselect_skillsp_1,1
valuables/15.png,"[24,76,950,570]",item_case_wpn_selfselect_bp_1,1
valuables/15.png,"[24,76,950,570]",item_case_wpn_selfselect_bp_3,1
valuables/15.png,"[24,76,950,570]",item_case_wpn_selfselect_bp_4,1
valuables/15.png,"[24,76,950,570]",item_case_wpn_selfselect_bp_5,1
valuables/15.png,"[24,76,950,570]",item_case_wpn_selfselect_gacha_beginner,1
valuables/15.png,"[24,76,950,570]",item_char_ap_supply_aglina,1
valuables/15.png,"[24,76,950,570]",item_char_ap_supply_camille,1
valuables/15.png,"[24,76,950,570]",item_char_ap_supply_laevat,1
valuables/15.png,"[24,76,950,570]",item_char_ap_supply_liino,1
valuables/15.png,"[24,76,950,570]",item_char_ap_supply_lizhiyan,1
valuables/15.png,"[24,76,950,570]",item_char_ap_supply_mifu,1
valuables/15.png,"[24,76,950,570]",item_char_ap_supply_tangtang,1
valuables/15.png,"[24,76,950,570]",item_char_ap_supply_wulfa,1
valuables/15.png,"[24,76,950,570]",item_char_ap_supply_yvonne,1
valuables/15.png,"[24,76,950,570]",item_char_ap_supply_zhuangfy,1
valuables/15.png,"[24,76,950,570]",item_gacha_introletter_1_0_1,1
valuables/15.png,"[24,76,950,570]",item_gachabyproducts_charticket,1
valuables/15.png,"[24,76,950,570]",item_gachabyproducts_weaponticket,1
valuables/15.png,"[24,76,950,570]",item_gem_stable_energy_point_tundra,1
valuables/15.png,"[24,76,950,570]",item_gemcustomization_tundra_4,1
valuables/15.png,"[24,76,950,570]",item_springbox_01,1
valuables/15.png,"[24,76,950,570]",item_springbox_02,1
valuables/15.png,"[24,76,950,570]",item_tundra_detector_coin_3,1
valuables/15.png,"[24,76,950,570]",item_tundra_detector_trchest_3,1
valuables/15.png,"[24,76,950,570]",item_weekraid_collection_4_1_d,1
valuables/15.png,"[24,76,950,570]",item_weekraid_collection_4_3_d,1
valuables/15.png,"[24,76,950,570]",item_weekraid_collection_5_1_d,1
valuables/15.png,"[24,76,950,570]",item_weekraid_collection_5_3_d,1
valuables/15.png,"[24,76,950,570]",item_weekraid_collection_5_5_d,1
valuables/15.png,"[24,76,950,570]",item_weekraid_collection_6_1_d,1
valuables/15.png,"[24,76,950,570]",item_weekraid_collection_6_3_d,1
valuables/15.png,"[24,76,950,570]",item_weekraid_collection_6_5_d,1
valuables/16.png,"[24,76,950,570]",item_ap_supply_springfes_1,1
valuables/16.png,"[24,76,950,570]",item_ap_supply_springfes_2,1
valuables/16.png,"[24,76,950,570]",item_ap_supply_springfes_3,1
valuables/16.png,"[24,76,950,570]",item_bp_double_reward,1
valuables/16.png,"[24,76,950,570]",item_char_ap_supply_aglina,1
valuables/16.png,"[24,76,950,570]",item_char_ap_supply_laevat,1
valuables/16.png,"[24,76,950,570]",item_char_ap_supply_yvonne,1
valuables/16.png,"[24,76,950,570]",item_gem_stable_energy_point_tundra,1
valuables/16.png,"[24,76,950,570]",item_gift_jinlong_3,1
valuables/16.png,"[24,76,950,570]",item_gift_jinlong_4,1
valuables/16.png,"[24,76,950,570]",item_gift_jinlong_5,1
valuables/16.png,"[24,76,950,570]",item_gift_jinlong_7,1
valuables/16.png,"[24,76,950,570]",item_tundra_detector_coin_3,1
valuables/16.png,"[24,76,950,570]",item_tundra_detector_trchest_3,1
valuables/16.png,"[24,76,950,570]",item_weekraid_collection_1_1_d,1
valuables/16.png,"[24,76,950,570]",item_weekraid_collection_1_11_d,1
valuables/16.png,"[24,76,950,570]",item_weekraid_collection_1_3_d,1
valuables/16.png,"[24,76,950,570]",item_weekraid_collection_1_5_d,1
valuables/16.png,"[24,76,950,570]",item_weekraid_collection_1_7_d,1
valuables/16.png,"[24,76,950,570]",item_weekraid_collection_1_9_d,1
valuables/16.png,"[24,76,950,570]",item_weekraid_collection_2_1_d,1
valuables/16.png,"[24,76,950,570]",item_weekraid_collection_2_3_d,1
valuables/16.png,"[24,76,950,570]",item_weekraid_collection_2_5_d,1
valuables/16.png,"[24,76,950,570]",item_weekraid_collection_3_1_d,1
valuables/16.png,"[24,76,950,570]",item_weekraid_collection_3_3_d,1
valuables/16.png,"[24,76,950,570]",item_weekraid_collection_4_1_d,1
valuables/16.png,"[24,76,950,570]",item_weekraid_collection_4_3_d,1
valuables/16.png,"[24,76,950,570]",item_weekraid_collection_5_1_d,1
valuables/16.png,"[24,76,950,570]",item_weekraid_collection_5_3_d,1
valuables/16.png,"[24,76,950,570]",item_weekraid_collection_5_5_d,1
valuables/16.png,"[24,76,950,570]",item_weekraid_collection_6_1_d,1
valuables/16.png,"[24,76,950,570]",item_weekraid_collection_6_3_d,1
valuables/16.png,"[24,76,950,570]",item_weekraid_collection_6_5_d,1
valuables/16.png,"[24,76,950,570]",item_weekraid_enemy_drop_1_d,1
valuables/16.png,"[24,76,950,570]",item_weekraid_enemy_drop_11_d,1
valuables/16.png,"[24,76,950,570]",item_weekraid_enemy_drop_3_d,1
valuables/16.png,"[24,76,950,570]",item_weekraid_enemy_drop_5_d,1
valuables/16.png,"[24,76,950,570]",item_weekraid_enemy_drop_7_d,1
valuables/16.png,"[24,76,950,570]",item_weekraid_enemy_drop_9_d,1
valuables/16.png,"[24,76,950,570]",item_weekraid_key_4_d,1
valuables/16.png,"[24,76,950,570]",item_weekraid_key_5_d,1
valuables/16.png,"[24,76,950,570]",item_weekraid_key_6_d,1
valuables/16.png,"[24,76,950,570]",item_weekraid_key_7_d,1
valuables/16.png,"[24,76,950,570]",item_weekraid_key_8_d,1
valuables/16.png,"[24,76,950,570]",item_weekraid_key_9_d,1
valuables/17.png,"[24,76,950,570]",item_gift_jinlong_1,1
valuables/17.png,"[24,76,950,570]",item_gift_jinlong_2,1
valuables/17.png,"[24,76,950,570]",item_gift_jinlong_3,1
valuables/17.png,"[24,76,950,570]",item_gift_jinlong_4,1
valuables/17.png,"[24,76,950,570]",item_gift_jinlong_5,1
valuables/17.png,"[24,76,950,570]",item_gift_jinlong_6,1
valuables/17.png,"[24,76,950,570]",item_gift_jinlong_7,1
valuables/17.png,"[24,76,950,570]",item_gift_tundra_1,1
valuables/17.png,"[24,76,950,570]",item_gift_tundra_2,1
valuables/17.png,"[24,76,950,570]",item_gift_tundra_3,1
valuables/17.png,"[24,76,950,570]",item_gift_tundra_4,1
valuables/17.png,"[24,76,950,570]",item_gift_tundra_5,1
valuables/17.png,"[24,76,950,570]",item_gift_tundra_6,1
valuables/17.png,"[24,76,950,570]",item_gift_tundra_7,1
valuables/17.png,"[24,76,950,570]",item_spaceship_exhibits_jinlong_2,1
valuables/17.png,"[24,76,950,570]",item_spaceship_exhibits_shanshantu,1
valuables/17.png,"[24,76,950,570]",item_spaceship_exhibits_tundra_1,1
valuables/17.png,"[24,76,950,570]",item_spaceship_exhibits_tundra_2,1
valuables/17.png,"[24,76,950,570]",item_spaceship_exhibits_tundra_3,1
valuables/17.png,"[24,76,950,570]",item_spaceship_exhibits_tundra_4,1
valuables/17.png,"[24,76,950,570]",item_spaceship_exhibits_universe,1
valuables/17.png,"[24,76,950,570]",item_weekraid_collection_1_1_d,1
valuables/17.png,"[24,76,950,570]",item_weekraid_collection_1_11_d,1
valuables/17.png,"[24,76,950,570]",item_weekraid_collection_1_3_d,1
valuables/17.png,"[24,76,950,570]",item_weekraid_collection_1_5_d,1
valuables/17.png,"[24,76,950,570]",item_weekraid_collection_1_7_d,1
valuables/17.png,"[24,76,950,570]",item_weekraid_collection_1_9_d,1
valuables/17.png,"[24,76,950,570]",item_weekraid_collection_2_1_d,1
valuables/17.png,"[24,76,950,570]",item_weekraid_collection_2_3_d,1
valuables/17.png,"[24,76,950,570]",item_weekraid_collection_2_5_d,1
valuables/17.png,"[24,76,950,570]",item_weekraid_collection_3_1_d,1
valuables/17.png,"[24,76,950,570]",item_weekraid_collection_3_3_d,1
valuables/17.png,"[24,76,950,570]",item_weekraid_enemy_drop_1_d,1
valuables/17.png,"[24,76,950,570]",item_weekraid_enemy_drop_11_d,1
valuables/17.png,"[24,76,950,570]",item_weekraid_enemy_drop_3_d,1
valuables/17.png,"[24,76,950,570]",item_weekraid_enemy_drop_5_d,1
valuables/17.png,"[24,76,950,570]",item_weekraid_enemy_drop_7_d,1
valuables/17.png,"[24,76,950,570]",item_weekraid_enemy_drop_9_d,1
valuables/17.png,"[24,76,950,570]",item_weekraid_key_4_d,1
valuables/17.png,"[24,76,950,570]",item_weekraid_key_5_d,1
valuables/17.png,"[24,76,950,570]",item_weekraid_key_6_d,1
valuables/17.png,"[24,76,950,570]",item_weekraid_key_7_d,1
valuables/17.png,"[24,76,950,570]",item_weekraid_key_8_d,1
valuables/17.png,"[24,76,950,570]",item_weekraid_key_9_d,1
valuables/18.png,"[24,76,950,570]",,0
valuables/19.png,"[24,76,950,570]",item_char_break_stage_1_2,1
valuables/19.png,"[24,76,950,570]",item_char_break_stage_3_4,1
valuables/19.png,"[24,76,950,570]",item_char_skill_crown,1
valuables/19.png,"[24,76,950,570]",item_char_skill_level_1_6,1
valuables/19.png,"[24,76,950,570]",item_char_skill_level_7_12,1
valuables/19.png,"[24,76,950,570]",item_char_skill_specialize_2,1
valuables/19.png,"[24,76,950,570]",item_char_skill_specialize_3,1
valuables/19.png,"[24,76,950,570]",item_char_skill_specialize_5,1
valuables/19.png,"[24,76,950,570]",item_equip_enhance_wuling,1
valuables/19.png,"[24,76,950,570]",item_expcard_stage1_high,1
valuables/19.png,"[24,76,950,570]",item_expcard_stage1_low,1
valuables/19.png,"[24,76,950,570]",item_expcard_stage1_mid,1
valuables/19.png,"[24,76,950,570]",item_expcard_stage2_high,1
valuables/19.png,"[24,76,950,570]",item_expcard_stage2_low,1
valuables/19.png,"[24,76,950,570]",item_plant_crylplant_seed_1_1,1
valuables/19.png,"[24,76,950,570]",item_plant_crylplant_seed_1_2,1
valuables/19.png,"[24,76,950,570]",item_plant_crylplant_seed_1_3,1
valuables/19.png,"[24,76,950,570]",item_plant_crylplant_seed_2_1,1
valuables/19.png,"[24,76,950,570]",item_plant_crylplant_seed_2_2,1
valuables/19.png,"[24,76,950,570]",item_plant_crylplant_seed_2_3,1
valuables/19.png,"[24,76,950,570]",item_plant_mushroom_seed_1_1,1
valuables/19.png,"[24,76,950,570]",item_plant_mushroom_seed_1_2,1
valuables/19.png,"[24,76,950,570]",item_plant_mushroom_seed_1_3,1
valuables/19.png,"[24,76,950,570]",item_plant_mushroom_seed_2_1,1
valuables/19.png,"[24,76,950,570]",item_plant_mushroom_seed_2_2,1
valuables/19.png,"[24,76,950,570]",item_plant_mushroom_seed_2_3,1
valuables/19.png,"[24,76,950,570]",item_plant_spcstone_seed_1_1,1
valuables/19.png,"[24,76,950,570]",item_plant_spcstone_seed_1_2,1
valuables/19.png,"[24,76,950,570]",item_plant_spcstone_seed_1_3,1
valuables/19.png,"[24,76,950,570]",item_plant_spcstone_seed_2_1,1
valuables/19.png,"[24,76,950,570]",item_plant_spcstone_seed_2_2,1
valuables/19.png,"[24,76,950,570]",item_plant_spcstone_seed_2_3,1
valuables/19.png,"[24,76,950,570]",item_weapon_break_high,1
valuables/19.png,"[24,76,950,570]",item_weapon_break_low,1
valuables/19.png,"[24,76,950,570]",item_weapon_expcard_high,1
valuables/19.png,"[24,76,950,570]",item_weapon_expcard_low,1
valuables/19.png,"[24,76,950,570]",item_weapon_expcard_mid,1
valuables/19.png,"[24,76,950,570]",item_wpngem_enhance_dust,1
valuables/19.png,"[24,76,950,570]",item_wpnpotentialup_bp,1
valuables/2.png,"[24,76,950,570]",item_ap_supply_springfes_1,1
valuables/2.png,"[24,76,950,570]",item_ap_supply_springfes_2,1
valuables/2.png,"[24,76,950,570]",item_ap_supply_springfes_3,1
valuables/2.png,"[24,76,950,570]",item_ap_supply_universe,1
valuables/2.png,"[24,76,950,570]",item_birthday_ap_supply_2026,1
valuables/2.png,"[24,76,950,570]",item_bp_double_reward,1
valuables/2.png,"[24,76,950,570]",item_char_ap_supply_aglina,1
valuables/2.png,"[24,76,950,570]",item_char_ap_supply_camille,1
valuables/2.png,"[24,76,950,570]",item_char_ap_supply_laevat,1
valuables/2.png,"[24,76,950,570]",item_char_ap_supply_liino,1
valuables/2.png,"[24,76,950,570]",item_char_ap_supply_lizhiyan,1
valuables/2.png,"[24,76,950,570]",item_char_ap_supply_mifu,1
valuables/2.png,"[24,76,950,570]",item_char_ap_supply_tangtang,1
valuables/2.png,"[24,76,950,570]",item_char_ap_supply_wulfa,1
valuables/2.png,"[24,76,950,570]",item_char_ap_supply_yvonne,1
valuables/2.png,"[24,76,950,570]",item_char_ap_supply_zhuangfy,1
valuables/2.png,"[24,76,950,570]",item_gem_stable_energy_point_tundra,1
valuables/2.png,"[24,76,950,570]",item_tundra_detector_coin_3,1
valuables/2.png,"[24,76,950,570]",item_tundra_detector_trchest_3,1
valuables/2.png,"[24,76,950,570]",item_weekraid_collection_1_1_d,1
valuables/2.png,"[24,76,950,570]",item_weekraid_collection_1_11_d,1
valuables/2.png,"[24,76,950,570]",item_weekraid_collection_1_3_d,1
valuables/2.png,"[24,76,950,570]",item_weekraid_collection_1_5_d,1
valuables/2.png,"[24,76,950,570]",item_weekraid_collection_1_7_d,1
valuables/2.png,"[24,76,950,570]",item_weekraid_collection_1_9_d,1
valuables/2.png,"[24,76,950,570]",item_weekraid_collection_2_1_d,1
valuables/2.png,"[24,76,950,570]",item_weekraid_collection_2_3_d,1
valuables/2.png,"[24,76,950,570]",item_weekraid_collection_2_5_d,1
valuables/2.png,"[24,76,950,570]",item_weekraid_collection_3_1_d,1
valuables/2.png,"[24,76,950,570]",item_weekraid_collection_3_3_d,1
valuables/2.png,"[24,76,950,570]",item_weekraid_collection_4_1_d,1
valuables/2.png,"[24,76,950,570]",item_weekraid_collection_4_3_d,1
valuables/2.png,"[24,76,950,570]",item_weekraid_collection_5_1_d,1
valuables/2.png,"[24,76,950,570]",item_weekraid_collection_5_3_d,1
valuables/2.png,"[24,76,950,570]",item_weekraid_collection_5_5_d,1
valuables/2.png,"[24,76,950,570]",item_weekraid_collection_6_1_d,1
valuables/2.png,"[24,76,950,570]",item_weekraid_collection_6_3_d,1
valuables/2.png,"[24,76,950,570]",item_weekraid_collection_6_5_d,1
valuables/2.png,"[24,76,950,570]",item_weekraid_enemy_drop_11_d,1
valuables/2.png,"[24,76,950,570]",item_weekraid_enemy_drop_7_d,1
valuables/2.png,"[24,76,950,570]",item_weekraid_enemy_drop_9_d,1
valuables/2.png,"[24,76,950,570]",item_weekraid_key_6_d,1
valuables/2.png,"[24,76,950,570]",item_weekraid_key_7_d,1
valuables/2.png,"[24,76,950,570]",item_weekraid_key_8_d,1
valuables/2.png,"[24,76,950,570]",item_weekraid_key_9_d,1
valuables/20.png,"[24,76,950,570]",,0
valuables/21.png,"[24,76,950,570]",,0
valuables/22.png,"[24,76,950,570]",,0
valuables/23.png,"[24,76,950,570]",,0
valuables/24.png,"[24,76,950,570]",,0
valuables/25.png,"[24,76,950,570]",,0
valuables/26.png,"[24,76,950,570]",wpn_claym_0004,1
valuables/26.png,"[24,76,950,570]",wpn_claym_0006,1
valuables/26.png,"[24,76,950,570]",wpn_claym_0007,1
valuables/26.png,"[24,76,950,570]",wpn_claym_0008,1
valuables/26.png,"[24,76,950,570]",wpn_claym_0012,7
valuables/26.png,"[24,76,950,570]",wpn_claym_0013,1
valuables/26.png,"[24,76,950,570]",wpn_claym_0014,1
valuables/26.png,"[24,76,950,570]",wpn_claym_0015,4
valuables/26.png,"[24,76,950,570]",wpn_claym_0017,1
valuables/26.png,"[24,76,950,570]",wpn_funnel_0004,1
valuables/26.png,"[24,76,950,570]",wpn_funnel_0005,1
valuables/26.png,"[24,76,950,570]",wpn_funnel_0006,1
valuables/26.png,"[24,76,950,570]",wpn_funnel_0007,1
valuables/26.png,"[24,76,950,570]",wpn_funnel_0008,1
valuables/26.png,"[24,76,950,570]",wpn_funnel_0009,1
valuables/26.png,"[24,76,950,570]",wpn_funnel_0010,1
valuables/26.png,"[24,76,950,570]",wpn_funnel_0011,1
valuables/26.png,"[24,76,950,570]",wpn_funnel_0013,1
valuables/26.png,"[24,76,950,570]",wpn_funnel_0015,1
valuables/26.png,"[24,76,950,570]",wpn_funnel_0016,1
valuables/26.png,"[24,76,950,570]",wpn_lance_0010,1
valuables/26.png,"[24,76,950,570]",wpn_lance_0011,1
valuables/26.png,"[24,76,950,570]",wpn_lance_0013,1
valuables/26.png,"[24,76,950,570]",wpn_lance_0015,1
valuables/26.png,"[24,76,950,570]",wpn_pistol_0004,1
valuables/26.png,"[24,76,950,570]",wpn_pistol_0009,1
valuables/26.png,"[24,76,950,570]",wpn_pistol_0010,1
valuables/26.png,"[24,76,950,570]",wpn_pistol_0011,1
valuables/26.png,"[24,76,950,570]",wpn_sword_0006,1
valuables/26.png,"[24,76,950,570]",wpn_sword_0011,1
valuables/26.png,"[24,76,950,570]",wpn_sword_0012,1
valuables/26.png,"[24,76,950,570]",wpn_sword_0013,1
valuables/26.png,"[24,76,950,570]",wpn_sword_0014,1
valuables/26.png,"[24,76,950,570]",wpn_sword_0021,1
valuables/26.png,"[24,76,950,570]",wpn_sword_0022,1
valuables/26.png,"[24,76,950,570]",wpn_sword_0026,1
valuables/27.png,"[24,76,950,570]",wpn_claym_0004,1
valuables/27.png,"[24,76,950,570]",wpn_claym_0006,1
valuables/27.png,"[24,76,950,570]",wpn_claym_0008,1
valuables/27.png,"[24,76,950,570]",wpn_claym_0012,7
valuables/27.png,"[24,76,950,570]",wpn_claym_0013,1
valuables/27.png,"[24,76,950,570]",wpn_claym_0014,3
valuables/27.png,"[24,76,950,570]",wpn_claym_0015,4
valuables/27.png,"[24,76,950,570]",wpn_funnel_0004,1
valuables/27.png,"[24,76,950,570]",wpn_funnel_0005,1
valuables/27.png,"[24,76,950,570]",wpn_funnel_0006,1
valuables/27.png,"[24,76,950,570]",wpn_funnel_0007,1
valuables/27.png,"[24,76,950,570]",wpn_funnel_0008,1
valuables/27.png,"[24,76,950,570]",wpn_funnel_0009,1
valuables/27.png,"[24,76,950,570]",wpn_funnel_0011,1
valuables/27.png,"[24,76,950,570]",wpn_funnel_0016,1
valuables/27.png,"[24,76,950,570]",wpn_lance_0010,1
valuables/27.png,"[24,76,950,570]",wpn_lance_0011,1
valuables/27.png,"[24,76,950,570]",wpn_lance_0013,1
valuables/27.png,"[24,76,950,570]",wpn_pistol_0004,5
valuables/27.png,"[24,76,950,570]",wpn_pistol_0010,1
valuables/27.png,"[24,76,950,570]",wpn_pistol_0012,3
valuables/27.png,"[24,76,950,570]",wpn_sword_0006,1
valuables/27.png,"[24,76,950,570]",wpn_sword_0011,1
valuables/27.png,"[24,76,950,570]",wpn_sword_0012,1
valuables/27.png,"[24,76,950,570]",wpn_sword_0013,1
valuables/27.png,"[24,76,950,570]",wpn_sword_0014,1
valuables/27.png,"[24,76,950,570]",wpn_sword_0021,1
valuables/27.png,"[24,76,950,570]",wpn_sword_0026,1
valuables/28.png,"[24,76,950,570]",wpn_claym_0004,1
valuables/28.png,"[24,76,950,570]",wpn_claym_0006,1
valuables/28.png,"[24,76,950,570]",wpn_claym_0008,1
valuables/28.png,"[24,76,950,570]",wpn_claym_0012,7
valuables/28.png,"[24,76,950,570]",wpn_claym_0013,1
valuables/28.png,"[24,76,950,570]",wpn_claym_0014,3
valuables/28.png,"[24,76,950,570]",wpn_claym_0015,4
valuables/28.png,"[24,76,950,570]",wpn_funnel_0004,1
valuables/28.png,"[24,76,950,570]",wpn_funnel_0005,1
valuables/28.png,"[24,76,950,570]",wpn_funnel_0006,1
valuables/28.png,"[24,76,950,570]",wpn_funnel_0007,1
valuables/28.png,"[24,76,950,570]",wpn_funnel_0008,1
valuables/28.png,"[24,76,950,570]",wpn_funnel_0009,1
valuables/28.png,"[24,76,950,570]",wpn_funnel_0011,1
valuables/28.png,"[24,76,950,570]",wpn_funnel_0016,1
valuables/28.png,"[24,76,950,570]",wpn_lance_0010,1
valuables/28.png,"[24,76,950,570]",wpn_lance_0011,1
valuables/28.png,"[24,76,950,570]",wpn_lance_0013,1
valuables/28.png,"[24,76,950,570]",wpn_pistol_0004,5
valuables/28.png,"[24,76,950,570]",wpn_pistol_0010,1
valuables/28.png,"[24,76,950,570]",wpn_pistol_0012,3
valuables/28.png,"[24,76,950,570]",wpn_sword_0006,1
valuables/28.png,"[24,76,950,570]",wpn_sword_0011,1
valuables/28.png,"[24,76,950,570]",wpn_sword_0012,1
valuables/28.png,"[24,76,950,570]",wpn_sword_0013,1
valuables/28.png,"[24,76,950,570]",wpn_sword_0014,1
valuables/28.png,"[24,76,950,570]",wpn_sword_0021,1
valuables/28.png,"[24,76,950,570]",wpn_sword_0026,1
valuables/3.png,"[24,76,950,570]",item_ap_supply_springfes_1,1
valuables/3.png,"[24,76,950,570]",item_ap_supply_springfes_2,1
valuables/3.png,"[24,76,950,570]",item_ap_supply_springfes_3,1
valuables/3.png,"[24,76,950,570]",item_ap_supply_universe,1
valuables/3.png,"[24,76,950,570]",item_birthday_ap_supply_2026,1
valuables/3.png,"[24,76,950,570]",item_bp_double_reward,1
valuables/3.png,"[24,76,950,570]",item_char_ap_supply_aglina,1
valuables/3.png,"[24,76,950,570]",item_char_ap_supply_camille,1
valuables/3.png,"[24,76,950,570]",item_char_ap_supply_laevat,1
valuables/3.png,"[24,76,950,570]",item_char_ap_supply_liino,1
valuables/3.png,"[24,76,950,570]",item_char_ap_supply_lizhiyan,1
valuables/3.png,"[24,76,950,570]",item_char_ap_supply_mifu,1
valuables/3.png,"[24,76,950,570]",item_char_ap_supply_tangtang,1
valuables/3.png,"[24,76,950,570]",item_char_ap_supply_wulfa,1
valuables/3.png,"[24,76,950,570]",item_char_ap_supply_yvonne,1
valuables/3.png,"[24,76,950,570]",item_char_ap_supply_zhuangfy,1
valuables/3.png,"[24,76,950,570]",item_gem_stable_energy_point_tundra,1
valuables/3.png,"[24,76,950,570]",item_tundra_detector_coin_3,1
valuables/3.png,"[24,76,950,570]",item_tundra_detector_trchest_3,1
valuables/3.png,"[24,76,950,570]",item_weekraid_collection_1_1_d,1
valuables/3.png,"[24,76,950,570]",item_weekraid_collection_1_11_d,1
valuables/3.png,"[24,76,950,570]",item_weekraid_collection_1_3_d,1
valuables/3.png,"[24,76,950,570]",item_weekraid_collection_1_5_d,1
valuables/3.png,"[24,76,950,570]",item_weekraid_collection_1_7_d,1
valuables/3.png,"[24,76,950,570]",item_weekraid_collection_1_9_d,1
valuables/3.png,"[24,76,950,570]",item_weekraid_collection_2_1_d,1
valuables/3.png,"[24,76,950,570]",item_weekraid_collection_2_3_d,1
valuables/3.png,"[24,76,950,570]",item_weekraid_collection_2_5_d,1
valuables/3.png,"[24,76,950,570]",item_weekraid_collection_3_1_d,1
valuables/3.png,"[24,76,950,570]",item_weekraid_collection_3_3_d,1
valuables/3.png,"[24,76,950,570]",item_weekraid_collection_4_1_d,1
valuables/3.png,"[24,76,950,570]",item_weekraid_collection_4_3_d,1
valuables/3.png,"[24,76,950,570]",item_weekraid_collection_5_1_d,1
valuables/3.png,"[24,76,950,570]",item_weekraid_collection_5_3_d,1
valuables/3.png,"[24,76,950,570]",item_weekraid_collection_5_5_d,1
valuables/3.png,"[24,76,950,570]",item_weekraid_collection_6_1_d,1
valuables/3.png,"[24,76,950,570]",item_weekraid_collection_6_3_d,1
valuables/3.png,"[24,76,950,570]",item_weekraid_collection_6_5_d,1
valuables/3.png,"[24,76,950,570]",item_weekraid_enemy_drop_11_d,1
valuables/3.png,"[24,76,950,570]",item_weekraid_enemy_drop_7_d,1
valuables/3.png,"[24,76,950,570]",item_weekraid_enemy_drop_9_d,1
valuables/3.png,"[24,76,950,570]",item_weekraid_key_6_d,1
valuables/3.png,"[24,76,950,570]",item_weekraid_key_7_d,1
valuables/3.png,"[24,76,950,570]",item_weekraid_key_8_d,1
valuables/3.png,"[24,76,950,570]",item_weekraid_key_9_d,1
valuables/4.png,"[24,76,950,570]",,0
valuables/5.png,"[24,76,950,570]",item_char_break_stage_1_2,1
valuables/5.png,"[24,76,950,570]",item_char_break_stage_3_4,1
valuables/5.png,"[24,76,950,570]",item_char_skill_crown,1
valuables/5.png,"[24,76,950,570]",item_char_skill_level_1_6,1
valuables/5.png,"[24,76,950,570]",item_char_skill_level_7_12,1
valuables/5.png,"[24,76,950,570]",item_char_skill_specialize_2,1
valuables/5.png,"[24,76,950,570]",item_char_skill_specialize_3,1
valuables/5.png,"[24,76,950,570]",item_char_skill_specialize_5,1
valuables/5.png,"[24,76,950,570]",item_equip_enhance_wuling,1
valuables/5.png,"[24,76,950,570]",item_expcard_stage1_high,1
valuables/5.png,"[24,76,950,570]",item_expcard_stage1_low,1
valuables/5.png,"[24,76,950,570]",item_expcard_stage1_mid,1
valuables/5.png,"[24,76,950,570]",item_expcard_stage2_high,1
valuables/5.png,"[24,76,950,570]",item_expcard_stage2_low,1
valuables/5.png,"[24,76,950,570]",item_plant_crylplant_seed_1_1,1
valuables/5.png,"[24,76,950,570]",item_plant_crylplant_seed_1_2,1
valuables/5.png,"[24,76,950,570]",item_plant_crylplant_seed_1_3,1
valuables/5.png,"[24,76,950,570]",item_plant_crylplant_seed_2_1,1
valuables/5.png,"[24,76,950,570]",item_plant_crylplant_seed_2_2,1
valuables/5.png,"[24,76,950,570]",item_plant_crylplant_seed_2_3,1
valuables/5.png,"[24,76,950,570]",item_plant_mushroom_seed_1_1,1
valuables/5.png,"[24,76,950,570]",item_plant_mushroom_seed_1_2,1
valuables/5.png,"[24,76,950,570]",item_plant_mushroom_seed_1_3,1
valuables/5.png,"[24,76,950,570]",item_plant_mushroom_seed_2_1,1
valuables/5.png,"[24,76,950,570]",item_plant_mushroom_seed_2_2,1
valuables/5.png,"[24,76,950,570]",item_plant_mushroom_seed_2_3,1
valuables/5.png,"[24,76,950,570]",item_plant_spcstone_seed_1_1,1
valuables/5.png,"[24,76,950,570]",item_plant_spcstone_seed_1_2,1
valuables/5.png,"[24,76,950,570]",item_plant_spcstone_seed_1_3,1
valuables/5.png,"[24,76,950,570]",item_plant_spcstone_seed_2_1,1
valuables/5.png,"[24,76,950,570]",item_plant_spcstone_seed_2_2,1
valuables/5.png,"[24,76,950,570]",item_plant_spcstone_seed_2_3,1
valuables/5.png,"[24,76,950,570]",item_weapon_break_high,1
valuables/5.png,"[24,76,950,570]",item_weapon_break_low,1
valuables/5.png,"[24,76,950,570]",item_weapon_expcard_high,1
valuables/5.png,"[24,76,950,570]",item_weapon_expcard_low,1
valuables/5.png,"[24,76,950,570]",item_weapon_expcard_mid,1
valuables/5.png,"[24,76,950,570]",item_wpngem_enhance_dust,1
valuables/5.png,"[24,76,950,570]",item_wpnpotentialup_bp,1
valuables/6.png,"[24,76,950,570]",,0
valuables/7.png,"[24,76,950,570]",,0
valuables/8.png,"[24,76,950,570]",,0
valuables/9.png,"[24,76,950,570]",,0
